{
"type": "FeatureCollection",
"name": "approximate_projects",
"crs": { "type": "name", "properties": { "name": "urn:ogc:def:crs:OGC:1.3:CRS84" } },
"features": [
{ "type": "Feature", "properties": { "project_name": "Prequel Park (Port sub-area)", "site": "Potrero Power Station", "status": "planned", "use": "park", "geometry_type": "approximate", "digitized_from": "Draft EIR Figure 2-2, \"Project Site Sub-Areas and Ownership\" (Potrero Power Station Mixed-Use Development Project Draft EIR, Case No. 2017-011878ENV, October 2018, p. 2-6), which shows the Port-owned \"Port sub-area\" (SF Port ownership, ~2.9 acres total in 3 non-contiguous pieces) at true scale with a north arrow and a 400-ft scale bar.", "digitization_method": "Georeferenced by matching one high-confidence real-world corner (the Illinois St / 22nd St property corner, matched to this project's own fetched data.raw/parcels.geojson block 4175 boundary vertex at lon -122.387166171, lat 37.757917868) plus the figure's printed scale bar, assuming north-up with no rotation. CORRECTED 2026-09-13: the original scale-bar reading (400 ft measured at 516 px = 0.7752 ft/px) placed this polygon's centroid essentially on top of the real Sophie Maxwell Building address on Maryland St -- geographically implausible for a bay-side open space parcel, and flagged as wrong by direct user review. Re-derived the scale independently via OpenStreetMap Overpass API ground truth (real distance 934.7 ft between the 22nd St/Illinois St and 23rd St/Illinois St intersections, measured at 733 px between the same two intersections in the source figure) = 1.2752 ft/px, ~1.64x the original reading. CLIPPED TO REAL SHORELINE 2026-09-13: the rescaled convex-hull trace was a 6.4-acre pointed/diamond shape that visibly didn't follow the real waterfront's curve (flagged by the user) and overshot the EIR's stated ~1.6 acres for this piece by 4x -- a size error the rescale introduced and this project failed to re-check at the time. Clipped the traced polygon against the real Port jurisdiction boundary (data/raw/port_jurisdiction.geojson, via src/block_fit.py's clip_to_jurisdiction()), which traces the actual property/water line -- the same real-boundary-fitting approach block_fit.py already applies to streets, applied here to the shoreline. DE-SPIKED 2026-09-13: the raw clip left a ~90m thin spike where the hand-traced land-side edge grazed a real kink in the jurisdiction boundary at a shallow angle -- confirmed against real satellite imagery (ESRI World Imagery) that no real point of land exists there, just a straight riprap shoreline. Rather than hand-edit that one vertex, generalized clip_to_jurisdiction() itself to apply a morphological opening (erode 10m, dilate 10m back, in EPSG:3857) after the intersection, which erases any sliver narrower than ~20m while leaving the real boundary-following edge untouched -- a fix to the shared tool, not a one-off patch, so any future shoreline clip gets the same spike protection. Final shape simplified (tolerance 0.00003 deg) to 10 vertices, 1.56 acres -- within a few percent of the EIR's ~1.6 acres.", "accuracy_caveat": "APPROXIMATE ONLY -- digitized from an illustrative planning figure, not a surveyed record, then clipped to the real Port jurisdiction boundary on its water-facing side and opened to remove a spike artifact (see digitization_method). The corrected centroid falls east of the real Sophie Maxwell and UCSF Block 2 parcels, consistent with a bay-side location, and area now closely matches the EIR's stated ~1.6 acres for this piece. Treat vertex positions as accurate to roughly tens of meters on the land-facing sides (still convex-hull-smoothed over the true shape there), but the water-facing edge is now a real boundary, not hand-traced. Do not use for anything requiring exact boundaries.", "why_no_real_parcel": "This land has no Assessor's Block/Lot number at all -- confirmed directly in the same Draft EIR, footnote 1, p. 2-5: \"The Port sub-area, and City sub-area described below, are not assessed properties, and therefore do not have assigned Assessor's Block numbers.\" It therefore cannot appear in DataSF's Parcels - Active and Retired dataset and cannot be joined via status.csv/blklot.", "regulatory_context": "Prequel Park is the ~2-acre interim open-space project (BCDC Application 2019.006.02, a non-material amendment issued June 19, 2025; SF Port Commission Resolution 25-70, Nov 18, 2025, amending Lease L-16662 with California Barrel Company LLC) of which ~0.4 acres sits on this Port sub-area land near the future recreational dock. Construction targeted Q3 2026, public opening targeted Q3 2027 per the Port's Nov 14 2025 memo (Calendar Item 10A).", "notes": "Approximate polygon representing the Port-owned bay-side open-space parcel (not the precise ~0.4-acre interim-improvement footprint within it, which would require a second, compounding approximation from the Port's own non-scaled Exhibit 1 rendering).", "images": [ { "path": "data/manual/images/prequel_park_exhibit2.jpg", "credit": "Exhibit 2 (sunset view), SF Port Commission memo (Calendar Item 10A, Nov 14 2025) -- official public record" }, { "path": "data/manual/images/prequel_park_aerial.jpg", "credit": "Exhibit 2 (aerial/city-context view), SF Port Commission memo (Calendar Item 10A, Nov 14 2025) -- official public record" } ], "source_doc_urls": [ "https://www.sfport.com/sites/default/files/2025-11/111825_10a_potrero_power_station_lease_amendment_0.pdf" ], "street_clip_exempt": null, "p_number": null }, "geometry": { "type": "Polygon", "coordinates": [ [ [ -122.381293605410377, 37.755874498074277 ], [ -122.38107489194185, 37.755829272542137 ], [ -122.381032004863556, 37.755742620223714 ], [ -122.380770057952816, 37.755558491767971 ], [ -122.380721516574525, 37.755375934109914 ], [ -122.380770486486, 37.755230983791087 ], [ -122.381343042596626, 37.755076906885726 ], [ -122.381449756122038, 37.755108573906831 ], [ -122.381373446644531, 37.75581188341765 ], [ -122.381293605410377, 37.755874498074277 ] ] ] } },
{ "type": "Feature", "properties": { "project_name": "Prequel Park (Power Station sub-area)", "site": "Potrero Power Station", "status": "under_construction", "use": "park", "geometry_type": "approximate", "digitized_from": "Potrero Power Station Design for Development, Figure 6.2.3 (shoreline shown as 'Waterfront Park'); SF Port Commission Nov 2025 memo and Spring 2026 development-forecast listing for 'Potrero Power Station - Prequel Park' (2-acre interim waterfront park).", "digitization_method": "NEWLY ADDED 2026-09-16 -- user pointed out that the already-tracked 'Prequel Park (Port sub-area)' polygon (0.4 acres, near the pier's point/breakwater) should connect to Blocks 4 and 9 and to Humboldt Street Plaza, and should not overlap Block 9. That file's own regulatory_context already noted it covers only ~0.4 of a ~2-acre 'Prequel Park' interim open-space project (SF Port Commission Resolution 25-70, Nov 18 2025, amending Lease L-16662) -- the other ~1.6 acres sits on Potrero Power Station's own land (not Port jurisdiction), which had never been separately tracked. A construction-pipeline document (Spring 2026 dev forecast) independently describes this same project as a '2-acre Waterfront Park', strongly suggesting this Power-Station-land portion is the same physical shoreline corridor already traced (less precisely, and for a different purpose) as this dataset's separate 'Waterfront Park' feature (a D4D-diagram-labeled, long-term planning feature, sourced and georeferenced completely differently). Built this connector polygon by combining two already-validated sources rather than re-tracing from scratch: (1) the WEST/inner edge uses Block 4, Humboldt Street Plaza, and Block 9's own already-committed corners directly, so it shares an exact boundary with all three and cannot overlap Block 9 by construction; (2) the EAST/shoreline edge reuses Waterfront Park's own previously satellite-color-validated outer-shoreline trace (see that file's digitization_method for how it was built) between Block 4's latitude and Prequel Park (Port sub-area)'s own northernmost point, where the two pieces meet and touch -- except for a ~20m notch in that trace (its own vertices between the point at lon -122.38137/lat 37.75663 and the point at lon -122.38137/lat 37.75629) that pre-dated Block 9's GDAL/TPS correction and dipped into Block 9's real footprint; dropped those points since the west-edge chain now defines that boundary directly.", "accuracy_caveat": "APPROXIMATE -- this polygon combines two different sourcing methods (see digitization_method) and has not been independently re-verified as a whole against satellite imagery. Its west edge is exact (shared vertices with Block 4/Humboldt Street Plaza/Block 9). Its east/shoreline edge inherits whatever accuracy Waterfront Park's own trace has -- treat it as a reasonable but not freshly-verified approximation of the real shoreline. This is the 'Power Station sub-area' complement to 'Prequel Park (Port sub-area)' -- together they approximate the full ~2-acre interim park project, though the true internal boundary between Port and Power-Station land has not been independently confirmed.", "why_no_real_parcel": "Open space with no subdivided Assessor parcel of its own within the largely unaddressed former power-station site.", "regulatory_context": "The Potrero Power Station-land portion of the ~2-acre Prequel Park interim open-space project (see 'Prequel Park (Port sub-area)' for the Port-jurisdiction portion and its own sourcing). Construction per the Spring 2026 SF development-pipeline forecast (developer: FIFTH SPACE); scope includes demolition/site clearing, earthwork and grading, underground utilities, stormwater treatment, and landscaping.", "notes": "Newly added 2026-09-16 to complement 'Prequel Park (Port sub-area)' -- see accuracy_caveat.", "images": [ ], "source_doc_urls": [ ], "street_clip_exempt": null, "p_number": null }, "geometry": { "type": "Polygon", "coordinates": [ [ [ -122.381644, 37.75778 ], [ -122.381684, 37.757713 ], [ -122.381644, 37.757645 ], [ -122.381542, 37.757577 ], [ -122.381432, 37.757509 ], [ -122.381432, 37.757441 ], [ -122.381443, 37.757373 ], [ -122.381486, 37.757305 ], [ -122.381486, 37.757238 ], [ -122.381454, 37.75717 ], [ -122.381406, 37.757102 ], [ -122.3814, 37.757034 ], [ -122.381395, 37.756966 ], [ -122.381395, 37.756898 ], [ -122.381371, 37.75683 ], [ -122.381371, 37.756763 ], [ -122.381365, 37.756695 ], [ -122.381368, 37.756627 ], [ -122.381365, 37.756287 ], [ -122.381365, 37.75622 ], [ -122.381349, 37.756152 ], [ -122.381349, 37.756084 ], [ -122.381344, 37.756016 ], [ -122.381328, 37.755948 ], [ -122.381296, 37.75588 ], [ -122.381373, 37.755812 ], [ -122.38158, 37.756088 ], [ -122.381603, 37.756325 ], [ -122.381576, 37.756326 ], [ -122.381616, 37.756749 ], [ -122.381723, 37.756744 ], [ -122.381751, 37.757038 ], [ -122.381801, 37.757235 ], [ -122.38185, 37.757771 ], [ -122.381644, 37.75778 ] ] ] } },
{ "type": "Feature", "properties": { "project_name": "Pier 70 Building 21 (Substation No. 5, relocated)", "site": "Pier 70", "status": "existing", "use": "mixed", "geometry_type": "real", "digitized_from": "DataSF Building Footprints dataset (real, surveyed building outlines; not tied to an Assessor parcel), cross-confirmed against ESRI World Imagery satellite tiles. SUPERSEDED 2026-09-17 a long chain of diagram/prose-based approximations (kept below for history) -- see digitization_method. Originally three converging real-world sources: (1) 2011 Port RFI \"Pier 70 Preferred Master Plan\" map (sfport.com/sites/default/files/FileCenter/Documents/939-Pier70_RFI_3-2-11_web.pdf, p.7/11), a scaled map with real street labels (Illinois St, 20th St) showing Building 21 immediately adjacent to Building 12 near the historic core, annotated \"BUILDING 21 PROPOSED TO BE RELOCATED\"; (2) Aug 3 2017 Port Commission memo (sfport.com/sites/default/files/Commission/Item%2011A%20Pier%2070%20Final.pdf, Exhibit F p.68): \"Building 21 (Substation No. 5)... would be relocated approximately 75 feet to the southeast, and in its new location it would front Slipways Commons... sits directly next to the proposed new waterfront arts facility\"; (3) D4D Figure 3.6.1 \"Illustrative Slipways Commons Plan\" (p.56/PDF p.72), a scaled plan with a real 0-50-100ft bar and \"MARYLAND ST\" label, captioned \"the historic node of Buildings 2, 12, and 21.\"", "digitization_method": "REFIT 2026-09-13 with src/block_fit.py, on top of two prior corrections. (1) THIS PROJECT'S OWN real Building 12 anchor was wrong: status.csv had Building 12 joined to blklot 4045017 (700 Illinois St), an unrelated residential condo building over 500m from the real Building 12 -- corrected to 1070 Maryland St, blklot 4114010; see status.csv. (2) After correcting the anchor, this polygon (and Elevation Sky Park) was placed as a hand-computed offset rectangle, and a user screenshot showed it still crossing a real street -- the hand-computed street setbacks were not reliable. Replaced with a repeatable tool instead of a third hand computation: src/fetch_streets.py fetches real OSM street centerlines for the whole project area once (cached to data/raw/streets.geojson), and src/block_fit.py polygonizes them (plus the Port jurisdiction boundary, for shoreline-bounded blocks) into real block polygons, then fits a box of the requested size inside the correct one -- checked programmatically against every nearby street, not eyeballed. This building's real block (Maryland/21st/22nd St, the same one Elevation Sky Park occupies) is a real, well-formed small block, so block_fit.py fit it at its full documented 101ft x 75ft size, no shrinking needed, in the southern part of that block (nearer Building 12/22nd St); Elevation Sky Park occupies the rest of the same block to its north/east. ROTATED 2026-09-13: block_fit.py's earlier version always produced a true-north-aligned box, which looked visibly wrong once rendered -- this area's real street grid (Maryland/Louisiana/Delaware St etc.) is rotated relative to true north, and an axis-aligned box in a rotated block wastes space and doesn't match its neighbors' orientation. fit_box now rotates the box to match the bearing of the nearest real street segment before fitting/shrinking it. OVERLAP NOTE 2026-09-14 (project-wide overlap audit, SUPERSEDED 2026-09-16, see below): Fully overlapped Pier 70 Parcel E2 at the time -- expected given this marker's own low-confidence, directional-only placement; not clipped, since doing so would erase the marker entirely rather than usefully correct it. RE-TRACED 2026-09-16 (Pier 70 deep pass, after applying Potrero's GCP-validation lessons to Pier 70's own transform): rather than continue relying on block_fit.py's street-polygon-fit approach (which only guarantees this box sits somewhere inside the right real block, not at a source-verified position), went back to the same source diagram used for this site's numbered parcels -- Figure 6.4.2 (Building Height Maximum), which shows Building 21 directly as one of its labeled gray 'Historic Buildings' boxes -- and pixel-traced its box directly (programmatic pixel-color sampling to find the box's true edges, at x=1551-1651, y=833-909 in the 2376x1836px source image, after an initial visual estimate proved off by ~55-60px on a badly-scaled crop). Converted via this site's validated 6-point affine transform (the same one used for Parcels A-H, residual error 1-8m against 5 real street intersections plus Building 12's real Assessor centroid) -- NOT block_fit.py's separate street-polygonize method. Cross-checked the transform itself against Building 12's real centroid (blklot 4114010) before trusting this result, per the lesson learned from Potrero's mis-measured-GCP incident: the transform reproduces Building 12's real-world position acceptably well, so it is not grossly miscalibrated. RESULT (2026-09-16, later superseded -- see below): this diagram-derived position was initially found to overlap Pier 70 Parcel E1 by 429.8 m2. FALSE ALARM, RESOLVED 2026-09-16 (Pier 70 systematic feature-by-feature pass, later same day): a user-flagged visual check found E1's own traced shape was badly wrong (a misshapen quadrilateral that cut through this very '21' box and the open space beyond it, rather than the real L-shaped 90ft/65ft footprint shown on Figure 6.4.2). E1 was re-traced programmatically from its own two legend colors -- see pier70_e1.geojson's digitization_method -- and the overlap with this file dropped to exactly 0 m2, confirming Building 21's own position here was correct all along; the earlier overlap was entirely an artifact of E1's bad shape. Still overlapped 'Elevation Sky Park' by 275 m2 (unaffected by the E1 fix) -- see accuracy_caveat. RESOLVED 2026-09-17: that separate ESP entry was merged into Pier 70 Parcel E3's own row per an explicit user decision (see pier70_e3.geojson) and is no longer plotted as its own block, so this overlap no longer applies -- kept here for history. UPGRADED TO REAL FOOTPRINT 2026-09-17 (user request: 'building 21 can be more precise by leveraging satellite image, since it's an existing building that will remain'): rather than keep tracing/re-fitting a hand-drawn box, searched DataSF's Building Footprints dataset for real structures near this site (mblr=SF4052001 -- the same giant, largely-unsubdivided Assessor lot found to underlie much of central Pier 70, also covering Building 14; see status.csv's 4052001 row) and rendered all of them directly over ESRI World Imagery satellite tiles. That rendering showed two real, adjacent dark-roofed structures (367.8 and 367.2 sq m, combined 734.96 sq m / ~7,911 sqft) sitting almost exactly under this file's own previously-committed diagram-derived box -- a close match (within 4.4%) to the previously-cited 101ft x 75ft (~703.7 sq m) footprint size. A third, larger nearby footprint (1,879.7 sq m) that a pure diagram-position guess had initially favored turned out, on the satellite image, to actually be a paved section of Maryland St itself (a street mistakenly captured as a 'building' in the source dataset) -- not a structure at all; ruled out once seen against real imagery, exactly the kind of error satellite cross-checking is meant to catch. A small adjacent 49 sq m footprint sits ~9m south of the two main pieces (not touching) -- possibly a small appendage or a separate utility structure; not confirmed, so not included. Replaced the hand-traced diagram box with the union of the two matched real footprints (MultiPolygon, since DataSF's extraction has them as two separate touching-but-unmerged pieces). Checked for overlap against E1, E3, E4, Parcel D, Building 2, and Building 12's real parcel -- zero overlap with all of them at this corrected, smaller, more precisely-positioned footprint.", "accuracy_caveat": "REAL, surveyed building footprint (DataSF Building Footprints) as of 2026-09-17 -- high confidence in the outline itself and its match to Building 21: position matches multiple independent prose sources (adjacent to Building 12, fronting Slipways Commons) and its combined size (734.96 sq m) is within 4.4% of the previously-cited 101ft x 75ft (~703.7 sq m) documented footprint. The match rests on position, size, and satellite corroboration, not an explicit building-number tag in the footprint dataset itself (no such attribute exists there). A small 49 sq m footprint ~9m away was not included -- see digitization_method. Superseded history: STATUS CORRECTED 2026-09-13 -- this building's rehabilitation has not started as of the most recent primary sources found (see regulatory_context).", "why_no_real_parcel": "This structure has no street address in DataSF's Assessor roll and sits on the same huge, largely-unsubdivided Assessor lot (blklot 4052001) as Building 14 and other structures across central Pier 70 -- no distinct blklot exists to join for Building 21 specifically, so this feature uses the real building footprint instead, matched individually (see digitization_method).", "regulatory_context": "Building 21, originally Substation No. 5, was relocated on-site and is one of three historic structures (with Buildings 2 and 12) the Pier 70 Design for Development commits to rehabilitating per the Secretary of the Interior's Standards (Pier 70 D4D S6.6.1). CORRECTED 2026-09-13: an earlier version of this row marked it \"complete,\" inferred (not directly cited) from Building 21 being grouped in the D4D's rehabilitation commitment alongside Buildings 2 and 12. A follow-up research pass found the Port's own 28-acre site page (sfport.com/projects-programs/pier-70-28-acre-site) describes Building 21's rehabilitation as still to come -- the page shows a rendering, not a photo, captioned \"Rendering of Pier 70 Building 21,\" under a \"Rehabilitation of three historic buildings\" heading, implying a future vision rather than a completed project. This is corroborated negatively by the Port's own June 2025 project-update deck (sfport.com/sites/default/files/2025-06/Pier%2070%20Update%20-%20June%202025%20v3.pdf), which documents Building 12 and Building 15's full rehabilitation histories in detail but never mentions Building 21 having been touched. Status corrected from complete to existing (see status.csv for this value's definition) -- a standing historic structure, not yet rehabbed, with no confirmed construction timeline.", "notes": "UPGRADED 2026-09-17 to a real, surveyed building footprint (was a hand-traced diagram box) per user request -- see digitization_method. Building identity and footprint are now both well-confirmed.", "images": [ { "path": "data/manual/images/building21.jpg", "credit": "Photo Credit: Forest City / Shae Rocco, from Pier 70 Design for Development (Port of San Francisco, adopted planning document) -- captioned 'Double Gable Roof at Building 21'" }, { "path": "data/manual/images/building21_exterior.jpg", "credit": "Photo Credit: Shae Rocco / Forest City, 'Building 21 - Exterior', from Pier 70 Design for Development (Port of San Francisco, adopted planning document)" } ], "source_doc_urls": "['https://www.sfport.com/media/8123/download?inline='\n 'https://www.sfport.com/projects-programs/pier-70-28-acre-site'\n 'https://www.sfport.com/sites/default/files/2025-06/Pier%2070%20Update%20-%20June%202025%20v3.pdf']", "street_clip_exempt": null, "p_number": null }, "geometry": { "type": "MultiPolygon", "coordinates": [ [ [ [ -122.383456981, 37.759536733 ], [ -122.38347724, 37.759747283 ], [ -122.383299893, 37.759758072 ], [ -122.383299871, 37.759758027 ], [ -122.383279614, 37.75954748 ], [ -122.38345696, 37.759536688 ], [ -122.383456981, 37.759536733 ] ] ], [ [ [ -122.383278546, 37.759546037 ], [ -122.383298356, 37.759758952 ], [ -122.383123222, 37.759769263 ], [ -122.383123201, 37.759769217 ], [ -122.383103399, 37.759556303 ], [ -122.383278525, 37.759545992 ], [ -122.383278546, 37.759546037 ] ] ] ] } },
{ "type": "Feature", "properties": { "project_name": "Mission Rock Block C", "site": "Pier 50 / Mission Rock", "status": "planned", "use": "commercial", "geometry_type": "approximate", "digitized_from": "Mission Rock Design Controls (Port of San Francisco / Mission Rock Partners, adopted April 24, 2018), Figure 6.2 - Maximum Height Plan (p.151); land use from Figure 1.1 - Land Use Plan (p.10); block corners snapped to the recorded DataSF Assessor lot lines of the 2020 Seawall Lot 337 subdivision where they fall within 3 m.", "digitization_method": "Traced from the Mission Rock Design Controls' own Figure 6.2 (Maximum Height Plan, p.151) -- an adopted regulatory diagram with a printed scale bar and street grid, not an illustrative rendering. Georeferenced using 5 real street-intersection control points (3rd St x Channel St, 3rd St x Long Bridge St, 3rd St x Mission Rock St, Bridgeview Way x Mission Rock St, Terry A. Francois Blvd x Mission Rock St), fetched from OpenStreetMap via this project's own src/fetch_streets.py and matched to their pixel positions in the diagram, then fit as a least-squares affine transform (never fewer than 5 points spanning the whole site, not just 1-2 nearby anchors). Cross-validated against the diagram's own printed scale bar and against the real, independently-confirmed positions of Verde, The Canyon, Building B, and Visa HQ (Building G) -- all four fell inside their correct named blocks under this transform, which is what caught and fixed an earlier, much worse-fitting 4-point version of this same transform (a block letter read one row off, producing 75m of error) before it was used for anything. Residual error against the 5 control points is roughly 3-13m. RETRACED 2026-09-17 (brief docs/briefs/mission-rock-geometry.md; definition of done in docs/site-definition-of-done.md). (1) SOURCE. This file's source_doc_urls pointed at the March 2012 'Design + Development Revised Proposal' (90 pages, no Figure 6.2) while the text cited the Design Controls, so the original pixel measurements could not be reproduced. Redone from the adopted Mission Rock Design Controls (April 24, 2018, sfport.com), Figure 6.2 - Maximum Height Plan (p.151), rendered ONCE at 300 dpi to data/manual/_reference/mission_rock_dc_p151.png (3300x2550 px, full page). Every pixel measurement below is from that one render. (2) TRANSFORM (one for the whole figure). Since this file was first traced, the Assessor subdivided Seawall Lot 337 (recorded 2020-06-12, mapped 2021-04-13): the four Phase 1 blocks are real lots -- A/The Canyon 8719B002, G/Visa 8719A008, B 8719C003, F/Verde 8719C001 -- whose recorded areas match the plan's block areas within 3%. The figure's drawn corners of A, B, F and G (colour contours, OpenCV) were matched to those 16 real lot corners and a least-squares affine transform fitted: RMS residual 0.67 m, worst corner 1.39 m (n=16); scale 0.2570 m/px (x) and 0.2598 m/px (y), ratio 0.989; axis angle 89.88 deg, i.e. no shear. The figure's own printed 200 ft scale bar measures 239 px on the same render = 0.255 m/px, agreeing within 2%. lon = 2.9127666757282e-06*px + 2.2156884853242e-07*py + (-122.39479060102); lat = 1.6823215817497e-07*px + -2.3273617315092e-06*py + 37.77752553008. (3) VALIDATION on real lines NOT used in the fit: traced C and D west corners fall 0.2-2.4 m from the 3rd Street property line (west edge of the undivided remainder lot 8719A006); D and H south corners 0.1-1.5 m from the Mission Rock Street property line (south edge of 8719A006); J, I and H east corners 1.1-2.8 m from the Terry A Francois Boulevard property line (east edge of 8719A006 / west edge of the TAFB lot 8719A003); the traced Block K corners fall 0.7-1.3 m from the corners of the lobe of the park lot 8719A005 that K occupies. Bearing check, the shear test that Pier 70's point check missed: real 3rd St property line 355.6 deg vs figure 355.3; real TAFB property line 355.7 vs figure 356.1; DataSF Exposition Street (Toni Stone Crossing) centerline 85.7 deg vs the figure's Exposition axis 84.9 deg, with 0.2 m offset at mid-block. (4) METHOD. Each block's fill (base colour plus hatched upper-building zone) was isolated by colour saturation inside a pixel window, its outer contour extracted and simplified (approxPolyDP, 1% of perimeter), transformed, and then any vertex within 3 m of a recorded lot line of 8719A006, 8719A003, 8719A005, 8719A007, 8719A009, 8719A010, 8719C001, 8719C002, 8719C004 or 8719D001 was snapped onto that line, so street frontages and shared edges are the Assessor's lines rather than the figure's 1-3 m of contour noise. Cross-checked against an independent trace of the same block on Figure 1.1 (p.10) through its own transform fitted the same way (RMS 1.1 m). (5) CHECKER. Registered in src/verify_block_fill.py under site 'mission_rock' (pixel window and colour rule recorded there); CI prints the IoU against the figure's own fill on every run. C SPECIFICS: 4 vertices; 3 vertex(es) on lot 8719A006, 1 vertex(es) on lot 8719C004; area 39,190 sf vs 40,208 sf in the March 2012 Revised Proposal's parcel table (-2.5%); the north edge is the south lot line of Channel Street (lot 8719C004), the west edge the 3rd Street property line.", "accuracy_caveat": "APPROXIMATE (planned, unbuilt block): no Assessor lot of its own yet. It sits on lot 8719A006, the ~37,400 m2 undivided remainder of Seawall Lot 337 that also holds Blocks C, D, E, H, I, J, Mission Rock Square, Channel Lane and the unbuilt internal streets. Traced 2026-09-17 from the adopted Design Controls' Figure 6.2 through a transform with 0.7 m RMS residual on 16 real lot corners, with vertices snapped to recorded lot lines where the figure draws the block against one (see digitization_method): treat street-facing and lot-line edges as accurate to ~1 m and interior edges (against unbuilt streets and open spaces) to ~1-3 m. The block's shape is the Design Controls' block, not a building footprint; a building may sit back from these lines.", "why_no_real_parcel": "A real Assessor lot exists under this block -- 8719A006, the undivided remainder of Seawall Lot 337 recorded 2020-06-12 -- but it has not been subdivided per block, so joining status.csv to it would paint the same ~9-acre parking-lot shape for every unbuilt block. Hand-derived geometry is used instead, with the lot's own lines wherever this block touches them.", "regulatory_context": "Commercial Mixed Use only (no residential option) per the D4D's Land Use Plan (Figure 1.1) -- ground-floor retail required. Max building height 190 ft per Figure 6.2, confirmed exactly. Positioned south of Block B, fronting 3rd St to the west and the Shared Public Way (and Mission Rock Square beyond it) to the east. No construction-start source found -- still surface parking as of the most recent research pass (Sept 2026).", "notes": "Approximate polygon for a real, D4D-adopted future block -- not yet built, no distinct real parcel yet. See accuracy_caveat.", "images": [ ], "source_doc_urls": [ "https://www.sfport.com/sites/default/files/2025-07/Mission%20Rock%20Design%20Controls%204.24.18_FINAL_Reduced%20File.pdf" ], "street_clip_exempt": null, "p_number": null }, "geometry": { "type": "Polygon", "coordinates": [ [ [ -122.3889767, 37.773862 ], [ -122.3895595, 37.7738328 ], [ -122.3896209, 37.7744613 ], [ -122.3890408, 37.7745042 ], [ -122.3889767, 37.773862 ] ] ] } },
{ "type": "Feature", "properties": { "project_name": "Mission Rock Block D1", "site": "Pier 50 / Mission Rock", "status": "planned", "use": "residential", "geometry_type": "approximate", "digitized_from": "Mission Rock Design Controls (Port of San Francisco / Mission Rock Partners, adopted April 24, 2018), Figure 6.2 - Maximum Height Plan (p.151); land use from Figure 1.1 - Land Use Plan (p.10); block corners snapped to the recorded DataSF Assessor lot lines of the 2020 Seawall Lot 337 subdivision where they fall within 3 m. D1/D2 split from Figure 1.1 (p.10) and the Block D standards sheet (Appendix p.190).", "digitization_method": "Traced from the Mission Rock Design Controls' own Figure 6.2 (Maximum Height Plan, p.151) -- an adopted regulatory diagram with a printed scale bar and street grid, not an illustrative rendering. Georeferenced using 5 real street-intersection control points (3rd St x Channel St, 3rd St x Long Bridge St, 3rd St x Mission Rock St, Bridgeview Way x Mission Rock St, Terry A. Francois Blvd x Mission Rock St), fetched from OpenStreetMap via this project's own src/fetch_streets.py and matched to their pixel positions in the diagram, then fit as a least-squares affine transform (never fewer than 5 points spanning the whole site, not just 1-2 nearby anchors). Cross-validated against the diagram's own printed scale bar and against the real, independently-confirmed positions of Verde, The Canyon, Building B, and Visa HQ (Building G) -- all four fell inside their correct named blocks under this transform, which is what caught and fixed an earlier, much worse-fitting 4-point version of this same transform (a block letter read one row off, producing 75m of error) before it was used for anything. Residual error against the 5 control points is roughly 3-13m. CLIPPED 2026-09-17 (found via join_approximate.py's new MAJOR CLIP warning, added after a Pier 70 investigation prompted by the user): confirmed via direct satellite comparison that this block's SW corner sits squarely on a real, clearly-marked street crosswalk/intersection (3rd St x Mission Rock St) -- 44% of the raw trace was inside the buffered real-street layer. Clipped via shapely difference() against the real-street buffer and simplified the resulting curved corner to a clean 5-vertex shape; area dropped from ~2,640 to ~1,423 sq m. This removes roughly half the block, which is a large change -- flagged as needing a second look at the block's other 3 corners against the diagram (not done here) if area under-recovery turns out to matter for tower massing. RETRACED 2026-09-17 (brief docs/briefs/mission-rock-geometry.md; definition of done in docs/site-definition-of-done.md). (1) SOURCE. This file's source_doc_urls pointed at the March 2012 'Design + Development Revised Proposal' (90 pages, no Figure 6.2) while the text cited the Design Controls, so the original pixel measurements could not be reproduced. Redone from the adopted Mission Rock Design Controls (April 24, 2018, sfport.com), Figure 6.2 - Maximum Height Plan (p.151), rendered ONCE at 300 dpi to data/manual/_reference/mission_rock_dc_p151.png (3300x2550 px, full page). Every pixel measurement below is from that one render. (2) TRANSFORM (one for the whole figure). Since this file was first traced, the Assessor subdivided Seawall Lot 337 (recorded 2020-06-12, mapped 2021-04-13): the four Phase 1 blocks are real lots -- A/The Canyon 8719B002, G/Visa 8719A008, B 8719C003, F/Verde 8719C001 -- whose recorded areas match the plan's block areas within 3%. The figure's drawn corners of A, B, F and G (colour contours, OpenCV) were matched to those 16 real lot corners and a least-squares affine transform fitted: RMS residual 0.67 m, worst corner 1.39 m (n=16); scale 0.2570 m/px (x) and 0.2598 m/px (y), ratio 0.989; axis angle 89.88 deg, i.e. no shear. The figure's own printed 200 ft scale bar measures 239 px on the same render = 0.255 m/px, agreeing within 2%. lon = 2.9127666757282e-06*px + 2.2156884853242e-07*py + (-122.39479060102); lat = 1.6823215817497e-07*px + -2.3273617315092e-06*py + 37.77752553008. (3) VALIDATION on real lines NOT used in the fit: traced C and D west corners fall 0.2-2.4 m from the 3rd Street property line (west edge of the undivided remainder lot 8719A006); D and H south corners 0.1-1.5 m from the Mission Rock Street property line (south edge of 8719A006); J, I and H east corners 1.1-2.8 m from the Terry A Francois Boulevard property line (east edge of 8719A006 / west edge of the TAFB lot 8719A003); the traced Block K corners fall 0.7-1.3 m from the corners of the lobe of the park lot 8719A005 that K occupies. Bearing check, the shear test that Pier 70's point check missed: real 3rd St property line 355.6 deg vs figure 355.3; real TAFB property line 355.7 vs figure 356.1; DataSF Exposition Street (Toni Stone Crossing) centerline 85.7 deg vs the figure's Exposition axis 84.9 deg, with 0.2 m offset at mid-block. (4) METHOD. Each block's fill (base colour plus hatched upper-building zone) was isolated by colour saturation inside a pixel window, its outer contour extracted and simplified (approxPolyDP, 1% of perimeter), transformed, and then any vertex within 3 m of a recorded lot line of 8719A006, 8719A003, 8719A005, 8719A007, 8719A009, 8719A010, 8719C001, 8719C002, 8719C004 or 8719D001 was snapped onto that line, so street frontages and shared edges are the Assessor's lines rather than the figure's 1-3 m of contour noise. Cross-checked against an independent trace of the same block on Figure 1.1 (p.10) through its own transform fitted the same way (RMS 1.1 m). (5) CHECKER. Registered in src/verify_block_fill.py under site 'mission_rock' (pixel window and colour rule recorded there); CI prints the IoU against the figure's own fill on every run. D1 SPECIFICS: Block D was traced as one fill (5 raw vertices reduced to its 4 dominant corners; 3 corners on lot 8719A006's 3rd Street and Mission Rock Street lines; area 93,656 sf vs 97,498 sf in the 2012 parcel table, -3.9%). The D1/D2 split is read from the same Figure 6.2 render: D1 is the L-shaped residential zone drawn in Figure 1.1 (yellow) -- a 45 ft 'building wrap, all levels' strip along the whole 3rd Street frontage (the 45.00' dimension on Appendix p.190, Block D) plus the 240 ft tower zone at the 3rd St x Mission Rock St corner, whose solid outline on Figure 6.2 sits at px x=1809.5 (east edge) and px y=1883.5 (north edge) on the 300-dpi render. D1 = D within that L; area 20,480 sf, 6 vertices. Cross-check: IoU 0.70 against the yellow D1 fill traced independently on Figure 1.1 through its own transform (the 45 ft strip is only ~13 m wide, so a 1 m transform difference costs IoU quickly).", "accuracy_caveat": "APPROXIMATE (planned, unbuilt block): no Assessor lot of its own yet. It sits on lot 8719A006, the ~37,400 m2 undivided remainder of Seawall Lot 337 that also holds Blocks C, D, E, H, I, J, Mission Rock Square, Channel Lane and the unbuilt internal streets. Traced 2026-09-17 from the adopted Design Controls' Figure 6.2 through a transform with 0.7 m RMS residual on 16 real lot corners, with vertices snapped to recorded lot lines where the figure draws the block against one (see digitization_method): treat street-facing and lot-line edges as accurate to ~1 m and interior edges (against unbuilt streets and open spaces) to ~1-3 m. The block's shape is the Design Controls' block, not a building footprint; a building may sit back from these lines. The D1/D2 line is a land-use zone boundary inside one Design Controls block, not a lot line; the Appendix marks Block D's parcel dimensions as illustrative.", "why_no_real_parcel": "A real Assessor lot exists under this block -- 8719A006, the undivided remainder of Seawall Lot 337 recorded 2020-06-12 -- but it has not been subdivided per block, so joining status.csv to it would paint the same ~9-acre parking-lot shape for every unbuilt block. Hand-derived geometry is used instead, with the lot's own lines wherever this block touches them.", "regulatory_context": "Residential Mixed Use per the D4D's Land Use Plan. Max height 240 ft -- one of the three tallest towers planned for the site (tied with Blocks A and F), NOT a 'mid-rise' as sometimes described in secondary summaries. Sits at the 3rd St / Mission Rock St corner, fronting 3rd St -- 'marks the Mission Rock MUNI Metro Station along 3rd Street' per the D4D's own narrative text (Section 6.5.2). Part of the same larger Block D parcel as D2, subdivided into a residential tower (D1) and a parking structure (D2).", "notes": "Approximate polygon for a real, D4D-adopted future block -- not yet built, no distinct real parcel yet. See accuracy_caveat.", "images": [ ], "source_doc_urls": [ "https://www.sfport.com/sites/default/files/2025-07/Mission%20Rock%20Design%20Controls%204.24.18_FINAL_Reduced%20File.pdf" ], "street_clip_exempt": null, "p_number": null }, "geometry": { "type": "Polygon", "coordinates": [ [ [ -122.3894541, 37.7730317 ], [ -122.3895429, 37.7736627 ], [ -122.3893873, 37.7736715 ], [ -122.3893536, 37.7734319 ], [ -122.3891026, 37.7734464 ], [ -122.3890654, 37.7730551 ], [ -122.3894541, 37.7730317 ] ] ] } },
{ "type": "Feature", "properties": { "project_name": "Mission Rock Block D2", "site": "Pier 50 / Mission Rock", "status": "planned", "use": "parking", "geometry_type": "approximate", "digitized_from": "Mission Rock Design Controls (Port of San Francisco / Mission Rock Partners, adopted April 24, 2018), Figure 6.2 - Maximum Height Plan (p.151); land use from Figure 1.1 - Land Use Plan (p.10); block corners snapped to the recorded DataSF Assessor lot lines of the 2020 Seawall Lot 337 subdivision where they fall within 3 m. D1/D2 split from Figure 1.1 (p.10) and the Block D standards sheet (Appendix p.190).", "digitization_method": "Traced from the Mission Rock Design Controls' own Figure 6.2 (Maximum Height Plan, p.151) -- an adopted regulatory diagram with a printed scale bar and street grid, not an illustrative rendering. Georeferenced using 5 real street-intersection control points (3rd St x Channel St, 3rd St x Long Bridge St, 3rd St x Mission Rock St, Bridgeview Way x Mission Rock St, Terry A. Francois Blvd x Mission Rock St), fetched from OpenStreetMap via this project's own src/fetch_streets.py and matched to their pixel positions in the diagram, then fit as a least-squares affine transform (never fewer than 5 points spanning the whole site, not just 1-2 nearby anchors). Cross-validated against the diagram's own printed scale bar and against the real, independently-confirmed positions of Verde, The Canyon, Building B, and Visa HQ (Building G) -- all four fell inside their correct named blocks under this transform, which is what caught and fixed an earlier, much worse-fitting 4-point version of this same transform (a block letter read one row off, producing 75m of error) before it was used for anything. Residual error against the 5 control points is roughly 3-13m. RETRACED 2026-09-17 (brief docs/briefs/mission-rock-geometry.md; definition of done in docs/site-definition-of-done.md). (1) SOURCE. This file's source_doc_urls pointed at the March 2012 'Design + Development Revised Proposal' (90 pages, no Figure 6.2) while the text cited the Design Controls, so the original pixel measurements could not be reproduced. Redone from the adopted Mission Rock Design Controls (April 24, 2018, sfport.com), Figure 6.2 - Maximum Height Plan (p.151), rendered ONCE at 300 dpi to data/manual/_reference/mission_rock_dc_p151.png (3300x2550 px, full page). Every pixel measurement below is from that one render. (2) TRANSFORM (one for the whole figure). Since this file was first traced, the Assessor subdivided Seawall Lot 337 (recorded 2020-06-12, mapped 2021-04-13): the four Phase 1 blocks are real lots -- A/The Canyon 8719B002, G/Visa 8719A008, B 8719C003, F/Verde 8719C001 -- whose recorded areas match the plan's block areas within 3%. The figure's drawn corners of A, B, F and G (colour contours, OpenCV) were matched to those 16 real lot corners and a least-squares affine transform fitted: RMS residual 0.67 m, worst corner 1.39 m (n=16); scale 0.2570 m/px (x) and 0.2598 m/px (y), ratio 0.989; axis angle 89.88 deg, i.e. no shear. The figure's own printed 200 ft scale bar measures 239 px on the same render = 0.255 m/px, agreeing within 2%. lon = 2.9127666757282e-06*px + 2.2156884853242e-07*py + (-122.39479060102); lat = 1.6823215817497e-07*px + -2.3273617315092e-06*py + 37.77752553008. (3) VALIDATION on real lines NOT used in the fit: traced C and D west corners fall 0.2-2.4 m from the 3rd Street property line (west edge of the undivided remainder lot 8719A006); D and H south corners 0.1-1.5 m from the Mission Rock Street property line (south edge of 8719A006); J, I and H east corners 1.1-2.8 m from the Terry A Francois Boulevard property line (east edge of 8719A006 / west edge of the TAFB lot 8719A003); the traced Block K corners fall 0.7-1.3 m from the corners of the lobe of the park lot 8719A005 that K occupies. Bearing check, the shear test that Pier 70's point check missed: real 3rd St property line 355.6 deg vs figure 355.3; real TAFB property line 355.7 vs figure 356.1; DataSF Exposition Street (Toni Stone Crossing) centerline 85.7 deg vs the figure's Exposition axis 84.9 deg, with 0.2 m offset at mid-block. (4) METHOD. Each block's fill (base colour plus hatched upper-building zone) was isolated by colour saturation inside a pixel window, its outer contour extracted and simplified (approxPolyDP, 1% of perimeter), transformed, and then any vertex within 3 m of a recorded lot line of 8719A006, 8719A003, 8719A005, 8719A007, 8719A009, 8719A010, 8719C001, 8719C002, 8719C004 or 8719D001 was snapped onto that line, so street frontages and shared edges are the Assessor's lines rather than the figure's 1-3 m of contour noise. Cross-checked against an independent trace of the same block on Figure 1.1 (p.10) through its own transform fitted the same way (RMS 1.1 m). (5) CHECKER. Registered in src/verify_block_fill.py under site 'mission_rock' (pixel window and colour rule recorded there); CI prints the IoU against the figure's own fill on every run. D2 SPECIFICS: D2 = Block D minus D1 (see mission_rock_block_d1.geojson for how the L-shaped D1 zone was read); area 73,176 sf, 6 vertices; south edge on the Mission Rock Street property line, north edge against unbuilt Long Bridge Street, east edge against unbuilt Bridgeview Street. Cross-check: IoU 0.90 against the grey Structured Parking fill traced independently on Figure 1.1.", "accuracy_caveat": "APPROXIMATE (planned, unbuilt block): no Assessor lot of its own yet. It sits on lot 8719A006, the ~37,400 m2 undivided remainder of Seawall Lot 337 that also holds Blocks C, D, E, H, I, J, Mission Rock Square, Channel Lane and the unbuilt internal streets. Traced 2026-09-17 from the adopted Design Controls' Figure 6.2 through a transform with 0.7 m RMS residual on 16 real lot corners, with vertices snapped to recorded lot lines where the figure draws the block against one (see digitization_method): treat street-facing and lot-line edges as accurate to ~1 m and interior edges (against unbuilt streets and open spaces) to ~1-3 m. The block's shape is the Design Controls' block, not a building footprint; a building may sit back from these lines. The D1/D2 line is a land-use zone boundary inside one Design Controls block, not a lot line; the Appendix marks Block D's parcel dimensions as illustrative.", "why_no_real_parcel": "A real Assessor lot exists under this block -- 8719A006, the undivided remainder of Seawall Lot 337 recorded 2020-06-12 -- but it has not been subdivided per block, so joining status.csv to it would paint the same ~9-acre parking-lot shape for every unbuilt block. Hand-derived geometry is used instead, with the lot's own lines wherever this block touches them.", "regulatory_context": "Structured Parking per the D4D's Land Use Plan -- a flat 100 ft max height (not a 90-110 ft range as sometimes described), with no upper/tower zone. Occupies the larger, eastern portion of the combined Block D parcel (D1 is the smaller residential tower at the 3rd St corner; see that entry). A 2016 EIR cites roughly 2,300 parking spaces project-wide across two garages (not confirmed as D2 alone). The Central District Energy System was tentatively planned for Parcel A, not Block D, per a 2019 Mission Rock Partners submittal to the Port -- despite some secondary summaries placing it here.", "notes": "Approximate polygon for a real, D4D-adopted future block -- not yet built, no distinct real parcel yet. See accuracy_caveat.", "images": [ ], "source_doc_urls": [ "https://www.sfport.com/sites/default/files/2025-07/Mission%20Rock%20Design%20Controls%204.24.18_FINAL_Reduced%20File.pdf" ], "street_clip_exempt": null, "p_number": null }, "geometry": { "type": "MultiPolygon", "coordinates": [ [ [ [ -122.38808915130501, 37.773339641559666 ], [ -122.388941232, 37.773124515 ], [ -122.388942093, 37.773124251 ], [ -122.388942923, 37.773123903 ], [ -122.388943714, 37.773123473 ], [ -122.388944458, 37.773122966 ], [ -122.388945148, 37.773122387 ], [ -122.388945776, 37.773121741 ], [ -122.388946336, 37.773121037 ], [ -122.388946823, 37.773120279 ], [ -122.388947232, 37.773119477 ], [ -122.388947558, 37.773118638 ], [ -122.388947799, 37.77311777 ], [ -122.388947951, 37.773116883 ], [ -122.388948015, 37.773115985 ], [ -122.388947987, 37.773115085 ], [ -122.38894787, 37.773114192 ], [ -122.388947664, 37.773113316 ], [ -122.388947372, 37.773112464 ], [ -122.388935368, 37.773082508 ], [ -122.389024828342528, 37.773057539602931 ], [ -122.3890654, 37.7730551 ], [ -122.3891026, 37.7734464 ], [ -122.3893536, 37.7734319 ], [ -122.3893873, 37.7736715 ], [ -122.3881219, 37.7737429 ], [ -122.38808915130501, 37.773339641559666 ] ] ], [ [ [ -122.3880709, 37.7731149 ], [ -122.388939640187886, 37.773062662027918 ], [ -122.388920887, 37.773067896 ], [ -122.388920046, 37.773068177 ], [ -122.388919236, 37.773068539 ], [ -122.388918465, 37.773068979 ], [ -122.388917742, 37.773069493 ], [ -122.388917073, 37.773070076 ], [ -122.388916465, 37.773070722 ], [ -122.388915924, 37.773071425 ], [ -122.388915454, 37.773072178 ], [ -122.388915061, 37.773072973 ], [ -122.388914749, 37.773073804 ], [ -122.38891452, 37.773074661 ], [ -122.388914376, 37.773075536 ], [ -122.38891432, 37.773076422 ], [ -122.388914351, 37.773077309 ], [ -122.38891447, 37.773078188 ], [ -122.388914675, 37.773079051 ], [ -122.388914964, 37.77307989 ], [ -122.388926873, 37.773109611 ], [ -122.388087676767384, 37.773321484508209 ], [ -122.3880709, 37.7731149 ] ] ] ] } },
{ "type": "Feature", "properties": { "project_name": "Mission Rock Block E", "site": "Pier 50 / Mission Rock", "status": "planned", "use": "commercial", "geometry_type": "approximate", "digitized_from": "Mission Rock Design Controls (Port of San Francisco / Mission Rock Partners, adopted April 24, 2018), Figure 6.2 - Maximum Height Plan (p.151); land use from Figure 1.1 - Land Use Plan (p.10); block corners snapped to the recorded DataSF Assessor lot lines of the 2020 Seawall Lot 337 subdivision where they fall within 3 m.", "digitization_method": "Traced from the Mission Rock Design Controls' own Figure 6.2 (Maximum Height Plan, p.151) -- an adopted regulatory diagram with a printed scale bar and street grid, not an illustrative rendering. Georeferenced using 5 real street-intersection control points (3rd St x Channel St, 3rd St x Long Bridge St, 3rd St x Mission Rock St, Bridgeview Way x Mission Rock St, Terry A. Francois Blvd x Mission Rock St), fetched from OpenStreetMap via this project's own src/fetch_streets.py and matched to their pixel positions in the diagram, then fit as a least-squares affine transform (never fewer than 5 points spanning the whole site, not just 1-2 nearby anchors). Cross-validated against the diagram's own printed scale bar and against the real, independently-confirmed positions of Verde, The Canyon, Building B, and Visa HQ (Building G) -- all four fell inside their correct named blocks under this transform, which is what caught and fixed an earlier, much worse-fitting 4-point version of this same transform (a block letter read one row off, producing 75m of error) before it was used for anything. Residual error against the 5 control points is roughly 3-13m. RETRACED 2026-09-17 (brief docs/briefs/mission-rock-geometry.md; definition of done in docs/site-definition-of-done.md). (1) SOURCE. This file's source_doc_urls pointed at the March 2012 'Design + Development Revised Proposal' (90 pages, no Figure 6.2) while the text cited the Design Controls, so the original pixel measurements could not be reproduced. Redone from the adopted Mission Rock Design Controls (April 24, 2018, sfport.com), Figure 6.2 - Maximum Height Plan (p.151), rendered ONCE at 300 dpi to data/manual/_reference/mission_rock_dc_p151.png (3300x2550 px, full page). Every pixel measurement below is from that one render. (2) TRANSFORM (one for the whole figure). Since this file was first traced, the Assessor subdivided Seawall Lot 337 (recorded 2020-06-12, mapped 2021-04-13): the four Phase 1 blocks are real lots -- A/The Canyon 8719B002, G/Visa 8719A008, B 8719C003, F/Verde 8719C001 -- whose recorded areas match the plan's block areas within 3%. The figure's drawn corners of A, B, F and G (colour contours, OpenCV) were matched to those 16 real lot corners and a least-squares affine transform fitted: RMS residual 0.67 m, worst corner 1.39 m (n=16); scale 0.2570 m/px (x) and 0.2598 m/px (y), ratio 0.989; axis angle 89.88 deg, i.e. no shear. The figure's own printed 200 ft scale bar measures 239 px on the same render = 0.255 m/px, agreeing within 2%. lon = 2.9127666757282e-06*px + 2.2156884853242e-07*py + (-122.39479060102); lat = 1.6823215817497e-07*px + -2.3273617315092e-06*py + 37.77752553008. (3) VALIDATION on real lines NOT used in the fit: traced C and D west corners fall 0.2-2.4 m from the 3rd Street property line (west edge of the undivided remainder lot 8719A006); D and H south corners 0.1-1.5 m from the Mission Rock Street property line (south edge of 8719A006); J, I and H east corners 1.1-2.8 m from the Terry A Francois Boulevard property line (east edge of 8719A006 / west edge of the TAFB lot 8719A003); the traced Block K corners fall 0.7-1.3 m from the corners of the lobe of the park lot 8719A005 that K occupies. Bearing check, the shear test that Pier 70's point check missed: real 3rd St property line 355.6 deg vs figure 355.3; real TAFB property line 355.7 vs figure 356.1; DataSF Exposition Street (Toni Stone Crossing) centerline 85.7 deg vs the figure's Exposition axis 84.9 deg, with 0.2 m offset at mid-block. (4) METHOD. Each block's fill (base colour plus hatched upper-building zone) was isolated by colour saturation inside a pixel window, its outer contour extracted and simplified (approxPolyDP, 1% of perimeter), transformed, and then any vertex within 3 m of a recorded lot line of 8719A006, 8719A003, 8719A005, 8719A007, 8719A009, 8719A010, 8719C001, 8719C002, 8719C004 or 8719D001 was snapped onto that line, so street frontages and shared edges are the Assessor's lines rather than the figure's 1-3 m of contour noise. Cross-checked against an independent trace of the same block on Figure 1.1 (p.10) through its own transform fitted the same way (RMS 1.1 m). (5) CHECKER. Registered in src/verify_block_fill.py under site 'mission_rock' (pixel window and colour rule recorded there); CI prints the IoU against the figure's own fill on every run. E SPECIFICS: 4 vertices; no vertex on a recorded lot line (interior block); area 23,824 sf vs 25,110 sf in the March 2012 Revised Proposal's parcel table (-5.1%); interior block: no recorded lot line touches it; its north edge is also Mission Rock Square's south edge by construction.", "accuracy_caveat": "APPROXIMATE (planned, unbuilt block): no Assessor lot of its own yet. It sits on lot 8719A006, the ~37,400 m2 undivided remainder of Seawall Lot 337 that also holds Blocks C, D, E, H, I, J, Mission Rock Square, Channel Lane and the unbuilt internal streets. Traced 2026-09-17 from the adopted Design Controls' Figure 6.2 through a transform with 0.7 m RMS residual on 16 real lot corners, with vertices snapped to recorded lot lines where the figure draws the block against one (see digitization_method): treat street-facing and lot-line edges as accurate to ~1 m and interior edges (against unbuilt streets and open spaces) to ~1-3 m. The block's shape is the Design Controls' block, not a building footprint; a building may sit back from these lines.", "why_no_real_parcel": "A real Assessor lot exists under this block -- 8719A006, the undivided remainder of Seawall Lot 337 recorded 2020-06-12 -- but it has not been subdivided per block, so joining status.csv to it would paint the same ~9-acre parking-lot shape for every unbuilt block. Hand-derived geometry is used instead, with the lot's own lines wherever this block touches them.", "regulatory_context": "Commercial Mixed Use only per the D4D's Land Use Plan. Max height is a flat 90 ft with NO upper/tower building permitted at all (Table 6.4 lists its upper-building dimensions as 'NA') -- notably lower than some secondary summaries suggest. Directly south of Block F and Mission Rock Square, one of the two blocks (with F) that actually front the square directly.", "notes": "Approximate polygon for a real, D4D-adopted future block -- not yet built, no distinct real parcel yet. See accuracy_caveat.", "images": [ ], "source_doc_urls": [ "https://www.sfport.com/sites/default/files/2025-07/Mission%20Rock%20Design%20Controls%204.24.18_FINAL_Reduced%20File.pdf" ], "street_clip_exempt": null, "p_number": null }, "geometry": { "type": "Polygon", "coordinates": [ [ [ -122.3881818, 37.77428 ], [ -122.3881441, 37.7739148 ], [ -122.3887677, 37.7738811 ], [ -122.3887962, 37.7742422 ], [ -122.3881818, 37.77428 ] ] ] } },
{ "type": "Feature", "properties": { "project_name": "Mission Rock Block H", "site": "Pier 50 / Mission Rock", "status": "planned", "use": "mixed", "geometry_type": "approximate", "digitized_from": "Mission Rock Design Controls (Port of San Francisco / Mission Rock Partners, adopted April 24, 2018), Figure 6.2 - Maximum Height Plan (p.151); land use from Figure 1.1 - Land Use Plan (p.10); block corners snapped to the recorded DataSF Assessor lot lines of the 2020 Seawall Lot 337 subdivision where they fall within 3 m.", "digitization_method": "Traced from the Mission Rock Design Controls' own Figure 6.2 (Maximum Height Plan, p.151) -- an adopted regulatory diagram with a printed scale bar and street grid, not an illustrative rendering. Georeferenced using 5 real street-intersection control points (3rd St x Channel St, 3rd St x Long Bridge St, 3rd St x Mission Rock St, Bridgeview Way x Mission Rock St, Terry A. Francois Blvd x Mission Rock St), fetched from OpenStreetMap via this project's own src/fetch_streets.py and matched to their pixel positions in the diagram, then fit as a least-squares affine transform (never fewer than 5 points spanning the whole site, not just 1-2 nearby anchors). Cross-validated against the diagram's own printed scale bar and against the real, independently-confirmed positions of Verde, The Canyon, Building B, and Visa HQ (Building G) -- all four fell inside their correct named blocks under this transform, which is what caught and fixed an earlier, much worse-fitting 4-point version of this same transform (a block letter read one row off, producing 75m of error) before it was used for anything. Residual error against the 5 control points is roughly 3-13m. RETRACED 2026-09-17 (brief docs/briefs/mission-rock-geometry.md; definition of done in docs/site-definition-of-done.md). (1) SOURCE. This file's source_doc_urls pointed at the March 2012 'Design + Development Revised Proposal' (90 pages, no Figure 6.2) while the text cited the Design Controls, so the original pixel measurements could not be reproduced. Redone from the adopted Mission Rock Design Controls (April 24, 2018, sfport.com), Figure 6.2 - Maximum Height Plan (p.151), rendered ONCE at 300 dpi to data/manual/_reference/mission_rock_dc_p151.png (3300x2550 px, full page). Every pixel measurement below is from that one render. (2) TRANSFORM (one for the whole figure). Since this file was first traced, the Assessor subdivided Seawall Lot 337 (recorded 2020-06-12, mapped 2021-04-13): the four Phase 1 blocks are real lots -- A/The Canyon 8719B002, G/Visa 8719A008, B 8719C003, F/Verde 8719C001 -- whose recorded areas match the plan's block areas within 3%. The figure's drawn corners of A, B, F and G (colour contours, OpenCV) were matched to those 16 real lot corners and a least-squares affine transform fitted: RMS residual 0.67 m, worst corner 1.39 m (n=16); scale 0.2570 m/px (x) and 0.2598 m/px (y), ratio 0.989; axis angle 89.88 deg, i.e. no shear. The figure's own printed 200 ft scale bar measures 239 px on the same render = 0.255 m/px, agreeing within 2%. lon = 2.9127666757282e-06*px + 2.2156884853242e-07*py + (-122.39479060102); lat = 1.6823215817497e-07*px + -2.3273617315092e-06*py + 37.77752553008. (3) VALIDATION on real lines NOT used in the fit: traced C and D west corners fall 0.2-2.4 m from the 3rd Street property line (west edge of the undivided remainder lot 8719A006); D and H south corners 0.1-1.5 m from the Mission Rock Street property line (south edge of 8719A006); J, I and H east corners 1.1-2.8 m from the Terry A Francois Boulevard property line (east edge of 8719A006 / west edge of the TAFB lot 8719A003); the traced Block K corners fall 0.7-1.3 m from the corners of the lobe of the park lot 8719A005 that K occupies. Bearing check, the shear test that Pier 70's point check missed: real 3rd St property line 355.6 deg vs figure 355.3; real TAFB property line 355.7 vs figure 356.1; DataSF Exposition Street (Toni Stone Crossing) centerline 85.7 deg vs the figure's Exposition axis 84.9 deg, with 0.2 m offset at mid-block. (4) METHOD. Each block's fill (base colour plus hatched upper-building zone) was isolated by colour saturation inside a pixel window, its outer contour extracted and simplified (approxPolyDP, 1% of perimeter), transformed, and then any vertex within 3 m of a recorded lot line of 8719A006, 8719A003, 8719A005, 8719A007, 8719A009, 8719A010, 8719C001, 8719C002, 8719C004 or 8719D001 was snapped onto that line, so street frontages and shared edges are the Assessor's lines rather than the figure's 1-3 m of contour noise. Cross-checked against an independent trace of the same block on Figure 1.1 (p.10) through its own transform fitted the same way (RMS 1.1 m). (5) CHECKER. Registered in src/verify_block_fill.py under site 'mission_rock' (pixel window and colour rule recorded there); CI prints the IoU against the figure's own fill on every run. H SPECIFICS: 4 vertices; 3 vertex(es) on lot 8719A006, 1 vertex(es) on lot 8719A003; area 31,073 sf vs 31,088 sf in the March 2012 Revised Proposal's parcel table (-0.0%); south edge on the Mission Rock Street property line, east edge on the Terry A Francois Boulevard property line.", "accuracy_caveat": "APPROXIMATE (planned, unbuilt block): no Assessor lot of its own yet. It sits on lot 8719A006, the ~37,400 m2 undivided remainder of Seawall Lot 337 that also holds Blocks C, D, E, H, I, J, Mission Rock Square, Channel Lane and the unbuilt internal streets. Traced 2026-09-17 from the adopted Design Controls' Figure 6.2 through a transform with 0.7 m RMS residual on 16 real lot corners, with vertices snapped to recorded lot lines where the figure draws the block against one (see digitization_method): treat street-facing and lot-line edges as accurate to ~1 m and interior edges (against unbuilt streets and open spaces) to ~1-3 m. The block's shape is the Design Controls' block, not a building footprint; a building may sit back from these lines.", "why_no_real_parcel": "A real Assessor lot exists under this block -- 8719A006, the undivided remainder of Seawall Lot 337 recorded 2020-06-12 -- but it has not been subdivided per block, so joining status.csv to it would paint the same ~9-acre parking-lot shape for every unbuilt block. Hand-derived geometry is used instead, with the lot's own lines wherever this block touches them.", "regulatory_context": "Flex block (Residential Mixed Use or Commercial Mixed Use, developer's choice) per the D4D. Max height 90 ft if built commercial, 120 ft if built residential -- the '*90'/120'' notation in Figure 6.2. Southernmost block on the Bridgeview St/Terry A. Francois Blvd side, fronting Mission Rock Street across from Mission Bay South.", "notes": "Approximate polygon for a real, D4D-adopted future block -- not yet built, no distinct real parcel yet. See accuracy_caveat.", "images": [ ], "source_doc_urls": [ "https://www.sfport.com/sites/default/files/2025-07/Mission%20Rock%20Design%20Controls%204.24.18_FINAL_Reduced%20File.pdf" ], "street_clip_exempt": null, "p_number": null }, "geometry": { "type": "Polygon", "coordinates": [ [ [ -122.3879155, 37.7737595 ], [ -122.3874443, 37.7737872 ], [ -122.3873952, 37.7731556 ], [ -122.38766828571984, 37.773139177832284 ], [ -122.387658692, 37.7731416 ], [ -122.387475961, 37.773187734 ], [ -122.387475118, 37.773187991 ], [ -122.387474304, 37.77318833 ], [ -122.387473528, 37.773188747 ], [ -122.387472796, 37.773189238 ], [ -122.387472115, 37.773189799 ], [ -122.387471493, 37.773190423 ], [ -122.387470935, 37.773191106 ], [ -122.387470447, 37.773191839 ], [ -122.387470033, 37.773192618 ], [ -122.387469697, 37.773193433 ], [ -122.387469442, 37.773194277 ], [ -122.387469272, 37.773195142 ], [ -122.387469187, 37.773196019 ], [ -122.387469189, 37.773196901 ], [ -122.387469277, 37.773197778 ], [ -122.387469451, 37.773198642 ], [ -122.387469708, 37.773199485 ], [ -122.387470047, 37.773200299 ], [ -122.387470464, 37.773201076 ], [ -122.387470955, 37.773201808 ], [ -122.387471516, 37.773202488 ], [ -122.38747214, 37.773203111 ], [ -122.387472823, 37.773203669 ], [ -122.387473556, 37.773204157 ], [ -122.387474335, 37.773204571 ], [ -122.38747515, 37.773204907 ], [ -122.387475994, 37.773205161 ], [ -122.387476859, 37.773205332 ], [ -122.387477736, 37.773205416 ], [ -122.387478618, 37.773205415 ], [ -122.387479495, 37.773205327 ], [ -122.387480359, 37.773205153 ], [ -122.38766309, 37.77315902 ], [ -122.387764628213233, 37.773133384220721 ], [ -122.3878525, 37.7731281 ], [ -122.387877100249966, 37.773374649171913 ], [ -122.387681297, 37.773424084 ], [ -122.387680453, 37.773424341 ], [ -122.38767964, 37.77342468 ], [ -122.387678863, 37.773425097 ], [ -122.387678131, 37.773425588 ], [ -122.38767745, 37.773426149 ], [ -122.387676828, 37.773426773 ], [ -122.38767627, 37.773427456 ], [ -122.387675782, 37.77342819 ], [ -122.387675368, 37.773428968 ], [ -122.387675032, 37.773429783 ], [ -122.387674778, 37.773430627 ], [ -122.387674607, 37.773431492 ], [ -122.387674522, 37.77343237 ], [ -122.387674524, 37.773433251 ], [ -122.387674612, 37.773434128 ], [ -122.387674786, 37.773434993 ], [ -122.387675043, 37.773435836 ], [ -122.387675382, 37.773436649 ], [ -122.387675799, 37.773437426 ], [ -122.38767629, 37.773438158 ], [ -122.387676851, 37.773438839 ], [ -122.387677475, 37.773439461 ], [ -122.387678158, 37.773440019 ], [ -122.387678892, 37.773440507 ], [ -122.38767967, 37.773440921 ], [ -122.387680485, 37.773441257 ], [ -122.387681329, 37.773441512 ], [ -122.387682194, 37.773441682 ], [ -122.387683072, 37.773441767 ], [ -122.387683953, 37.773441765 ], [ -122.38768483, 37.773441677 ], [ -122.387685695, 37.773441503 ], [ -122.387878903646921, 37.773392723216872 ], [ -122.3879155, 37.7737595 ] ] ] } },
{ "type": "Feature", "properties": { "project_name": "Mission Rock Block I", "site": "Pier 50 / Mission Rock", "status": "planned", "use": "mixed", "geometry_type": "approximate", "digitized_from": "Mission Rock Design Controls (Port of San Francisco / Mission Rock Partners, adopted April 24, 2018), Figure 6.2 - Maximum Height Plan (p.151); land use from Figure 1.1 - Land Use Plan (p.10); block corners snapped to the recorded DataSF Assessor lot lines of the 2020 Seawall Lot 337 subdivision where they fall within 3 m.", "digitization_method": "Traced from the Mission Rock Design Controls' own Figure 6.2 (Maximum Height Plan, p.151) -- an adopted regulatory diagram with a printed scale bar and street grid, not an illustrative rendering. Georeferenced using 5 real street-intersection control points (3rd St x Channel St, 3rd St x Long Bridge St, 3rd St x Mission Rock St, Bridgeview Way x Mission Rock St, Terry A. Francois Blvd x Mission Rock St), fetched from OpenStreetMap via this project's own src/fetch_streets.py and matched to their pixel positions in the diagram, then fit as a least-squares affine transform (never fewer than 5 points spanning the whole site, not just 1-2 nearby anchors). Cross-validated against the diagram's own printed scale bar and against the real, independently-confirmed positions of Verde, The Canyon, Building B, and Visa HQ (Building G) -- all four fell inside their correct named blocks under this transform, which is what caught and fixed an earlier, much worse-fitting 4-point version of this same transform (a block letter read one row off, producing 75m of error) before it was used for anything. Residual error against the 5 control points is roughly 3-13m. RETRACED 2026-09-17 (brief docs/briefs/mission-rock-geometry.md; definition of done in docs/site-definition-of-done.md). (1) SOURCE. This file's source_doc_urls pointed at the March 2012 'Design + Development Revised Proposal' (90 pages, no Figure 6.2) while the text cited the Design Controls, so the original pixel measurements could not be reproduced. Redone from the adopted Mission Rock Design Controls (April 24, 2018, sfport.com), Figure 6.2 - Maximum Height Plan (p.151), rendered ONCE at 300 dpi to data/manual/_reference/mission_rock_dc_p151.png (3300x2550 px, full page). Every pixel measurement below is from that one render. (2) TRANSFORM (one for the whole figure). Since this file was first traced, the Assessor subdivided Seawall Lot 337 (recorded 2020-06-12, mapped 2021-04-13): the four Phase 1 blocks are real lots -- A/The Canyon 8719B002, G/Visa 8719A008, B 8719C003, F/Verde 8719C001 -- whose recorded areas match the plan's block areas within 3%. The figure's drawn corners of A, B, F and G (colour contours, OpenCV) were matched to those 16 real lot corners and a least-squares affine transform fitted: RMS residual 0.67 m, worst corner 1.39 m (n=16); scale 0.2570 m/px (x) and 0.2598 m/px (y), ratio 0.989; axis angle 89.88 deg, i.e. no shear. The figure's own printed 200 ft scale bar measures 239 px on the same render = 0.255 m/px, agreeing within 2%. lon = 2.9127666757282e-06*px + 2.2156884853242e-07*py + (-122.39479060102); lat = 1.6823215817497e-07*px + -2.3273617315092e-06*py + 37.77752553008. (3) VALIDATION on real lines NOT used in the fit: traced C and D west corners fall 0.2-2.4 m from the 3rd Street property line (west edge of the undivided remainder lot 8719A006); D and H south corners 0.1-1.5 m from the Mission Rock Street property line (south edge of 8719A006); J, I and H east corners 1.1-2.8 m from the Terry A Francois Boulevard property line (east edge of 8719A006 / west edge of the TAFB lot 8719A003); the traced Block K corners fall 0.7-1.3 m from the corners of the lobe of the park lot 8719A005 that K occupies. Bearing check, the shear test that Pier 70's point check missed: real 3rd St property line 355.6 deg vs figure 355.3; real TAFB property line 355.7 vs figure 356.1; DataSF Exposition Street (Toni Stone Crossing) centerline 85.7 deg vs the figure's Exposition axis 84.9 deg, with 0.2 m offset at mid-block. (4) METHOD. Each block's fill (base colour plus hatched upper-building zone) was isolated by colour saturation inside a pixel window, its outer contour extracted and simplified (approxPolyDP, 1% of perimeter), transformed, and then any vertex within 3 m of a recorded lot line of 8719A006, 8719A003, 8719A005, 8719A007, 8719A009, 8719A010, 8719C001, 8719C002, 8719C004 or 8719D001 was snapped onto that line, so street frontages and shared edges are the Assessor's lines rather than the figure's 1-3 m of contour noise. Cross-checked against an independent trace of the same block on Figure 1.1 (p.10) through its own transform fitted the same way (RMS 1.1 m). (5) CHECKER. Registered in src/verify_block_fill.py under site 'mission_rock' (pixel window and colour rule recorded there); CI prints the IoU against the figure's own fill on every run. I SPECIFICS: 4 vertices; 2 vertex(es) on lot 8719A006, 2 vertex(es) on lot 8719A003; area 32,585 sf vs 31,315 sf in the March 2012 Revised Proposal's parcel table (+4.1%); east edge on the Terry A Francois Boulevard property line; north edge shared with Channel Lane by construction.", "accuracy_caveat": "APPROXIMATE (planned, unbuilt block): no Assessor lot of its own yet. It sits on lot 8719A006, the ~37,400 m2 undivided remainder of Seawall Lot 337 that also holds Blocks C, D, E, H, I, J, Mission Rock Square, Channel Lane and the unbuilt internal streets. Traced 2026-09-17 from the adopted Design Controls' Figure 6.2 through a transform with 0.7 m RMS residual on 16 real lot corners, with vertices snapped to recorded lot lines where the figure draws the block against one (see digitization_method): treat street-facing and lot-line edges as accurate to ~1 m and interior edges (against unbuilt streets and open spaces) to ~1-3 m. The block's shape is the Design Controls' block, not a building footprint; a building may sit back from these lines.", "why_no_real_parcel": "A real Assessor lot exists under this block -- 8719A006, the undivided remainder of Seawall Lot 337 recorded 2020-06-12 -- but it has not been subdivided per block, so joining status.csv to it would paint the same ~9-acre parking-lot shape for every unbuilt block. Hand-derived geometry is used instead, with the lot's own lines wherever this block touches them.", "regulatory_context": "Flex block (Residential MU or Commercial MU), max height 90 ft commercial / 120 ft residential, same as Block H. Flanks Mission Rock Square's east edge across Bridgeview St (one of only two blocks -- with Block C on the west, across the Shared Public Way -- that are one street removed from the square rather than directly fronting it).", "notes": "Approximate polygon for a real, D4D-adopted future block -- not yet built, no distinct real parcel yet. See accuracy_caveat.", "images": [ ], "source_doc_urls": [ "https://www.sfport.com/sites/default/files/2025-07/Mission%20Rock%20Design%20Controls%204.24.18_FINAL_Reduced%20File.pdf" ], "street_clip_exempt": null, "p_number": null }, "geometry": { "type": "Polygon", "coordinates": [ [ [ -122.3875036, 37.7745889 ], [ -122.3874601, 37.773952 ], [ -122.3879344, 37.7739269 ], [ -122.3879951, 37.7745646 ], [ -122.3875036, 37.7745889 ] ] ] } },
{ "type": "Feature", "properties": { "project_name": "Mission Rock Block J", "site": "Pier 50 / Mission Rock", "status": "planned", "use": "mixed", "geometry_type": "approximate", "digitized_from": "Mission Rock Design Controls (Port of San Francisco / Mission Rock Partners, adopted April 24, 2018), Figure 6.2 - Maximum Height Plan (p.151); land use from Figure 1.1 - Land Use Plan (p.10); block corners snapped to the recorded DataSF Assessor lot lines of the 2020 Seawall Lot 337 subdivision where they fall within 3 m.", "digitization_method": "Traced from the Mission Rock Design Controls' own Figure 6.2 (Maximum Height Plan, p.151) -- an adopted regulatory diagram with a printed scale bar and street grid, not an illustrative rendering. Georeferenced using 5 real street-intersection control points (3rd St x Channel St, 3rd St x Long Bridge St, 3rd St x Mission Rock St, Bridgeview Way x Mission Rock St, Terry A. Francois Blvd x Mission Rock St), fetched from OpenStreetMap via this project's own src/fetch_streets.py and matched to their pixel positions in the diagram, then fit as a least-squares affine transform (never fewer than 5 points spanning the whole site, not just 1-2 nearby anchors). Cross-validated against the diagram's own printed scale bar and against the real, independently-confirmed positions of Verde, The Canyon, Building B, and Visa HQ (Building G) -- all four fell inside their correct named blocks under this transform, which is what caught and fixed an earlier, much worse-fitting 4-point version of this same transform (a block letter read one row off, producing 75m of error) before it was used for anything. Residual error against the 5 control points is roughly 3-13m. RETRACED 2026-09-17 (brief docs/briefs/mission-rock-geometry.md; definition of done in docs/site-definition-of-done.md). (1) SOURCE. This file's source_doc_urls pointed at the March 2012 'Design + Development Revised Proposal' (90 pages, no Figure 6.2) while the text cited the Design Controls, so the original pixel measurements could not be reproduced. Redone from the adopted Mission Rock Design Controls (April 24, 2018, sfport.com), Figure 6.2 - Maximum Height Plan (p.151), rendered ONCE at 300 dpi to data/manual/_reference/mission_rock_dc_p151.png (3300x2550 px, full page). Every pixel measurement below is from that one render. (2) TRANSFORM (one for the whole figure). Since this file was first traced, the Assessor subdivided Seawall Lot 337 (recorded 2020-06-12, mapped 2021-04-13): the four Phase 1 blocks are real lots -- A/The Canyon 8719B002, G/Visa 8719A008, B 8719C003, F/Verde 8719C001 -- whose recorded areas match the plan's block areas within 3%. The figure's drawn corners of A, B, F and G (colour contours, OpenCV) were matched to those 16 real lot corners and a least-squares affine transform fitted: RMS residual 0.67 m, worst corner 1.39 m (n=16); scale 0.2570 m/px (x) and 0.2598 m/px (y), ratio 0.989; axis angle 89.88 deg, i.e. no shear. The figure's own printed 200 ft scale bar measures 239 px on the same render = 0.255 m/px, agreeing within 2%. lon = 2.9127666757282e-06*px + 2.2156884853242e-07*py + (-122.39479060102); lat = 1.6823215817497e-07*px + -2.3273617315092e-06*py + 37.77752553008. (3) VALIDATION on real lines NOT used in the fit: traced C and D west corners fall 0.2-2.4 m from the 3rd Street property line (west edge of the undivided remainder lot 8719A006); D and H south corners 0.1-1.5 m from the Mission Rock Street property line (south edge of 8719A006); J, I and H east corners 1.1-2.8 m from the Terry A Francois Boulevard property line (east edge of 8719A006 / west edge of the TAFB lot 8719A003); the traced Block K corners fall 0.7-1.3 m from the corners of the lobe of the park lot 8719A005 that K occupies. Bearing check, the shear test that Pier 70's point check missed: real 3rd St property line 355.6 deg vs figure 355.3; real TAFB property line 355.7 vs figure 356.1; DataSF Exposition Street (Toni Stone Crossing) centerline 85.7 deg vs the figure's Exposition axis 84.9 deg, with 0.2 m offset at mid-block. (4) METHOD. Each block's fill (base colour plus hatched upper-building zone) was isolated by colour saturation inside a pixel window, its outer contour extracted and simplified (approxPolyDP, 1% of perimeter), transformed, and then any vertex within 3 m of a recorded lot line of 8719A006, 8719A003, 8719A005, 8719A007, 8719A009, 8719A010, 8719C001, 8719C002, 8719C004 or 8719D001 was snapped onto that line, so street frontages and shared edges are the Assessor's lines rather than the figure's 1-3 m of contour noise. Cross-checked against an independent trace of the same block on Figure 1.1 (p.10) through its own transform fitted the same way (RMS 1.1 m). (5) CHECKER. Registered in src/verify_block_fill.py under site 'mission_rock' (pixel window and colour rule recorded there); CI prints the IoU against the figure's own fill on every run. J SPECIFICS: 4 vertices; 2 vertex(es) on lot 8719A006, 1 vertex(es) on lot 8719A003, 2 vertex(es) on lot 8719A010, 1 vertex(es) on lot 8719D001; area 31,684 sf vs 31,457 sf in the March 2012 Revised Proposal's parcel table (+0.7%); north edge on the south lot line of Exposition Street (lot 8719A010), east edge on the TAFB property line; south edge shared with Channel Lane by construction.", "accuracy_caveat": "APPROXIMATE (planned, unbuilt block): no Assessor lot of its own yet. It sits on lot 8719A006, the ~37,400 m2 undivided remainder of Seawall Lot 337 that also holds Blocks C, D, E, H, I, J, Mission Rock Square, Channel Lane and the unbuilt internal streets. Traced 2026-09-17 from the adopted Design Controls' Figure 6.2 through a transform with 0.7 m RMS residual on 16 real lot corners, with vertices snapped to recorded lot lines where the figure draws the block against one (see digitization_method): treat street-facing and lot-line edges as accurate to ~1 m and interior edges (against unbuilt streets and open spaces) to ~1-3 m. The block's shape is the Design Controls' block, not a building footprint; a building may sit back from these lines.", "why_no_real_parcel": "A real Assessor lot exists under this block -- 8719A006, the undivided remainder of Seawall Lot 337 recorded 2020-06-12 -- but it has not been subdivided per block, so joining status.csv to it would paint the same ~9-acre parking-lot shape for every unbuilt block. Hand-derived geometry is used instead, with the lot's own lines wherever this block touches them.", "regulatory_context": "Flex block (Residential MU or Commercial MU), max height 90 ft commercial / 120 ft residential. Sits one row north of Block I, adjacent to Block F -- it does NOT front Mission Rock Square directly, despite some secondary summaries grouping it with the square's surrounding blocks.", "notes": "Approximate polygon for a real, D4D-adopted future block -- not yet built, no distinct real parcel yet. See accuracy_caveat.", "images": [ ], "source_doc_urls": [ "https://www.sfport.com/sites/default/files/2025-07/Mission%20Rock%20Design%20Controls%204.24.18_FINAL_Reduced%20File.pdf" ], "street_clip_exempt": null, "p_number": null }, "geometry": { "type": "Polygon", "coordinates": [ [ [ -122.3875948, 37.7754074 ], [ -122.3875227, 37.7747891 ], [ -122.3880108, 37.7747602 ], [ -122.3880725, 37.7753786 ], [ -122.3875948, 37.7754074 ] ] ] } },
{ "type": "Feature", "properties": { "project_name": "Mission Rock Block K", "site": "Pier 50 / Mission Rock", "status": "planned", "use": "residential", "geometry_type": "approximate", "digitized_from": "DataSF Assessor lot lines (lots 8719A005, 8719A007, 8719A010, 8719A003) bounding the lobe the plan's Block K occupies, cross-checked against Mission Rock Design Controls Figure 6.2 (p.151) and the Block K standards sheet (Appendix p.198).", "digitization_method": "Traced from the Mission Rock Design Controls' own Figure 6.2 (Maximum Height Plan, p.151) -- an adopted regulatory diagram with a printed scale bar and street grid, not an illustrative rendering. Georeferenced using 5 real street-intersection control points (3rd St x Channel St, 3rd St x Long Bridge St, 3rd St x Mission Rock St, Bridgeview Way x Mission Rock St, Terry A. Francois Blvd x Mission Rock St), fetched from OpenStreetMap via this project's own src/fetch_streets.py and matched to their pixel positions in the diagram, then fit as a least-squares affine transform (never fewer than 5 points spanning the whole site, not just 1-2 nearby anchors). Cross-validated against the diagram's own printed scale bar and against the real, independently-confirmed positions of Verde, The Canyon, Building B, and Visa HQ (Building G) -- all four fell inside their correct named blocks under this transform, which is what caught and fixed an earlier, much worse-fitting 4-point version of this same transform (a block letter read one row off, producing 75m of error) before it was used for anything. Residual error against the 5 control points is roughly 3-13m. RETRACED 2026-09-17 (brief docs/briefs/mission-rock-geometry.md; definition of done in docs/site-definition-of-done.md). (1) SOURCE. This file's source_doc_urls pointed at the March 2012 'Design + Development Revised Proposal' (90 pages, no Figure 6.2) while the text cited the Design Controls, so the original pixel measurements could not be reproduced. Redone from the adopted Mission Rock Design Controls (April 24, 2018, sfport.com), Figure 6.2 - Maximum Height Plan (p.151), rendered ONCE at 300 dpi to data/manual/_reference/mission_rock_dc_p151.png (3300x2550 px, full page). Every pixel measurement below is from that one render. (2) TRANSFORM (one for the whole figure). Since this file was first traced, the Assessor subdivided Seawall Lot 337 (recorded 2020-06-12, mapped 2021-04-13): the four Phase 1 blocks are real lots -- A/The Canyon 8719B002, G/Visa 8719A008, B 8719C003, F/Verde 8719C001 -- whose recorded areas match the plan's block areas within 3%. The figure's drawn corners of A, B, F and G (colour contours, OpenCV) were matched to those 16 real lot corners and a least-squares affine transform fitted: RMS residual 0.67 m, worst corner 1.39 m (n=16); scale 0.2570 m/px (x) and 0.2598 m/px (y), ratio 0.989; axis angle 89.88 deg, i.e. no shear. The figure's own printed 200 ft scale bar measures 239 px on the same render = 0.255 m/px, agreeing within 2%. lon = 2.9127666757282e-06*px + 2.2156884853242e-07*py + (-122.39479060102); lat = 1.6823215817497e-07*px + -2.3273617315092e-06*py + 37.77752553008. (3) VALIDATION on real lines NOT used in the fit: traced C and D west corners fall 0.2-2.4 m from the 3rd Street property line (west edge of the undivided remainder lot 8719A006); D and H south corners 0.1-1.5 m from the Mission Rock Street property line (south edge of 8719A006); J, I and H east corners 1.1-2.8 m from the Terry A Francois Boulevard property line (east edge of 8719A006 / west edge of the TAFB lot 8719A003); the traced Block K corners fall 0.7-1.3 m from the corners of the lobe of the park lot 8719A005 that K occupies. Bearing check, the shear test that Pier 70's point check missed: real 3rd St property line 355.6 deg vs figure 355.3; real TAFB property line 355.7 vs figure 356.1; DataSF Exposition Street (Toni Stone Crossing) centerline 85.7 deg vs the figure's Exposition axis 84.9 deg, with 0.2 m offset at mid-block. (4) METHOD. Each block's fill (base colour plus hatched upper-building zone) was isolated by colour saturation inside a pixel window, its outer contour extracted and simplified (approxPolyDP, 1% of perimeter), transformed, and then any vertex within 3 m of a recorded lot line of 8719A006, 8719A003, 8719A005, 8719A007, 8719A009, 8719A010, 8719C001, 8719C002, 8719C004 or 8719D001 was snapped onto that line, so street frontages and shared edges are the Assessor's lines rather than the figure's 1-3 m of contour noise. Cross-checked against an independent trace of the same block on Figure 1.1 (p.10) through its own transform fitted the same way (RMS 1.1 m). (5) CHECKER. Registered in src/verify_block_fill.py under site 'mission_rock' (pixel window and colour rule recorded there); CI prints the IoU against the figure's own fill on every run. K SPECIFICS: the traced Figure 6.2 corners of K fall 0.7-1.3 m from the four corners of a lobe of the park lot 8719A005 that lies south of the park's recorded south line, between the Bridgeview paseo lot 8719A007 (west), the Exposition Street lot 8719A010 (south) and the Terry A Francois Boulevard lot 8719A003 (east) -- a lobe measuring 139 ft x 143 ft, exactly Block K's dimensions on Appendix p.198. So Block K is written as that lobe, using the lots' own recorded vertices (17,880 sf vs 17,829 sf in the 2012 parcel table and 17,384 sf for the raw figure trace). China Basin Park (mission_rock_china_basin_park.geojson) is the same lot minus this lobe, so the two touch exactly and the park's fill no longer hides a planned block. Satellite imagery (Esri World Imagery, 2024 or later: Phase 1 towers and the park are present) shows the lobe as paved staging/turnaround space, not lawn.", "accuracy_caveat": "APPROXIMATE but high confidence: every edge is a recorded DataSF lot line (the Assessor has not made Block K its own lot; it is still part of the China Basin Park lot 8719A005 as of the parcels fetch), and the Design Controls figure trace agrees with those lines within 1.3 m at every corner. Planned, unbuilt residential block (120 ft maximum height). ANGLE CHECK: check_geometry_quality.py flags a 12.3-12.6 deg corner here (its tolerance is 12 deg). Every vertex of this polygon is a real, recorded DataSF Assessor lot corner (see digitization_method) -- the deviation is the real lot's own shape (Bridgeview Way's paseo lot 8719A007 and the Exposition Street lot 8719A010 meet the park lot 8719A005 at a corner that is not exactly square), not a shear or a misread trace. Accepted; see docs/site-definition-of-done.md.", "why_no_real_parcel": "Block K's land is still part of lot 8719A005 (China Basin Park); the lot lines around it exist but the Assessor has not split K off. Joining status.csv to 8719A005 would show the park and the block as one shape.", "regulatory_context": "Residential Mixed Use, fronting China Basin Park and the Pier 48 entry along Terry A. Francois Blvd. Max height 120 ft -- the lowest height limit of any residential block on the site, confirmed by the D4D's own narrative text: 'the shortest residential tower would be on Block K facing Mission Rock Park,' preserving sightlines/stepping the skyline down toward the water. Originally slated for Phase 1 (with A, B, G) before a real, Port-confirmed 2019 swap with Block F -- the sponsors proposed changing Phase 1 from {A, B, G, K} to {A, B, G, F} to accelerate ~100 more units (~40 more affordable) and create a four-corner pedestrian intersection instead of a linear one; an interim-parking-preservation rationale sometimes cited for this swap is not supported by any source found.", "notes": "Approximate polygon for a real, D4D-adopted future block -- not yet built, no distinct real parcel yet. See accuracy_caveat.", "images": [ ], "source_doc_urls": [ "https://www.sfport.com/sites/default/files/2025-07/Mission%20Rock%20Design%20Controls%204.24.18_FINAL_Reduced%20File.pdf" ], "street_clip_exempt": null, "p_number": null }, "geometry": { "type": "Polygon", "coordinates": [ [ [ -122.388116, 37.775937 ], [ -122.387627, 37.775881 ], [ -122.387598, 37.775572 ], [ -122.388078, 37.775544 ], [ -122.388116, 37.775937 ] ] ] } },
{ "type": "Feature", "properties": { "project_name": "Mission Rock Square", "site": "Pier 50 / Mission Rock", "status": "planned", "use": "park", "geometry_type": "approximate", "digitized_from": "Mission Rock Design Controls, Figure 6.2 - Maximum Height Plan (p.151) and Figure 1.1 - Land Use Plan (p.10); north edge is Verde's recorded lot line (8719C001), south edge is Block E's traced north edge.", "digitization_method": "Traced from the Mission Rock Design Controls' own Figure 6.2 (Maximum Height Plan, p.151) -- an adopted regulatory diagram with a printed scale bar and street grid, not an illustrative rendering. Georeferenced using 5 real street-intersection control points (3rd St x Channel St, 3rd St x Long Bridge St, 3rd St x Mission Rock St, Bridgeview Way x Mission Rock St, Terry A. Francois Blvd x Mission Rock St), fetched from OpenStreetMap via this project's own src/fetch_streets.py and matched to their pixel positions in the diagram, then fit as a least-squares affine transform (never fewer than 5 points spanning the whole site, not just 1-2 nearby anchors). Cross-validated against the diagram's own printed scale bar and against the real, independently-confirmed positions of Verde, The Canyon, Building B, and Visa HQ (Building G) -- all four fell inside their correct named blocks under this transform, which is what caught and fixed an earlier, much worse-fitting 4-point version of this same transform (a block letter read one row off, producing 75m of error) before it was used for anything. Residual error against the 5 control points is roughly 3-13m. This block's boundary is a rougher rectangular approximation than the others -- the square's real shape in the D4D is closer to an elongated hexagon; treat its edges as lower-confidence than the surrounding numbered blocks. RETRACED 2026-09-17 (brief docs/briefs/mission-rock-geometry.md; definition of done in docs/site-definition-of-done.md). (1) SOURCE. This file's source_doc_urls pointed at the March 2012 'Design + Development Revised Proposal' (90 pages, no Figure 6.2) while the text cited the Design Controls, so the original pixel measurements could not be reproduced. Redone from the adopted Mission Rock Design Controls (April 24, 2018, sfport.com), Figure 6.2 - Maximum Height Plan (p.151), rendered ONCE at 300 dpi to data/manual/_reference/mission_rock_dc_p151.png (3300x2550 px, full page). Every pixel measurement below is from that one render. (2) TRANSFORM (one for the whole figure). Since this file was first traced, the Assessor subdivided Seawall Lot 337 (recorded 2020-06-12, mapped 2021-04-13): the four Phase 1 blocks are real lots -- A/The Canyon 8719B002, G/Visa 8719A008, B 8719C003, F/Verde 8719C001 -- whose recorded areas match the plan's block areas within 3%. The figure's drawn corners of A, B, F and G (colour contours, OpenCV) were matched to those 16 real lot corners and a least-squares affine transform fitted: RMS residual 0.67 m, worst corner 1.39 m (n=16); scale 0.2570 m/px (x) and 0.2598 m/px (y), ratio 0.989; axis angle 89.88 deg, i.e. no shear. The figure's own printed 200 ft scale bar measures 239 px on the same render = 0.255 m/px, agreeing within 2%. lon = 2.9127666757282e-06*px + 2.2156884853242e-07*py + (-122.39479060102); lat = 1.6823215817497e-07*px + -2.3273617315092e-06*py + 37.77752553008. (3) VALIDATION on real lines NOT used in the fit: traced C and D west corners fall 0.2-2.4 m from the 3rd Street property line (west edge of the undivided remainder lot 8719A006); D and H south corners 0.1-1.5 m from the Mission Rock Street property line (south edge of 8719A006); J, I and H east corners 1.1-2.8 m from the Terry A Francois Boulevard property line (east edge of 8719A006 / west edge of the TAFB lot 8719A003); the traced Block K corners fall 0.7-1.3 m from the corners of the lobe of the park lot 8719A005 that K occupies. Bearing check, the shear test that Pier 70's point check missed: real 3rd St property line 355.6 deg vs figure 355.3; real TAFB property line 355.7 vs figure 356.1; DataSF Exposition Street (Toni Stone Crossing) centerline 85.7 deg vs the figure's Exposition axis 84.9 deg, with 0.2 m offset at mid-block. (4) METHOD. Each block's fill (base colour plus hatched upper-building zone) was isolated by colour saturation inside a pixel window, its outer contour extracted and simplified (approxPolyDP, 1% of perimeter), transformed, and then any vertex within 3 m of a recorded lot line of 8719A006, 8719A003, 8719A005, 8719A007, 8719A009, 8719A010, 8719C001, 8719C002, 8719C004 or 8719D001 was snapped onto that line, so street frontages and shared edges are the Assessor's lines rather than the figure's 1-3 m of contour noise. Cross-checked against an independent trace of the same block on Figure 1.1 (p.10) through its own transform fitted the same way (RMS 1.1 m). (5) CHECKER. Registered in src/verify_block_fill.py under site 'mission_rock' (pixel window and colour rule recorded there); CI prints the IoU against the figure's own fill on every run. REBUILT 2026-09-17: Figure 6.2 draws Mission Rock Square as the white area bounded by Block F's south edge, Block E's north edge, and the Shared Public Way / Bridgeview Street property lines that F's and E's side edges sit on; Figures 1.1 and 3.1.1 fill exactly that rectangle green. The polygon is therefore Verde's (lot 8719C001) two real southern corners plus Block E's two traced northern corners, so it touches both exactly. Area 47,724 sf (1.10 ac), 4 vertices. The 57,626 sf / 1.32 ac in this file's regulatory_context is the March 2012 Revised Proposal's parcel table (p.22), which predates the adopted Design Controls; the DC figure draws a shallower square (the traced F-to-E gap is 80 m / 262 ft), so the traced area is kept rather than stretched to the 2012 number. The 2026-09-17 Verde clip recorded above is superseded: the north edge now IS Verde's lot line. Not registered in verify_block_fill.py: the square has no fill colour on Figure 6.2 (it is derived from F's real lot and E's registered trace instead).", "accuracy_caveat": "APPROXIMATE (planned, unbuilt public square) on the undivided remainder lot 8719A006. North edge is a recorded lot line (~0 m); the other three edges come from the Design Controls figure through a 0.7 m RMS transform (~1-3 m). Traced area 47,724 sf, smaller than the 57,626 sf the 2012 proposal gave -- see digitization_method. An interim plaza built with Phase 1 occupies the north part of this footprint today.", "why_no_real_parcel": "A real Assessor lot exists under this square -- 8719A006, the undivided remainder of Seawall Lot 337 recorded 2020-06-12 -- but it has not been subdivided per block, so joining status.csv to it would paint the same ~9-acre parking-lot shape for every unbuilt block. Hand-derived geometry is used instead, with the lot's own lines wherever this square touches them.", "regulatory_context": "Dedicated public open space (Design Controls Chapter 3, Section 3.3). Directly framed by Block F/Verde (north) and Block E (south), with the Shared Public Way (west) and Bridgeview Street (east) along its sides; Blocks C and I are one street removed. The Design Controls figure draws it at about 1.1 acres; the March 2012 Revised Proposal's parcel table gave 57,626 sf (1.32 ac) for an earlier, deeper layout.", "notes": "Approximate polygon for the site's real, D4D-adopted future central plaza -- not yet built.", "images": [ ], "source_doc_urls": [ "https://www.sfport.com/sites/default/files/2025-07/Mission%20Rock%20Design%20Controls%204.24.18_FINAL_Reduced%20File.pdf" ], "street_clip_exempt": null, "p_number": null }, "geometry": { "type": "Polygon", "coordinates": [ [ [ -122.388234, 37.7749971 ], [ -122.3881818, 37.77428 ], [ -122.3887962, 37.7742422 ], [ -122.3888757, 37.7749584 ], [ -122.388234, 37.7749971 ] ] ] } },
{ "type": "Feature", "properties": { "project_name": "China Basin Park", "site": "Pier 50 / Mission Rock", "status": "complete", "use": "park", "geometry_type": "real", "digitized_from": "DataSF Parcels (acdm-wktn), lot 8719A005 (recorded 2020-06-12, mapped 2021-04-13, active), minus the lobe the plan's Block K occupies; cross-checked against OpenStreetMap way 27656676 (leisure=park, name=China Basin Park) and Mission Rock Design Controls Figures 1.1 (p.10) and 3.2.1 (p.47).", "digitization_method": "ADDED 2026-09-17. China Basin Park (the Design Controls' name; 'Mission Rock Park' in the 2012 proposal) opened April 2024 with Phase 1 (sfyimby.com, 2024-04-26). Its real Assessor lot is 8719A005: 18,975 m2 / 4.69 ac, created when Seawall Lot 337 was subdivided in 2020. That lot still includes a 139 x 143 ft lobe south of the park's recorded south line, between the Bridgeview paseo lot 8719A007 and the TAFB lot 8719A003, which is exactly Block K's site (the Figure 6.2 trace of K lands on the lobe's four corners within 0.7-1.3 m; see mission_rock_block_k.geojson) and reads as paved staging on satellite imagery, not park. The lot has not been split, so this feature is the recorded lot geometry (223 vertices, simplified to 2e-7 deg / ~2 cm) minus that lobe, cut exactly along the lobe's recorded north line so the park and Block K touch with no gap; a 99 m2 sliver left along the paseo lot line by the cut was dropped. Area 186,359 sf (4.28 ac) vs 204,246 sf for the whole lot; the Design Controls and Phase 1 submittal describe the park as ~5 acres, the 2012 parcel table as 5.12 ac including Block K's frontage. OpenStreetMap's park polygon (way 27656676, 19,480 m2) has IoU 0.76 with the whole lot and also includes the K lobe; the recorded lot is used as the higher-authority boundary, per the definition of done. Routed through approximate_projects.csv rather than status.csv (like Crane Cove Park and the Pier 70 building footprints) only because the K lobe had to be carved out; if the Assessor splits Block K off, replace this file with a status.csv row on the park's new lot.", "accuracy_caveat": "REAL lot geometry (DataSF Assessor lot 8719A005) with one documented exclusion: the ~1,660 m2 Block K lobe, cut along the lot's own recorded vertices. High confidence on the boundary; the K cut is the only edited edge.", "why_no_real_parcel": "The park's lot 8719A005 exists and is active, but it still contains the unbuilt Block K's land; joining status.csv to it would draw the park over a planned block.", "regulatory_context": "Dedicated public open space, Design Controls Section 3.2: three programme 'rooms' (Plaza, Play Area, Great Lawn) linked by a Waterfront Promenade carrying the Bay Trail / Blue Greenway; Public Trust use; a Park Promenade at least 24 ft wide in front of Blocks A, G and K.", "notes": "Opened April 2024 with Phase 1. Real Assessor lot, less the planned Block K lobe.", "images": [ ], "source_doc_urls": "['https://sfyimby.com/2024/04/mision-rock-opens-waterfront-park-starts-leasing-for-verde-san-francisco.html'\n 'https://www.sfport.com/sites/default/files/2025-07/Mission%20Rock%20Design%20Controls%204.24.18_FINAL_Reduced%20File.pdf']", "street_clip_exempt": null, "p_number": null }, "geometry": { "type": "Polygon", "coordinates": [ [ [ -122.3897975, 37.7765675 ], [ -122.3897877, 37.7765742 ], [ -122.3897755, 37.7765816 ], [ -122.3897626, 37.7765884 ], [ -122.3897493, 37.7765945 ], [ -122.3897354, 37.7765999 ], [ -122.3897212, 37.7766046 ], [ -122.3897066, 37.7766086 ], [ -122.3896917, 37.7766118 ], [ -122.3896766, 37.7766142 ], [ -122.3896613, 37.7766158 ], [ -122.3896459, 37.7766167 ], [ -122.3896305, 37.7766168 ], [ -122.3877011, 37.776731 ], [ -122.3876782, 37.7767366 ], [ -122.3876577, 37.7767404 ], [ -122.387637, 37.7767432 ], [ -122.3876161, 37.7767449 ], [ -122.3875951, 37.7767455 ], [ -122.3875711, 37.7767449 ], [ -122.3875502, 37.7767432 ], [ -122.3875265, 37.77674 ], [ -122.3875119, 37.7767372 ], [ -122.3875003, 37.7767347 ], [ -122.3874861, 37.776731 ], [ -122.3874748, 37.7767277 ], [ -122.3874609, 37.7767232 ], [ -122.3874501, 37.7767191 ], [ -122.3874367, 37.7767136 ], [ -122.3874237, 37.7767077 ], [ -122.3874111, 37.7767013 ], [ -122.3873988, 37.7766944 ], [ -122.387387, 37.7766871 ], [ -122.3873778, 37.7766809 ], [ -122.3873668, 37.7766728 ], [ -122.3873562, 37.7766644 ], [ -122.3873461, 37.7766556 ], [ -122.3873385, 37.7766482 ], [ -122.3872662, 37.7763194 ], [ -122.3871044, 37.7763244 ], [ -122.3870847, 37.7761065 ], [ -122.3873885, 37.7760717 ], [ -122.3873675, 37.7758516 ], [ -122.3876271, 37.7758813 ], [ -122.3876271, 37.775881 ], [ -122.3881156, 37.7759371 ], [ -122.388158812166509, 37.775942035932417 ], [ -122.388160045, 37.775954935 ], [ -122.388160907, 37.775960867 ], [ -122.388162347, 37.775966686 ], [ -122.38816435, 37.775972336 ], [ -122.388166898, 37.775977763 ], [ -122.388169965, 37.775982913 ], [ -122.388173522, 37.775987738 ], [ -122.388177535, 37.775992192 ], [ -122.388181965, 37.77599623 ], [ -122.388186769, 37.775999815 ], [ -122.388191902, 37.776002912 ], [ -122.388197314, 37.776005491 ], [ -122.388202952, 37.776007526 ], [ -122.388208763, 37.776009 ], [ -122.38821469, 37.776009896 ], [ -122.388220677, 37.776010208 ], [ -122.388226665, 37.776009931 ], [ -122.388232597, 37.776009069 ], [ -122.388238416, 37.776007629 ], [ -122.388244066, 37.776005626 ], [ -122.388249493, 37.776003078 ], [ -122.388254643, 37.776000011 ], [ -122.388259468, 37.775996454 ], [ -122.388263922, 37.775992441 ], [ -122.38826796, 37.775988011 ], [ -122.388271545, 37.775983207 ], [ -122.388274642, 37.775978074 ], [ -122.388277221, 37.775972662 ], [ -122.388279256, 37.775967024 ], [ -122.38828073, 37.775961213 ], [ -122.388281510323651, 37.775956051193852 ], [ -122.389021909739057, 37.776040623705931 ], [ -122.389023145, 37.776053547 ], [ -122.389024008, 37.77605948 ], [ -122.389025447, 37.776065299 ], [ -122.389027451, 37.776070949 ], [ -122.389029998, 37.776076375 ], [ -122.389033065, 37.776081526 ], [ -122.389036622, 37.776086351 ], [ -122.389040635, 37.776090804 ], [ -122.389045065, 37.776094843 ], [ -122.38904987, 37.776098428 ], [ -122.389055003, 37.776101524 ], [ -122.389060414, 37.776104103 ], [ -122.389066053, 37.776106139 ], [ -122.389071863, 37.776107612 ], [ -122.389077791, 37.776108509 ], [ -122.389083777, 37.77610882 ], [ -122.389089765, 37.776108543 ], [ -122.389095698, 37.77610768 ], [ -122.389101517, 37.776106241 ], [ -122.389107167, 37.776104237 ], [ -122.389112593, 37.77610169 ], [ -122.389117744, 37.776098623 ], [ -122.389122569, 37.776095066 ], [ -122.389127022, 37.776091053 ], [ -122.389131061, 37.776086623 ], [ -122.389134646, 37.776081818 ], [ -122.389137742, 37.776076685 ], [ -122.389140321, 37.776071274 ], [ -122.389142357, 37.776065635 ], [ -122.38914383, 37.776059825 ], [ -122.389144614612533, 37.776054639734546 ], [ -122.3898245, 37.7761323 ], [ -122.389830478637293, 37.776194860989065 ], [ -122.387969474, 37.776304455 ], [ -122.387968362, 37.776292556 ], [ -122.387968237, 37.776291683 ], [ -122.387968027, 37.776290827 ], [ -122.387967734, 37.776289996 ], [ -122.387967361, 37.776289197 ], [ -122.387966912, 37.776288438 ], [ -122.38796639, 37.776287728 ], [ -122.387965801, 37.776287072 ], [ -122.387965151, 37.776286476 ], [ -122.387964446, 37.776285948 ], [ -122.387963692, 37.776285491 ], [ -122.387962897, 37.77628511 ], [ -122.387962068, 37.776284809 ], [ -122.387961214, 37.77628459 ], [ -122.387960343, 37.776284457 ], [ -122.387959463, 37.776284409 ], [ -122.387958582, 37.776284448 ], [ -122.387957709, 37.776284573 ], [ -122.387956853, 37.776284783 ], [ -122.387956022, 37.776285076 ], [ -122.387955223, 37.776285448 ], [ -122.387954464, 37.776285898 ], [ -122.387953754, 37.77628642 ], [ -122.387953098, 37.776287008 ], [ -122.387952502, 37.776287658 ], [ -122.387951974, 37.776288364 ], [ -122.387951517, 37.776289118 ], [ -122.387951136, 37.776289913 ], [ -122.387950835, 37.776290741 ], [ -122.387950616, 37.776291595 ], [ -122.387950482, 37.776292467 ], [ -122.387950435, 37.776293347 ], [ -122.387950474, 37.776294228 ], [ -122.387952393, 37.776314769 ], [ -122.387952515, 37.776315623 ], [ -122.387952717, 37.776316461 ], [ -122.387953, 37.776317276 ], [ -122.387953358, 37.77631806 ], [ -122.387953791, 37.776318806 ], [ -122.387954293, 37.776319507 ], [ -122.38795486, 37.776320157 ], [ -122.387955486, 37.776320749 ], [ -122.387956167, 37.776321279 ], [ -122.387956895, 37.776321741 ], [ -122.387957664, 37.776322131 ], [ -122.387958467, 37.776322445 ], [ -122.387959296, 37.776322681 ], [ -122.387960144, 37.776322837 ], [ -122.387961003, 37.77632291 ], [ -122.387961866, 37.776322901 ], [ -122.389832188990809, 37.776212758279442 ], [ -122.3898607, 37.7765111 ], [ -122.3897821, 37.7765481 ], [ -122.3897975, 37.7765675 ] ] ] } },
{ "type": "Feature", "properties": { "project_name": "Mission Rock Channel Lane", "site": "Pier 50 / Mission Rock", "status": "planned", "use": "park", "geometry_type": "approximate", "digitized_from": "Mission Rock Design Controls, Figure 6.2 (p.151), Figure 3.1.1 - Location Map of Open Spaces (p.45) and Section 3.4 Channel Lane (p.66).", "digitization_method": "ADDED 2026-09-17 (site-completeness pass against Design Controls Figure 3.1.1, which names six open spaces; this one was missing). Channel Lane is the pedestrian open space between Blocks J and I, from Bridgeview Street to Terry A Francois Boulevard, continuing the Channel Street / Mission Rock Square axis to Channel Wharf. Figures 1.1 and 3.1.1 fill exactly the J-to-I gap, so the polygon is Block J's two traced southern corners and Block I's two traced northern corners (both traced through the Figure 6.2 transform described in mission_rock_block_c.geojson: 0.7 m RMS on 16 real lot corners), touching both blocks exactly. Gap 21.8 m = 71 ft, matching Standard 3.4.1 (10 ft active edges along J and I plus a 50 ft maximum plaza). Area 10,272 sf. Not registered in verify_block_fill.py: no fill colour on Figure 6.2; it is derived from the registered J and I traces.", "accuracy_caveat": "APPROXIMATE (planned, unbuilt) on the undivided remainder lot 8719A006; edges are Blocks J's and I's traced edges (~1-3 m) and the TAFB property line / unbuilt Bridgeview Street line.", "why_no_real_parcel": "A real Assessor lot exists under this open space -- 8719A006, the undivided remainder of Seawall Lot 337 recorded 2020-06-12 -- but it has not been subdivided per block, so joining status.csv to it would paint the same ~9-acre parking-lot shape for every unbuilt block. Hand-derived geometry is used instead, with the lot's own lines wherever this open space touches them.", "regulatory_context": "Dedicated open space, Design Controls Section 3.4: a 50 ft maximum plaza with a 12 ft pedestrian throughway, not accessible by vehicles, a protected view corridor from Mission Rock Square to the Bay, connecting across Terry A Francois Boulevard to Channel Wharf.", "notes": "Planned pedestrian lane between Blocks J and I, not yet built (surface parking today).", "images": [ ], "source_doc_urls": [ "https://www.sfport.com/sites/default/files/2025-07/Mission%20Rock%20Design%20Controls%204.24.18_FINAL_Reduced%20File.pdf" ], "street_clip_exempt": null, "p_number": null }, "geometry": { "type": "Polygon", "coordinates": [ [ [ -122.3875227, 37.7747891 ], [ -122.3875036, 37.7745889 ], [ -122.3879951, 37.7745646 ], [ -122.3880108, 37.7747602 ], [ -122.3875227, 37.7747891 ] ] ] } },
{ "type": "Feature", "properties": { "project_name": "Mission Rock Channel Wharf", "site": "Pier 50 / Mission Rock", "status": "planned", "use": "park", "geometry_type": "approximate", "digitized_from": "DataSF Assessor lot lines: the notch of the Terry A Francois Boulevard lot 8719A003 east of the roadway, between the Pier 48 lot 8719A001 and Pier 50; cross-checked against Mission Rock Design Controls Figure 1.1 (p.10), Figure 3.1.1 (p.45) and Section 3.5 (p.68).", "digitization_method": "ADDED 2026-09-17 (site-completeness pass against Design Controls Figure 3.1.1). Channel Wharf is the paved waterfront plaza between Piers 48 and 50, east of Terry A Francois Boulevard, at the end of the Channel Street / Square / Channel Lane axis. The 2020 subdivision gave the TAFB right-of-way lot 8719A003 a rectangular notch there -- north edge shared with the Pier 48 lot 8719A001, east edge 27 m out at the wharf face, south edge on Pier 50's north line -- so the polygon is that notch, using the lots' own four recorded vertices (21,142 sf, 0.49 ac). Cross-check: IoU 0.65 against the green Channel Wharf fill traced independently on Figure 1.1 through its own transform (RMS 1.1 m); the figure's fill runs a few metres further east over the water edge than the lot line does, and its west edge is drawn at the TAFB shared zone rather than the lot line, which explains the difference. Not registered in verify_block_fill.py (no fill on Figure 6.2).", "accuracy_caveat": "APPROXIMATE but high confidence: all four edges are recorded DataSF lot lines (the notch of lot 8719A003), agreeing with the Design Controls figures to within a few metres. Planned, unbuilt open space; the notch is a working wharf / staging area today.", "why_no_real_parcel": "The wharf is part of the Terry A Francois Boulevard right-of-way lot 8719A003, which also carries the roadway and its paseo; joining status.csv to that lot would paint the whole boulevard.", "regulatory_context": "Dedicated open space, Design Controls Section 3.5: a paved working-wharf plaza with public access, seating, a large-scale industrial feature, consistent with Public Trust uses; reached from Channel Lane across TAFB.", "notes": "Planned waterfront plaza between Piers 48 and 50, not yet built.", "images": [ ], "source_doc_urls": [ "https://www.sfport.com/sites/default/files/2025-07/Mission%20Rock%20Design%20Controls%204.24.18_FINAL_Reduced%20File.pdf" ], "street_clip_exempt": null, "p_number": null }, "geometry": { "type": "Polygon", "coordinates": [ [ [ -122.386992, 37.775091 ], [ -122.38693, 37.774431 ], [ -122.38724, 37.774412 ], [ -122.387292, 37.775057 ], [ -122.386992, 37.775091 ] ] ] } },
{ "type": "Feature", "properties": { "project_name": "Mission Rock Terry A Francois Boulevard Paseo (Pier 48 entry)", "site": "Pier 50 / Mission Rock", "status": "planned", "use": "park", "geometry_type": "approximate", "digitized_from": "DataSF Assessor lot lines: the north end of the Terry A Francois Boulevard lot 8719A003 between Block K, the Pier 48 lot 8719A001 and the China Basin Park lot 8719A005; named as a paseo in Mission Rock Design Controls Figure 3.1.1 (p.45), Section 4.3 (p.90) and Figure 3.6.1 (p.71).", "digitization_method": "ADDED 2026-09-17 (site-completeness pass against Design Controls Figure 3.1.1, which marks three paseos: Shared Public Way 4.2, Terry A Francois Boulevard 4.3 and Bridgeview Street 4.4). The first two paseos north of Exposition Street were built with Phase 1 and are their own real lots (8719B001 and 8719A007, now status.csv rows). This third one -- the stub of TAFB between Block K and Pier 48 that Figure 3.6.1 draws as a paseo with a vehicular turnaround plaza serving the pier -- has no lot of its own: it is the north tip of the TAFB right-of-way lot 8719A003. The polygon uses that lot's recorded vertices for its west (Block K / park-lot lobe), north (park lot) and east (Pier 48 lot) edges, and closes on the south by extending the north lot line of the Exposition Street lot 8719A010 east to the Pier 48 lot line. Area 7,783 sf. Not registered in verify_block_fill.py (no fill on Figure 6.2). Satellite imagery shows it as the paved road to the Pier 48 gate today.", "accuracy_caveat": "APPROXIMATE but high confidence on three edges (recorded lot lines); the south edge is the Exposition Street lot line extended ~23 m east, which is where the plan's Exposition Street right-of-way ends at TAFB. Planned; today an interim roadway. ANGLE CHECK: check_geometry_quality.py flags a 12.3-12.6 deg corner here (its tolerance is 12 deg). Every vertex of this polygon is a real, recorded DataSF Assessor lot corner (see digitization_method) -- the deviation is the real lot's own shape (Bridgeview Way's paseo lot 8719A007 and the Exposition Street lot 8719A010 meet the park lot 8719A005 at a corner that is not exactly square), not a shear or a misread trace. Accepted; see docs/site-definition-of-done.md.", "why_no_real_parcel": "Part of the Terry A Francois Boulevard right-of-way lot 8719A003 (which also carries the roadway south of here and Channel Wharf); joining status.csv to it would paint the whole boulevard.", "regulatory_context": "Design Controls Section 4.3 / 3.6: the TAFB terminus is a paseo facilitating park and water-oriented access to Pier 48, with a kiosk and picnic area connecting the pier apron to China Basin Park (Figure 3.6.1).", "notes": "Planned paseo at the north end of Terry A Francois Boulevard between Block K and Pier 48; interim roadway today.", "images": [ ], "source_doc_urls": [ "https://www.sfport.com/sites/default/files/2025-07/Mission%20Rock%20Design%20Controls%204.24.18_FINAL_Reduced%20File.pdf" ], "street_clip_exempt": null, "p_number": null }, "geometry": { "type": "Polygon", "coordinates": [ [ [ -122.387627, 37.775881 ], [ -122.387367, 37.775852 ], [ -122.387342, 37.7755873 ], [ -122.387598, 37.775572 ], [ -122.387627, 37.775881 ] ] ] } },
{ "type": "Feature", "properties": { "project_name": "Pier 70 Parcel A", "site": "Pier 70", "status": "planned", "use": "commercial", "geometry_type": "approximate", "digitized_from": "Pier 70 Design for Development, Figure 6.4.2 - Maximum Building Height (p.155).", "digitization_method": "REDONE 2026-09-14: the previous version of this polygon was traced using a transform fit from 5 street intersections plus Historic Building 12's real footprint as a 6th anchor. A user-flagged visual comparison against satellite imagery showed the resulting blocks were systematically rotated/sheared (~13-14 degrees off, and not even mutually orthogonal) relative to the real street grid -- confirmed by comparing traced block bearings against the real, independently-surveyed Building 14 footprint (DataSF Building Footprints, blklot 4052001), which sits at the real street grid's true orientation (~356/86 degrees, consistent with SF's known ~4-degree grid skew). Root cause: an error in the original corner-correspondence matching, not a diagram-scan distortion. REBUILT using a fresh 6-point affine transform: 5 real street-intersection control points (20th St x Illinois St, 20th St x Michigan St, 21st St x Illinois St, 21st St x Michigan St, 22nd St x Illinois St -- fetched from OpenStreetMap via this project's own src/fetch_streets.py) plus the real, independently-confirmed centroid of Historic Building 12's own Assessor parcel (blklot 4114010) as a 6th, spatially-distant anchor. This fit has a residual error of 1-8m against its own 6 control points (far tighter than the previous transform), AND was validated by checking that it reproduces the correct real-world bearing (independently confirmed via Building 14's footprint) rather than just checking point-position error, which is what let the previous version's shear go undetected. Pixel corners for this block were re-read directly from Figure 6.4.2 with fresh, fine-grained crops. Residual error against the 6 control points is roughly 1-8m; treat vertex positions as accurate to roughly 5-15m given the additional (small) error from reading this specific block's own corners off the diagram. RE-TRACED 2026-09-16 (full Pier 70 geometry restart, after a systematic pass found 9 of this site's other 'trusted' parcels were meaningfully wrong): re-measured programmatically instead of by eye, for consistency with the rest of this site -- isolated this legend color (RGB [128,193,219]) and extracted a clean rectangular contour (OpenCV) at pixel (1203,437)-(1401,682). Converted via the same validated 6-point affine transform. Result is close to (within ~5m of) the prior hand-read version -- this parcel's own corners were already read correctly; kept for methodological consistency across the site. Still overlaps 'Noonan Building' by ~2843 m2 -- an already-documented, expected overlap given Noonan's own low-confidence, directional-only placement.", "accuracy_caveat": "APPROXIMATE -- this block is not yet built and does not correspond to any subdivided Assessor parcel: it currently sits on vacant/graded land, surface parking, or an existing industrial building slated for demolition within Brookfield's 28-acre district (unaddressed in DataSF's Assessor roll). Redone 2026-09-14 with a corrected, shear-free transform (see digitization_method) -- treat vertex positions as accurate to roughly 5-15m, not survey-grade. NOTE: this polygon is NOT clipped against real streets or existing buildings -- unlike Potrero's approximate blocks, several of Pier 70's D4D blocks are sited on existing industrial buildings that will be demolished, so overlap with a currently-real building is often expected, not an error; a boundary that appears to touch or slightly cross a street centerline reflects this transform's 1-8m residual error, not a deliberate encroachment. EXTENDED SOUTH 2026-09-17 (user-flagged): this block's south edge fell ~11m short of the real sidewalk visible in satellite imagery, leaving a strip of unclaimed vacant land between the block and the street -- consistent with this site's known local scale error for parcels far from the transform's Illinois/Michigan St anchors (see Parcel E1's digitization_method for the same root cause). The diagram itself (Figure 6.4.2) shows this block's fill running right up to the street with no setback, so extended the two south vertices by 11m (measured via satellite pixel-color transition to the real sidewalk, 3 sample transects) to close the gap, matching the diagram's own convention rather than re-deriving the whole transform.", "why_no_real_parcel": "A real Assessor parcel may exist under this block (part of Brookfield's larger, largely unaddressed 28-acre site), but it has not been subdivided per the masterplan's individual named parcels -- this uses hand-traced approximate geometry instead.", "regulatory_context": "Commercial/life-science, 90 ft max / 6 stories per Figure 6.4.2. Current design (DES Architects + Grimshaw, ~356,000-365,000 GSF, for King Street Properties' life-science program) superseded an earlier (2019) Hacker Architects + Quezada Architecture mass-timber office design (~300,000-310,000 sf, billed as one of the largest CLT office buildings in North America) -- both designs are real, the mass-timber one was simply replaced, not fabricated. No construction-start source found.", "notes": "Approximate polygon for a real, D4D-adopted parcel -- see accuracy_caveat.", "images": [ ], "source_doc_urls": [ "https://www.sfport.com/media/8123/download?inline=" ], "street_clip_exempt": null, "p_number": null }, "geometry": { "type": "Polygon", "coordinates": [ [ [ -122.3839476, 37.75996 ], [ -122.3846325, 37.7599003 ], [ -122.384671884785845, 37.760628274394442 ], [ -122.384568815, 37.760596524 ], [ -122.384563527, 37.760595151 ], [ -122.384558137, 37.760594255 ], [ -122.384552688, 37.760593845 ], [ -122.384547225, 37.760593923 ], [ -122.383986656628963, 37.760627083848476 ], [ -122.3839476, 37.75996 ] ] ] } },
{ "type": "Feature", "properties": { "project_name": "Pier 70 Parcel B", "site": "Pier 70", "status": "planned", "use": "commercial", "geometry_type": "approximate", "digitized_from": "Pier 70 Design for Development, Figure 6.4.2 - Maximum Building Height (p.155).", "digitization_method": "REDONE 2026-09-14: the previous version of this polygon was traced using a transform fit from 5 street intersections plus Historic Building 12's real footprint as a 6th anchor. A user-flagged visual comparison against satellite imagery showed the resulting blocks were systematically rotated/sheared (~13-14 degrees off, and not even mutually orthogonal) relative to the real street grid -- confirmed by comparing traced block bearings against the real, independently-surveyed Building 14 footprint (DataSF Building Footprints, blklot 4052001), which sits at the real street grid's true orientation (~356/86 degrees, consistent with SF's known ~4-degree grid skew). Root cause: an error in the original corner-correspondence matching, not a diagram-scan distortion. REBUILT using a fresh 6-point affine transform: 5 real street-intersection control points (20th St x Illinois St, 20th St x Michigan St, 21st St x Illinois St, 21st St x Michigan St, 22nd St x Illinois St -- fetched from OpenStreetMap via this project's own src/fetch_streets.py) plus the real, independently-confirmed centroid of Historic Building 12's own Assessor parcel (blklot 4114010) as a 6th, spatially-distant anchor. This fit has a residual error of 1-8m against its own 6 control points (far tighter than the previous transform), AND was validated by checking that it reproduces the correct real-world bearing (independently confirmed via Building 14's footprint) rather than just checking point-position error, which is what let the previous version's shear go undetected. Pixel corners for this block were re-read directly from Figure 6.4.2 with fresh, fine-grained crops. Residual error against the 6 control points is roughly 1-8m; treat vertex positions as accurate to roughly 5-15m given the additional (small) error from reading this specific block's own corners off the diagram. CORRECTED 2026-09-14 (fourth pass): a user-flagged visual check found this block's west edge still sitting on real pavement/curbside parking even after the transform and buffer fixes above. Root-caused: this part of the site (A/B/D/E1-E4 cluster, farthest from this transform's anchor points near Illinois/Michigan St) has a real residual scale/shear error -- confirmed by comparing the pixel gap between Blocks A and B (50px) against the real-world distance the transform produces for it (~17.6m, implying a ~2.84 px/m local scale) versus the transform's own Illinois-Michigan calibration (~3.4 px/m) -- a ~20% local discrepancy. Rather than keep tuning the transform, the west edge was instead measured directly against georeferenced ESRI World Imagery (the same satellite basemap used elsewhere in this project for visual validation): the real paved curb/parking-lot edge was located by eye against a fine lon/lat grid overlaid on the orthophoto, and this edge's coordinate was moved to match it, leaving the rest of the diagram-derived shape unchanged. This is a targeted, ground-truthed fix for this one edge, not a re-validated transform -- other edges of this block still come from the diagram transform and carry that same residual uncertainty. REPLACED 2026-09-14 (ninth pass): user pointed out this block's real boundary is directly visible on the satellite orthophoto as a light-toned perimeter path/access road (with a chain-link fence visible at the NE corner matching the D4D diagram's angled, shoreline-following cut there). Abandoned the diagram-transform derivation entirely for this block and traced the visible path directly against a fine lon/lat grid overlay -- this is ground truth, not a transformed estimate, and should be treated as more reliable than the other Pier 70 blocks that still rely on the diagram transform. CORRECTED 2026-09-14 (tenth pass): the direct satellite trace above had forced axis-aligned (horizontal/vertical) edges, but the real site grid runs ~4 degrees off true north/east (confirmed earlier via Building 14's real surveyed footprint: edges at bearing 86.4/356.5 degrees, not 90/0). Rebuilt the polygon from one anchor corner (SW) using the real bearings 86.4 deg (east-ish edges) and 356.5 deg (north-ish edges) with distances measured off the visible perimeter path, instead of independently-read corners that accidentally forced flat/vertical edges not parallel to the real curb. CORRECTED 2026-09-14 (eleventh pass): the bearing-forced version above made the bottom edge visibly wrong -- direct inspection shows the real bottom edge is nearly flat/horizontal and the west edge nearly vertical, not tilted ~4 deg like Building 14's bearing would imply. Reverted to directly-read, independent corners (west edge read as near-vertical, bottom edge as near-horizontal, NE corner keeping its visible angled fence cut) rather than forcing a uniform site-grid rotation that doesn't hold locally here. CORRECTED 2026-09-14 (twelfth pass): user confirmed the east edge and angled NE corner were correctly aligned to the real road/fence, but the other three edges were not -- rebuilt the whole polygon from those two confirmed-correct points (NE_cut, SE), deriving the site's real bearing directly from the confirmed east edge itself (not from Building 14 or an independent visual read) and constructing the west, top, and bottom edges as exactly parallel/perpendicular to it, using the previously-measured edge lengths for scale only. RE-VERIFIED 2026-09-16 (full Pier 70 geometry restart): cross-checked against a fresh programmatic color-trace of this block's Figure 6.4.2 fill (RGB [128,193,219]) -- the two disagree by more than expected (~53% IoU, diagram-trace area ~35% larger). Unlike most other Pier 70 blocks, this file's own geometry comes from real, ground-truthed satellite tracing (a visible perimeter path and fence line), not the diagram transform, and that satellite trace was validated through twelve iterative correction passes -- see the extensive history above. Rather than discard that validated ground truth for a single, less-scrutinized diagram color-trace, kept this file's existing satellite-based geometry unchanged and flagged the discrepancy honestly rather than silently picking one.", "accuracy_caveat": "APPROXIMATE -- this block is not yet built and does not correspond to any subdivided Assessor parcel: it currently sits on vacant/graded land, surface parking, or an existing industrial building slated for demolition within Brookfield's 28-acre district (unaddressed in DataSF's Assessor roll). Redone 2026-09-14 with a corrected, shear-free transform (see digitization_method) -- treat vertex positions as accurate to roughly 5-15m, not survey-grade. NOTE: this polygon is NOT clipped against real streets or existing buildings -- unlike Potrero's approximate blocks, several of Pier 70's D4D blocks are sited on existing industrial buildings that will be demolished, so overlap with a currently-real building is often expected, not an error; a boundary that appears to touch or slightly cross a street centerline reflects this transform's 1-8m residual error, not a deliberate encroachment.", "why_no_real_parcel": "A real Assessor parcel may exist under this block (part of Brookfield's larger, largely unaddressed 28-acre site), but it has not been subdivided per the masterplan's individual named parcels -- this uses hand-traced approximate geometry instead.", "regulatory_context": "Office (not residential/mixed-use, per Brookfield's own leasing brochure), 90 ft max per Figure 6.4.2 (6-story cap per D4D Section 6.4.2, not the sometimes-cited '6-8 stories'). ~500,000 RSF, Phase 3. No construction-start source found.", "notes": "Approximate polygon for a real, D4D-adopted parcel -- see accuracy_caveat.", "images": [ ], "source_doc_urls": [ "https://www.sfport.com/media/8123/download?inline=" ], "street_clip_exempt": null, "p_number": null }, "geometry": { "type": "Polygon", "coordinates": [ [ [ -122.3836815, 37.7605332 ], [ -122.3827081, 37.7606008 ], [ -122.38248, 37.76053 ], [ -122.38243, 37.76008 ], [ -122.3836219, 37.7599972 ], [ -122.3836815, 37.7605332 ] ] ] } },
{ "type": "Feature", "properties": { "project_name": "Pier 70 Parcel K North (PKN)", "site": "Pier 70", "status": "planned", "use": "residential", "geometry_type": "approximate", "digitized_from": "Pier 70 Design for Development, Figure 6.4.2 - Maximum Building Height (p.155).", "digitization_method": "REDONE 2026-09-14: the previous version of this polygon was traced using a transform fit from 5 street intersections plus Historic Building 12's real footprint as a 6th anchor. A user-flagged visual comparison against satellite imagery showed the resulting blocks were systematically rotated/sheared (~13-14 degrees off, and not even mutually orthogonal) relative to the real street grid -- confirmed by comparing traced block bearings against the real, independently-surveyed Building 14 footprint (DataSF Building Footprints, blklot 4052001), which sits at the real street grid's true orientation (~356/86 degrees, consistent with SF's known ~4-degree grid skew). Root cause: an error in the original corner-correspondence matching, not a diagram-scan distortion. REBUILT using a fresh 6-point affine transform: 5 real street-intersection control points (20th St x Illinois St, 20th St x Michigan St, 21st St x Illinois St, 21st St x Michigan St, 22nd St x Illinois St -- fetched from OpenStreetMap via this project's own src/fetch_streets.py) plus the real, independently-confirmed centroid of Historic Building 12's own Assessor parcel (blklot 4114010) as a 6th, spatially-distant anchor. This fit has a residual error of 1-8m against its own 6 control points (far tighter than the previous transform), AND was validated by checking that it reproduces the correct real-world bearing (independently confirmed via Building 14's footprint) rather than just checking point-position error, which is what let the previous version's shear go undetected. Pixel corners for this block were re-read directly from Figure 6.4.2 with fresh, fine-grained crops. Residual error against the 6 control points is roughly 1-8m; treat vertex positions as accurate to roughly 5-15m given the additional (small) error from reading this specific block's own corners off the diagram. CORRECTED 2026-09-14 (second pass, same day): after the shear fix above, a user-flagged visual check still showed this block overlapping paved streets. Root cause found: several blocks (PKN, PKS, HDY3, HDY1/2, E4) had their OWN corner pixel positions misread during transcription -- e.g. PKN's west edge was recorded as pixel x=163 when the diagram's own gridline labels put it at x=355 (which is where the Illinois St anchor point itself was measured). This was a transcription slip, not a transform error -- the 6-point transform's anchors were unaffected (confirmed: A, B, C1, C2, D, E1, E2, E3, F/G, H1, H2 were read correctly the first time). Re-read all 5 affected blocks' corners directly against their crop images' own labeled gridlines and recomputed. CORRECTED 2026-09-14 (fifth pass): user-flagged check found this block's boundary itself (not a clipping artifact) was missing an entire row of real, currently-used parking near 20th St -- the diagram-derived north edge sat ~25m south of the lot's actual northern extent. Measured directly against satellite imagery (same method as the west-edge fixes on B/E1/E2) and moved the north edge to the real curb/crosswalk line at 20th St. CORRECTED AGAIN 2026-09-14 (seventh pass): user clarified the diagonal row of angled cars along this block's west side is curbside parking on Illinois Street itself, not part of the PKN/PKS parcel -- the earlier fixes had mistakenly extended the west edge to include it. Pulled the west edge back east to -122.3874, matching where the diagonal on-street parking row ends and the lot's own perpendicular-grid parking begins (visually distinct in the satellite image). CORRECTED 2026-09-14 (eighth pass): auditing this block for the same curb-vs-lot-line mistake found and fixed on Pier 70 Building 2 (see that file's digitization_method, failure mode 6 in src/bearing_trace.py), a user-flagged review found the north edge (set in the fifth pass above) still had exactly that bug -- it was anchored on the 20th St curb/crosswalk line, one row of real angled parking too far north. That front row runs at a different angle than the rest of the lot's parking, has no visible separation from the street/crosswalk itself (i.e. it reads as curbside street parking, not a lot with its own frontage), and is set off from the second (and subsequent) rows by a real gap with a visible pavement-color change -- the same 'significant white separation' signal already used to exclude curbside parking on this block's west edge. Re-anchored the north edge at that second-row transition (approx. lon -122.38695, lat 37.76041) using this site's established grid bearing and line_intersection(). This moved the north edge roughly 7-8m south of the fifth-pass version. THIS WAS WRONG, CORRECTED 2026-09-14 (ninth pass): user clarified the eighth pass misread the imagery -- the diagonal row immediately south of the street IS part of PKN's own lot (it shares the same angle and spacing as the rest of the lot's parking), not curbside street parking. What actually sits between the street and that row is a much thinner sliver -- a single line of vehicles parked facing a DIFFERENT direction (parallel to the curb, not angled into the lot) -- that thin sliver, not the whole first diagonal row, is the real on-street parking to exclude, and it has no visible delimitation from the street itself (matching the earlier west-edge lesson: on-street parking reads as part of the street, not the lot). Re-measured the true boundary at the top edge of the diagonal row (where the angled spaces actually begin, immediately past that thin curbside sliver and the street's own paved width): lon -122.38696, lat 37.76061 -- essentially the SAME position as the fifth-pass version (within ~1m), confirming the fifth pass had already found the right line and the eighth pass's 'fix' was a real regression, not a correction. Lesson generalized in src/bearing_trace.py: when applying the curbside-parking-exclusion pattern, check the EXCLUDED band's own vehicle orientation and depth before assuming a whole matching row is street parking -- a thin, differently-angled sliver right at the curb is the real signal, not simply 'the row closest to the street.' STILL WRONG, CORRECTED 2026-09-14 (tenth pass): the ninth-pass fix anchored the whole north edge on a SINGLE measured point (at the west end) plus the site's established perpendicular bearing (86.5 degrees), rather than this specific edge's own two-point bearing -- exactly the shortcut this project's own bearing_trace.py methodology warns against (derive an edge's bearing from that edge's own two endpoints, not a borrowed one), and it produced a line that hugged the real row's top edge correctly at the west end but drifted north into the gap above the row by the east end. User annotated two separate crops (west portion and east end near the building corner) showing the true row-top edge; extracted the marked line's actual pixel path in both images and converted to real coordinates (rather than eyeballing), giving two well-separated points -- (-122.38702427, 37.76055681) and (-122.38675117, 37.76056792) -- 24m apart. Their own bearing (87.06 degrees) is close to the established 86.5 (confirms the site bearing was never the problem) but using these two real points directly, rather than one point plus an assumed bearing, fixed the drift: the resulting edge now hugs the row's top consistently at both ends, confirmed by zooming into each end separately after the fix. STILL WRONG, CORRECTED 2026-09-14 (eleventh pass): user pointed out the tenth-pass line still cut through a visible sidewalk -- a clearly lighter, more uniform-toned paved band sitting between the excluded curbside sliver and the real diagonal parking, distinct in color/texture from the lot's own darker, worn pavement. Confirmed quantitatively: averaging pixel brightness in bands parallel to the tenth-pass line (canceling out individual-car noise) showed a bright, ~3.5m-deep band immediately south of that line before brightness dropped off into the lot's own darker pavement -- i.e. the tenth-pass line sat inside the sidewalk, not at its far edge. Moved the edge 3.65m further south (same bearing, both endpoints shifted equally) to the point where the bright band ends and the lot's own pavement begins. Overlay-confirmed at both ends: a clearly lighter band is now visible between the old and new lines, and the new line sits right at the top of the real parking row with no sidewalk-toned pavement above it. TWELFTH PASS, same day (west/east edges): user asked to apply the same color-based criteria to the west and east edges, which had not been re-audited since their much earlier fixes. West edge: found the committed line ran straight through a second, distinct column of diagonal parking, splitting it in half -- there is a real walkway/gap west of that column (between it and the truly-curbside first column along Illinois St), and the whole second column sits on the PKN side of that walkway. Moved the west edge (both NW and SW, same bearing, parallel shift) 5.27m further west to that walkway, confirmed by zooming into both a wide view and a close-up: the previously-split column is now fully included and the true curbside-only column stays excluded. East edge: initially over-corrected by expanding 5.5m east, based on a large open paved apron that had similar color/texture to the lot -- user caught this: a curving driveway edge visible at the south end of that same apron indicates it's a road/driveway curve, not more lot, despite the matching pavement color. Reverted the east edge (NE, SE) back to its prior, un-expanded position -- ground color alone was not sufficient here without also reading the shape of the boundary (a curving edge is a strong road/driveway signal that overrides a same-color match). REVERTED 2026-09-16 (Pier 70 border-alignment audit): the twelve satellite-imagery-driven passes above were built on a mistaken premise -- this project maps the D4D's PLANNED layout (including streets and open space not yet built) against today's satellite imagery as a backdrop, not the other way around. Snapping this parcel's boundary to today's real parking-lot striping was wrong: it silently deleted 'Public Open Space' shown directly on Figure 6.4.2 (a green strip between this block and 20th St) and erased '21ST ST (NEW)' entirely, a real, deliberately-labeled future street the diagram draws with its own paved width between PKN and PKS. Re-traced this block directly from Figure 6.4.2 instead: programmatic pixel-color detection (isolating this legend color, RGB [169,143,173]) found this block's own purple fill spans pixel x 420-665, y 475-787 in the 2376x1836 source image (y=475 is where the fill begins, south of the green open-space strip; y=787 is this block's south edge, north of 21ST ST (NEW)'s own ~35px/~20m-wide drawn width) -- converted via the same validated 6-point affine transform used for this site's other numbered parcels. This restores the diagram's own street and open-space gaps that the satellite-snapping passes had collapsed to zero. The satellite-based lessons above (curbside-parking exclusion, sidewalk-color detection, driveway-curve reading) remain useful technique notes for tracing REAL/existing features elsewhere in this project, but do not apply to this PLANNED parcel's own boundary. CORRECTED 2026-09-17 (streets/block-alignment review, prompted by a user request to audit street alignment sitewide): the pixel measurement immediately above ('x 420-665, y 475-787') was taken from a 2376x1836-resolution copy of Figure 6.4.2, but was then run through this site's 6-point affine transform, which was calibrated against the 2200x1700-resolution page171.png -- a resolution mismatch that silently shifted this whole block by the 2376/2200 = 1.08x scale factor (the same class of bug independently found and fixed on Building 21's old trace). Re-measured directly on page171.png (2200x1700) with the same color-isolation method: this block's true purple fill is pixel (389,440)-(578,728), a clean rectangle -- notably narrower on the east side than the old (665, unscaled) reading, which turns out to have also simply misread that edge (verified: a pixel scan at y=600 shows the fill ending at x~578-580, then a black border, then white street pavement -- there is no fill out to x=615 (665/1.08), so the east edge was doubly wrong, not just unscaled). Cross-checked against the neighboring blocks this touches: the corrected PKN-PKS gap (21st St NEW) is now 15.4m (previously reported as 19-26m under the old, larger trace -- both are plausible street widths, but 15.4m is what the corrected geometry actually gives), and this fix also required correcting the '20th Street Plaza' frontage strip (data/manual/pier70_pkn_frontage_plaza.geojson), which had explicitly copied this block's old (wrong) x-range and south-edge y-value -- see that file's own digitization_method. CORRECTED AGAIN 2026-09-17 (same day, after PKS was found badly mispositioned): PKS was ground-truthed against the real 21st St centerline and moved ~25m south (see pier70_pks.geojson) -- as a direct consequence, this block's own south edge, while not itself overlapping any real street (only 4.5% buffer overlap, not flagged), left an oversized ~40m gap to PKS's new position, far wider than Figure 6.4.2's own drawn '21ST ST (NEW)' width (~20m) or this street's real curb-to-curb width (~13-15m, measured elsewhere in this project). Extended this block's own south edge further south to close that gap: interpolated the real 21st St centerline's latitude at this edge's own two longitudes and set the edge 6.8m north of it (the same real curb-to-centerline half-width used sitewide). New PKN-PKS gap is 13.5m, consistent with the street's real measured width; confirmed 0 overlap with 21st St itself. RE-INVESTIGATED 2026-09-17 (yet again, same day, after user feedback called the prior revert-and-redo cycle 'mostly a downgrade' and asked for a clarifying question rather than another guess): went back to first principles instead of more pixel geometry. Two checks, both requested by the user: (1) searched the D4D's own text (Section 4.11, Specific Streets Design Intent) for any description of 21st St being relocated or realigned -- found none; it describes 21st St as 'primarily serves as an alley from Illinois Street to the waterfront,' with no mention of a moved alignment. (2) Pulled real satellite imagery (src/satellite_check.py) directly over where DataSF's official centerline (CNN 15232000/15233000) says 21st St runs between Illinois and Michigan St -- it shows vegetation, graded dirt, a tree, and a vehicle-storage yard: zero pavement. So the earlier 'the D4D relocates 21st St' theory (this file's own prior REVERTED/RETRACTED entries) was an overreach from a real but simpler fact: DataSF's centerline here is a paper (platted, unbuilt) alignment, the same failure mode as three other already-excluded CNNs in street_geometry.py (12915000, 15200000, 15228000) -- not a deliberate relocation. Added CNN 15232000/15233000 to that same exclusion list, with the satellite evidence documented there. User's explicit instruction: note that this stretch of 21st St isn't built yet, but for this map's purpose (showing the planned FUTURE parcel state) treat the diagram's own drawn '21ST ST (NEW)' position as authoritative. Restored this block to its pure diagram-transform position accordingly -- the same value already found and confirmed multiple times this project (most recently before the mistaken ground-truth shift below). REPOSITIONED 2026-09-17 (user override: 'take my input as override... turn that Michigan span into 21st st and adjust parcel positioning accordingly'): re-anchored to the corrected planned 21st St line (see pier70_21st_street.geojson -- built from Michigan St's own real terminus point, perpendicular to Illinois/Louisiana's real ~175.5-degree bearing), replacing the Figure 6.4.2 pixel-traced position used previously. Only this block's south edge changes (north/east/west edges, anchored to real 20th St, are untouched): snapped to the new anchor line's position 6.8m north of its centerline (this project's curb half-width) at each corner's own longitude. This block grows -- its south edge moves further south than the previous pixel-traced position, since the new, real-anchored '21st St (NEW)' sits further south than the diagram pixel trace did. ADJUSTED 2026-09-17 (two user-flagged issues, same pass): (1) east edge extended to real Michigan St (this block's previous east edge stopped well short of Michigan St's real position, leaving an unclaimed ~13-19m gap the user called out as 'arbitrary') -- computed Michigan's real centerline (CNN 8999001) at this block's own corner latitudes and set the edge 9.8m west of it (6.8m curb + ~3m sidewalk allowance, per the D4D's own cited 55-67ft ROW range for this class of street). (2) north edge moved south by 10m ('a notch,' a judgment call per the user's own phrasing, not a diagram or survey measurement) to give the 20th St Plaza more depth, since this block's own south edge had already grown substantially in the prior round -- see pier70_pkn_frontage_plaza.geojson for the matching extension. CORRECTED 2026-09-17 (user-flagged: 'HDY3 should border Illinois like PKS and PKN, in the continuity'): this block's own SW corner, PKS's NW/SW corners, and HDY3's NW corner had each been independently traced/measured against Illinois St at different times, leaving a several-meter 'wobble' between the three blocks' own west edges instead of one continuous line. Recomputed this block's SW corner from a single shared formula (used identically on PKS and HDY3): interpolate real Illinois St's centerline (CNN 7169000) longitude at this corner's own latitude, then offset 9.8m east (this project's standard curb+sidewalk allowance) -- see pier70_hdy3.geojson's own digitization_method for the full writeup covering all three blocks together.", "accuracy_caveat": "APPROXIMATE -- this block is not yet built and does not correspond to any subdivided Assessor parcel: it currently sits on vacant/graded land, surface parking, or an existing industrial building slated for demolition within Brookfield's 28-acre district (unaddressed in DataSF's Assessor roll). RE-TRACED 2026-09-17 directly from Figure 6.4.2 at the correct source resolution (see digitization_method) -- treat vertex positions as accurate to roughly 5-15m, not survey-grade. This deliberately does NOT match today's satellite imagery of the parking lot -- this parcel's boundary represents the D4D's planned footprint, including '21ST ST (NEW)' and the '20th Street Plaza' open-space strip (data/manual/pier70_pkn_frontage_plaza.geojson), neither of which is built yet.", "why_no_real_parcel": "A real Assessor parcel may exist under this block (part of Brookfield's larger, largely unaddressed 28-acre site), but it has not been subdivided per the masterplan's individual named parcels -- this uses hand-traced approximate geometry instead.", "regulatory_context": "Residential, 65 ft max / 6 stories, 245 for-sale condominium units, 377,506 sf building, Handel Architects. Developer is TMG Partners + Presidio Bay Ventures -- NOT Brookfield; this parcel was purchased directly from the Port in Feb 2019 and is 'fully entitled' but has no confirmed groundbreaking as of the most recent research pass (2026).", "notes": "Approximate polygon for a real, D4D-adopted parcel -- see accuracy_caveat.", "images": [ ], "source_doc_urls": [ "https://www.sfport.com/media/8123/download?inline=" ], "street_clip_exempt": null, "p_number": null }, "geometry": { "type": "Polygon", "coordinates": [ [ [ -122.386689, 37.760404317883918 ], [ -122.386588, 37.759425216246868 ], [ -122.387340383, 37.759384600771959 ], [ -122.387360299903392, 37.759509353610291 ], [ -122.387440246970826, 37.760351124029107 ], [ -122.386689, 37.760404317883918 ] ] ] } },
{ "type": "Feature", "properties": { "project_name": "PKN Frontage Open Space (20th Street) -- approximate", "site": "Pier 70", "status": "planned", "use": "park", "geometry_type": "approximate", "digitized_from": "Pier 70 Design for Development, Figure 3.3.1 - Illustrative Open Space Plan (p.51).", "digitization_method": "ADDED 2026-09-16 (Pier 70 systematic feature-by-feature pass): Figure 3.3.1 shows a landscaped strip along Parcel K North (PKN)'s own 20th Street frontage -- a hardscape/lawn/seating area distinct from PKN's own building footprint -- that was not yet tracked in this dataset at all (this dataset had zero Pier 70 open-space features before this pass, unlike Potrero which has four). Confirmed Figure 3.3.1 shares the exact same page layout/pixel grid as Figure 6.4.2 (verified by overlaying already-traced parcel boundaries from 6.4.2 directly onto 3.3.1 -- they align pixel-for-pixel), so this site's already-validated 6-point affine transform (see Pier 70 Parcel A's digitization_method) was reused directly rather than re-deriving a new one. Traced this strip's bounding box directly: pixel x 420-665 (matching PKN's own east-west extent exactly, so this shares an exact boundary with PKN and cannot overlap it), y 401-475 (from the site's own Project Site Boundary line at 20th St down to where PKN's own building fill begins). This is a simplified bounding-box trace of an illustrative (non-dimensioned) rendering -- Figure 3.3.1 shows internal detail (a gated courtyard-like area, lawn panels, and a seating/game-court area) that this polygon does not attempt to subdivide. CORRECTED 2026-09-17 (streets/block-alignment review): both pixel values above ('x 420-665', 'y...475') were inherited directly from PKN's own 2376x1836-resolution measurement, which turned out to have been run through the 2200x1700-calibrated affine transform unrescaled -- a confirmed bug (see pier70_pkn.geojson's digitization_method) that also mismeasured PKN's east edge independent of the scale error. Since this plaza was defined to share PKN's exact x-range by construction, it inherited both problems. Corrected to match PKN's newly-retraced, correct-resolution contour exactly: x 389-578 (PKN's real east-west extent), y 371-440 (440 = PKN's corrected north edge, matched exactly so the shared boundary still can't overlap; 371 = 401/1.08, rescaling the south-boundary-line pixel reading since it comes from Figure 3.3.1, not 6.4.2, and there is no independent legend-color fill to re-detect there). Confirmed 0m gap / 0 overlap against the corrected PKN. EXEMPTED FROM STREET CLIPPING 2026-09-17 (user-flagged: 'tiny and divided by the road'): join_approximate.py's automatic real-street clip was silently discarding ~69% of this feature (leaving a ~384 sq m sliver of the traced ~1,255 sq m, and splitting it into disconnected fragments where the real street's buffer cut through it) -- which is exactly what 'tiny and divided by the road' looks like. Investigated whether this was the same kind of mispositioning bug found on C1/PKS: it is not. This strip's whole purpose (per Figure 3.3.1) is to replace part of TODAY's wider real 20th Street with tomorrow's narrower street + landscaped frontage -- the same 'the diagram's plan overrides today's satellite imagery' principle already hard-won on PKN itself (see that file's own extensive revert history, where satellite-snapping this exact frontage was tried and explicitly reverted for the same reason). Real curb data here doesn't cleanly separate 'street' from 'lot' anyway (this whole area is currently one undifferentiated surface parking lot, same ambiguity documented on PKS before its own unrelated positioning bug was found). Set street_clip_exempt so this feature renders at its full traced size against the real, planned frontage depth Figure 3.3.1 shows, rather than being cut down to whatever survives clipping against a street this plan is meant to narrow. REVERSED 2026-09-17, SAME DAY (user-flagged: 'not on 20th street? Should be south of 20th'): wrong call -- checked where this polygon's north edge actually sits relative to the real 20th St centerline (not just the buffer) and found it extends 70-95m PAST the centerline, onto the north side of 20th Street entirely (into the block containing Buildings 102/104), not just a modest planned narrowing of the near curb. The 'illustrative rendering, rescaled pixel estimate' north edge (see above) was simply wrong, not a legitimate planned encroachment -- removed street_clip_exempt and properly ground-truthed this edge instead: interpolated the real 20th St centerline's latitude at this polygon's own two longitudes and set the north edge 6.8m south of it (this project's standard real curb-to-centerline half-width). Available real depth here is thin (4-6m, similar to PKN's own south-edge finding against 21st St) -- resulting area is ~305 sq m, much smaller than the original ~1,255 sq m illustrative-bbox trace. This is a real, if narrow, sidewalk-scale frontage strip, not the deeper plaza Figure 3.3.1's illustrative (non-dimensioned) rendering suggested -- treat the diagram's own depth for this specific feature as unreliable rather than assume more real room exists than the confirmed street position allows. EXTENDED 2026-09-17 (user-flagged: since PKN grew, shrink it on the north side to give this plaza more depth): south edge (matching PKN's own north edge) moved south by 10m to match PKN's own north-edge adjustment -- see that file. This plaza's own north/east/west edges (already ground-truthed against the real 20th St corner) are unchanged; only the depth grows. EXTENDED 2026-09-17 (user-flagged: 'should expand to Michigan just like PKN'): this plaza's own east edge had never been extended to Michigan St when PKN's was (PKN's own east edge extension to Michigan, described in that file's digitization_method, was never propagated here) -- it stopped ~20-27m short. SE corner snapped exactly onto PKN's own NE corner (the shared boundary, now consistent to the last digit); NE corner (this plaza's own northern extent, where PKN doesn't reach) computed the same way as PKN's own east edge: 9.8m west of real Michigan St's centerline (CNN 8999000) at this corner's own latitude. Area grows from ~305 to ~1,094 sq m.", "accuracy_caveat": "LOW-MODERATE CONFIDENCE -- Figure 3.3.1 is an illustrative, non-dimensioned rendering (no scale-accurate internal boundaries, unlike the D4D's own numbered-parcel figures), so this is a simplified bounding-box trace, not a precise outline. No specific proper name was found for this feature in the D4D text found so far (unlike Irish Hill Remnant, Waterfront Terrace, Slipways Commons, and the Waterfront Promenade, which are each the subject of their own named, detailed sub-figure elsewhere in the document) -- treat this name as a neutral, location-based placeholder pending a better source, not a confirmed D4D name. Its south/east/west edges match PKN's newly-retraced boundary (see digitization_method); its north edge is now ground-truthed against the real 20th St centerline (6.8m curb offset) rather than Figure 3.3.1's own illustrative depth, which turned out to extend past the real street entirely. Resulting strip is real but thin (~305 sq m) -- narrower than the diagram's own illustrative rendering implies.", "why_no_real_parcel": "Open space with no subdivided Assessor parcel of its own within Brookfield's largely unaddressed 28-acre site.", "regulatory_context": "Part of the Pier 70 D4D's Open Space Network (Section 3), shown on Figure 3.3.1 as landscaped open space along Parcel K North's 20th Street frontage. No further detail (name, area, specific program) found in the D4D text located so far.", "notes": "Newly added 2026-09-16 as part of a systematic pass adding this site's previously-untracked open space -- see accuracy_caveat.", "images": [ ], "source_doc_urls": [ "https://www.sfport.com/media/8123/download?inline=" ], "street_clip_exempt": null, "p_number": null }, "geometry": { "type": "Polygon", "coordinates": [ [ [ -122.386692889824957, 37.760531736136663 ], [ -122.386689, 37.760404317883918 ], [ -122.387440246970826, 37.760351124029107 ], [ -122.387451216, 37.760466618 ], [ -122.387451219, 37.760466645 ], [ -122.387451251, 37.760467031 ], [ -122.387451274, 37.760467409 ], [ -122.387451289, 37.760467783 ], [ -122.387451295, 37.760468161 ], [ -122.387451293, 37.760468543 ], [ -122.387451283, 37.76046892 ], [ -122.387451265, 37.760469295 ], [ -122.387451238, 37.760469673 ], [ -122.387451203, 37.760470053 ], [ -122.38745116, 37.76047043 ], [ -122.387451108, 37.760470806 ], [ -122.387451048, 37.760471185 ], [ -122.387450979, 37.760471564 ], [ -122.387450903, 37.760471938 ], [ -122.387450817, 37.760472315 ], [ -122.387450723, 37.760472694 ], [ -122.38745062, 37.76047307 ], [ -122.38745051, 37.760473443 ], [ -122.38745039, 37.76047382 ], [ -122.38745026, 37.760474198 ], [ -122.387450124, 37.76047457 ], [ -122.387449977, 37.760474945 ], [ -122.387449822, 37.76047532 ], [ -122.387449658, 37.760475693 ], [ -122.387449486, 37.760476066 ], [ -122.387449304, 37.760476437 ], [ -122.387449114, 37.760476807 ], [ -122.387448915, 37.760477175 ], [ -122.387448707, 37.760477543 ], [ -122.387448488, 37.760477912 ], [ -122.38744826, 37.760478279 ], [ -122.387448027, 37.760478639 ], [ -122.387447783, 37.760479001 ], [ -122.387447525, 37.760479366 ], [ -122.387447263, 37.760479724 ], [ -122.387446994, 37.760480077 ], [ -122.387446714, 37.760480429 ], [ -122.387446422, 37.760480783 ], [ -122.387446122, 37.760481133 ], [ -122.387445815, 37.760481479 ], [ -122.387445497, 37.760481825 ], [ -122.387445172, 37.760482164 ], [ -122.387444838, 37.760482501 ], [ -122.387444494, 37.760482835 ], [ -122.387444144, 37.760483164 ], [ -122.387443782, 37.760483492 ], [ -122.387443411, 37.760483817 ], [ -122.387443035, 37.760484135 ], [ -122.387442649, 37.76048445 ], [ -122.387442255, 37.760484761 ], [ -122.387441853, 37.760485067 ], [ -122.387441441, 37.760485369 ], [ -122.387441022, 37.760485667 ], [ -122.387440596, 37.760485959 ], [ -122.387440161, 37.760486246 ], [ -122.387439719, 37.760486528 ], [ -122.38743927, 37.760486805 ], [ -122.387438812, 37.760487077 ], [ -122.38743835, 37.760487341 ], [ -122.387437878, 37.760487601 ], [ -122.387437399, 37.760487856 ], [ -122.387436914, 37.760488104 ], [ -122.387436426, 37.760488344 ], [ -122.387435927, 37.76048858 ], [ -122.387435421, 37.76048881 ], [ -122.387434913, 37.760489032 ], [ -122.387434395, 37.760489248 ], [ -122.387433874, 37.760489457 ], [ -122.387433347, 37.76048966 ], [ -122.387432814, 37.760489855 ], [ -122.387432277, 37.760490043 ], [ -122.387431735, 37.760490224 ], [ -122.387431186, 37.760490398 ], [ -122.387430632, 37.760490565 ], [ -122.387430076, 37.760490724 ], [ -122.387429516, 37.760490875 ], [ -122.387428951, 37.760491019 ], [ -122.387428381, 37.760491155 ], [ -122.38742781, 37.760491284 ], [ -122.387427233, 37.760491404 ], [ -122.387426655, 37.760491517 ], [ -122.387426075, 37.760491622 ], [ -122.387425488, 37.760491719 ], [ -122.3874249, 37.760491808 ], [ -122.387424313, 37.760491888 ], [ -122.38742372, 37.760491961 ], [ -122.387423128, 37.760492026 ], [ -122.387422535, 37.760492082 ], [ -122.387421937, 37.76049213 ], [ -122.387421308, 37.760492172 ], [ -122.387017695785261, 37.760516211712925 ], [ -122.386692889824957, 37.760531736136663 ] ] ] } },
{ "type": "Feature", "properties": { "project_name": "Pier 70 Waterfront Open Space (Waterfront Terrace / Slipways Commons / Waterfront Promenade / Pier 70 Shoreline) -- combined, approximate", "site": "Pier 70", "status": "planned", "use": "park", "geometry_type": "approximate", "digitized_from": "Pier 70 Design for Development, Figure 6.4.2 - Maximum Building Height (p.155); named/numbered per Figure 3.4.1 - Overview of Public Spaces (p.52).", "digitization_method": "ADDED 2026-09-16 (Pier 70 systematic feature-by-feature pass): the D4D names four separate open spaces along this site's waterfront -- Waterfront Terrace (Fig 3.4.1 zone 1, near Parcel B), Slipways Commons (zone 2, the plaza between E1/E4 and E2/E3), Waterfront Promenade (zone 3, the shoreline path), and Pier 70 Shoreline (zone 4, near the point north of E4) -- but Figure 3.4.1 itself (and Figure 6.4.2's own 'Public Open Space' fill, used here) renders all four as ONE continuous, undivided green area with no internal boundary line drawn anywhere between them. Rather than fabricate a specific dividing line that no source shows, this is tracked as one combined feature covering all four. Traced via programmatic pixel-color detection (isolating Figure 6.4.2's 'Public Open Space' fill color, RGB [194,218,106], with morphological closing to bridge small text/icon gaps, then an OpenCV contour extraction simplified to ~35 vertices) rather than hand-clicking, since this is a long, irregularly-shaped (and intentionally jagged/riprap-shore-like, per the diagram's own hatching) strip. Converted via this site's validated 6-point affine transform. Clipped against Parcels E1, E4, E3, and H2's own already-committed geometries via shapely difference() (the raw pixel trace overlapped each by a small amount, and building parcels take priority over this open-space trace) -- this produced a MultiPolygon with one large piece (~3.0 acres) and a smaller ~0.23-acre piece separated by H2. NOT clipped against Building 21 or Elevation Sky Park (this site's own already-acknowledged low-confidence markers) for the same reason those aren't clipped against E1-E4 elsewhere in this dataset. GAP FILLED 2026-09-17 (user-flagged): a ~31m gap existed directly east of Parcel E3 -- this polygon's two pieces each nearly touched E3 near its NW and SW corners (per the earlier clip against E1/E4/E3/H2) but nothing filled the shoreline strip along E3's own east edge in between, even though Figure 6.4.2 shows this whole shoreline band as one continuous Public Open Space area with no break at E3. Added a connecting piece along E3's east edge, bounded on the east by the real Port Jurisdiction boundary (data/raw/port_jurisdiction.geojson, the same authoritative shoreline/bulkhead line already used elsewhere in this project) rather than an invented shoreline shape, and clipped against E3's current (2026-09-17, extended-south) geometry so it doesn't overlap it.", "accuracy_caveat": "APPROXIMATE, AND KNOWINGLY UNSUBDIVIDED -- combines four D4D-named open spaces (Waterfront Terrace, Slipways Commons, Waterfront Promenade, Pier 70 Shoreline) into one polygon because no source found draws a boundary between them; do not treat this as a single named place. Total traced area (~4.0-4.3 acres before/after clipping) is a reasonable match to the D4D's own combined figures (a ~5.0-acre waterfront area covering the first three, plus part of a ~1,300-linear-foot shoreline) but is not a precise subdivision or survey. Programmatically traced from a diagram's fill color, not hand-verified vertex-by-vertex.", "why_no_real_parcel": "Open space with no subdivided Assessor parcel of its own within Brookfield's largely unaddressed 28-acre site.", "regulatory_context": "Part of the Pier 70 D4D's Open Space Network (Section 3) -- specifically Sections 3.5 (Waterfront Terrace), 3.6 (Slipways Commons), 3.7 (Waterfront Promenade), and 3.8 (Pier 70 Shoreline, ~1,300 linear feet). Together with Building 12 Plaza/Market Square, 20th Street Plaza, Irish Hill Corner Plaza, and Irish Hill Playground, these comprise the D4D's total nine acres of public open space (Section 3.4).", "notes": "Newly added 2026-09-16 as part of a systematic pass adding this site's previously-untracked open space -- see accuracy_caveat for why this combines four named D4D spaces into one polygon.", "images": [ ], "source_doc_urls": [ "https://www.sfport.com/media/8123/download?inline=" ], "street_clip_exempt": null, "p_number": null }, "geometry": { "type": "Polygon", "coordinates": [ [ [ -122.3818834, 37.7582679 ], [ -122.381865839438632, 37.758307627171632 ], [ -122.381621218, 37.758321124 ], [ -122.381615256, 37.758321747 ], [ -122.381609383, 37.758322952 ], [ -122.381603658, 37.758324727 ], [ -122.381598133, 37.758327054 ], [ -122.381592864, 37.758329912 ], [ -122.381587899, 37.758333272 ], [ -122.381583288, 37.758337103 ], [ -122.381579075, 37.758341367 ], [ -122.3815753, 37.758346024 ], [ -122.381572, 37.758351029 ], [ -122.381569206, 37.758356332 ], [ -122.381566946, 37.758361884 ], [ -122.38156524, 37.758367631 ], [ -122.381564106, 37.758373518 ], [ -122.381563554, 37.758379487 ], [ -122.381563591, 37.758385481 ], [ -122.381564214, 37.758391443 ], [ -122.381565419, 37.758397316 ], [ -122.381567194, 37.758403041 ], [ -122.381569521, 37.758408566 ], [ -122.381572379, 37.758413835 ], [ -122.381575739, 37.7584188 ], [ -122.38157957, 37.758423411 ], [ -122.381583834, 37.758427624 ], [ -122.381588491, 37.758431399 ], [ -122.381593496, 37.758434699 ], [ -122.381598799, 37.758437493 ], [ -122.381604351, 37.758439753 ], [ -122.381610098, 37.758441459 ], [ -122.381615985, 37.758442593 ], [ -122.381621954, 37.758443145 ], [ -122.381627948, 37.758443108 ], [ -122.3818239726793, 37.758432292418007 ], [ -122.3818279, 37.7584982 ], [ -122.381874712339879, 37.759290310411089 ], [ -122.3818754, 37.7593019 ], [ -122.3827022, 37.7592298 ], [ -122.3827009, 37.7591589 ], [ -122.383598405847692, 37.759085913972342 ], [ -122.383631842299678, 37.759432842014604 ], [ -122.383536, 37.7594412 ], [ -122.3835203, 37.7592944 ], [ -122.3832722, 37.7593142 ], [ -122.3832881, 37.7594628 ], [ -122.3827882, 37.7595064 ], [ -122.3827691, 37.7593275 ], [ -122.3824308, 37.759417 ], [ -122.3824486, 37.7595835 ], [ -122.3823178, 37.7596213 ], [ -122.382334201296246, 37.759866581669122 ], [ -122.382197625, 37.759874781 ], [ -122.382196567, 37.759874897 ], [ -122.382195495, 37.759874946 ], [ -122.38219358, 37.759875224 ], [ -122.382191666, 37.759875433 ], [ -122.382190623, 37.759875652 ], [ -122.382189562, 37.759875806 ], [ -122.382187685, 37.75987627 ], [ -122.3821858, 37.759876666 ], [ -122.382184782, 37.759876987 ], [ -122.382183742, 37.759877244 ], [ -122.382181919, 37.75987789 ], [ -122.382180083, 37.759878469 ], [ -122.382179099, 37.759878889 ], [ -122.382178092, 37.759879246 ], [ -122.382176345, 37.759880065 ], [ -122.38217457, 37.759880823 ], [ -122.382173637, 37.759881335 ], [ -122.382172664, 37.759881791 ], [ -122.382170998, 37.759882782 ], [ -122.382169314, 37.759883706 ], [ -122.382168434, 37.759884308 ], [ -122.382167513, 37.759884856 ], [ -122.382165952, 37.759886006 ], [ -122.382164366, 37.759887091 ], [ -122.382163552, 37.759887774 ], [ -122.382162686, 37.759888412 ], [ -122.382161244, 37.75988971 ], [ -122.382159774, 37.759890944 ], [ -122.382159028, 37.759891706 ], [ -122.382158232, 37.759892423 ], [ -122.382156939, 37.759893841 ], [ -122.382155581, 37.759895228 ], [ -122.382154905, 37.759896071 ], [ -122.382154192, 37.759896852 ], [ -122.382153045, 37.759898388 ], [ -122.382151829, 37.759899903 ], [ -122.382151245, 37.759900798 ], [ -122.382150605, 37.759901655 ], [ -122.382149604, 37.759903313 ], [ -122.382148553, 37.759904924 ], [ -122.38214806, 37.75990587 ], [ -122.382147507, 37.759906787 ], [ -122.382146674, 37.759908533 ], [ -122.382145785, 37.759910241 ], [ -122.382145388, 37.759911229 ], [ -122.382144926, 37.759912198 ], [ -122.38214427, 37.759914013 ], [ -122.382143551, 37.759915804 ], [ -122.38214325, 37.759916836 ], [ -122.382142889, 37.759917836 ], [ -122.382142414, 37.759919707 ], [ -122.382141874, 37.759921559 ], [ -122.382141678, 37.759922602 ], [ -122.382141413, 37.759923646 ], [ -122.382141123, 37.759925559 ], [ -122.382140768, 37.759927451 ], [ -122.382140674, 37.759928523 ], [ -122.382140515, 37.759929573 ], [ -122.382140415, 37.759931484 ], [ -122.382140245, 37.759933422 ], [ -122.382140257, 37.759934495 ], [ -122.382140201, 37.759935559 ], [ -122.38214029, 37.759937493 ], [ -122.382140311, 37.759939417 ], [ -122.382140427, 37.759940475 ], [ -122.382140476, 37.759941547 ], [ -122.382190028, 37.760461846 ], [ -122.382190945, 37.760468064 ], [ -122.382192496, 37.760474154 ], [ -122.382194664, 37.760480053 ], [ -122.382197427, 37.760485698 ], [ -122.382200756, 37.760491029 ], [ -122.382204614, 37.76049599 ], [ -122.382208962, 37.760500528 ], [ -122.382213754, 37.760504595 ], [ -122.382219950584513, 37.760509329171008 ], [ -122.3822273, 37.7606094 ], [ -122.3826694, 37.7610283 ], [ -122.3824803, 37.7609595 ], [ -122.3822375, 37.7611256 ], [ -122.3820351, 37.7608051 ], [ -122.3819651, 37.7598623 ], [ -122.3814333, 37.7598717 ], [ -122.3814286, 37.7598011 ], [ -122.3815416, 37.7597742 ], [ -122.3814939, 37.7595284 ], [ -122.3813969, 37.7594828 ], [ -122.3815073, 37.7594164 ], [ -122.381496418757166, 37.759303293628392 ], [ -122.3814467, 37.759305 ], [ -122.381446875681959, 37.758518998901366 ], [ -122.3814322, 37.7585198 ], [ -122.3813091, 37.7584308 ], [ -122.3814469, 37.7584102 ], [ -122.38151, 37.7582883 ], [ -122.3818834, 37.7582679 ] ] ] } },
{ "type": "Feature", "properties": { "project_name": "Crane Cove Park", "site": "Pier 70", "status": "complete", "use": "park", "geometry_type": "real", "digitized_from": "OpenStreetMap (way 853562207, leisure=park, operator=Port of San Francisco, wikidata=Q108550863) -- a real, community-surveyed park boundary, not a diagram trace.", "digitization_method": "ADDED 2026-09-17 (user-prompted site-completeness check): while confirming this map covers the full extent of the Pier 70 D4D, found that Figure 6.4.2 (the diagram this whole Pier 70 layer is built from) only depicts Brookfield's 28-acre leased parcel -- one of four components of the Port's 69-acre Pier 70 Preferred Master Plan (the others being Orton Development's ~5-acre historic core, already fully covered by this project's Building 101/102/104/113-116/2/12/14/21 features; Crane Cove Park itself, ~8 acres; and BAE Systems' ~28-acre active ship-repair yard/dry docks, left out of this map as continuing industrial use with no development status to track, the same reasoning already applied to Potrero's PG&E Switchyard). Crane Cove Park was never on Figure 6.4.2 at all since it's a separate, Port-led public capital project (funded by 2008/2012 Parks Bonds + grants, opened 2020) rather than part of Brookfield's D4D. Fetched its real boundary from OpenStreetMap (Overpass API, name~'Crane Cove', tagged leisure=park / operator=Port of San Francisco / wikidata=Q108550863 -- confirms this is the right feature, not a guess) rather than hand-tracing or estimating a bounding box. Real, closed-ring polygon, 34 vertices, ~6.26 acres (OSM's own traced boundary; public sources cite 7-8 acres for the overall park including areas like the boat launch/beach this specific way may not fully enclose -- treating the smaller OSM figure as what's confirmed rather than inflating to match the citation).", "accuracy_caveat": "HIGH CONFIDENCE -- real, community-surveyed OSM polygon (not a hand trace or estimate), independently confirmed via its own leisure=park/operator/wikidata tags. Its area (~6.26 acres) is somewhat smaller than the ~7-8 acres commonly cited for the park in press/Port sources -- likely because this specific traced way covers the core landscaped park and not every associated feature (e.g. the boat launch apron or beach edge); not adjusted to match the citation since the citation isn't itself a boundary.", "why_no_real_parcel": "Port-owned public open space with no subdivided Assessor parcel of its own.", "regulatory_context": "Delivered under the Port of San Francisco's Pier 70 Preferred Master Plan (2010) as the public-open-space component of the overall 69-acre Pier 70 site, distinct from and adjacent to Brookfield's 28-acre D4D redevelopment parcel this project's other Pier 70 features are drawn from. Centered on two restored historic shipyard cranes; includes a human-powered boating center and public waterfront/beach access.", "notes": "Added 2026-09-17 after a user question about whether this map covers the full Pier 70 master plan surfaced that Figure 6.4.2 only covers Brookfield's 28 of the site's 69 acres.", "images": [ ], "source_doc_urls": [ "https://www.sfport.com/projects-programs/crane-cove-park-project-information" ], "street_clip_exempt": null, "p_number": null }, "geometry": { "type": "Polygon", "coordinates": [ [ [ -122.3876775, 37.7640107 ], [ -122.3867223, 37.7640598 ], [ -122.386715, 37.7639243 ], [ -122.3863392, 37.7636125 ], [ -122.3864283, 37.7634108 ], [ -122.3861525, 37.7633456 ], [ -122.3867446, 37.7621311 ], [ -122.3867126, 37.7620828 ], [ -122.3867057, 37.7620427 ], [ -122.386646, 37.7616089 ], [ -122.3868535, 37.7616785 ], [ -122.3868777, 37.7616903 ], [ -122.3869806, 37.7617443 ], [ -122.3870398, 37.7617739 ], [ -122.3871016, 37.7617998 ], [ -122.3871783, 37.761825 ], [ -122.3872614, 37.761849 ], [ -122.387317, 37.7618627 ], [ -122.3874395, 37.7618824 ], [ -122.3875117, 37.7618818 ], [ -122.3875676, 37.7618912 ], [ -122.387587794264931, 37.761904565988303 ], [ -122.387711085, 37.763202611 ], [ -122.387727426100085, 37.763395602331499 ], [ -122.3877299, 37.763582 ], [ -122.3877392, 37.7636603 ], [ -122.3876164, 37.7636634 ], [ -122.3876162, 37.7636227 ], [ -122.3873174, 37.7637125 ], [ -122.3873338, 37.7639424 ], [ -122.387776882647458, 37.763914974386481 ], [ -122.387785466939249, 37.76400371507787 ], [ -122.3876775, 37.7640107 ] ] ] } },
{ "type": "Feature", "properties": { "project_name": "Building 12 Plaza and Market Square -- approximate", "site": "Pier 70", "status": "planned", "use": "park", "geometry_type": "approximate", "digitized_from": "Pier 70 Design for Development, Figure 6.4.2 - Maximum Building Height (p.155); named per Figure 3.4.1 - Overview of Public Spaces (p.52), zone 5.", "digitization_method": "ADDED 2026-09-16 (Pier 70 systematic feature-by-feature pass); REDONE 2026-09-17 (first pass) after a user-reported visual bug (this plaza appeared to render as a thin diagonal ribbon crossing Maryland St into the E2/H1 area, nowhere near Building 12) -- traced from the diagram's own green pixel fill, clipped tightly against Building 2/D/12, producing a conservative ~0.35-acre result. REDONE AGAIN 2026-09-17 (second pass, same day) after the user pointed out this was still wrong: the D4D drawing shows Buildings 2, D, and 12 coming together with green space to fill the ENTIRE street block (Louisiana St to Maryland St), but the diagram-pixel-clip approach left large unaccounted gaps (~17-18m strips of bare pavement between Building 2/12's real satellite-verified positions and the diagram's own, less precisely-drawn green boundary) that didn't match either the drawing's intent or satellite reality. Switched approach entirely: used this project's own src/block_fit.py (load_blocks() + find_containing_block()) to get the REAL, street-polygonized city block bounded by Louisiana St and Maryland St (the same tool used to place Elevation Sky Park and Building 21's earlier approximations), unioned it with Parcel D's own geometry (D's north edge extends slightly beyond the polygonized block, toward the not-yet-built 21st St (NEW)), then subtracted Building 2's real/satellite-corrected geometry, Parcel D's own geometry, and Building 12's real Assessor parcel (blklot 4114010) via shapely difference(). This directly guarantees the block reads as fully filled -- buildings plus this plaza, no gaps -- rather than depending on how precisely the diagram's own green pixels were drawn relative to each building. Verified via a rendered satellite overlay (with an explicit PathPatch, not a naive geopandas .plot(), to confirm the resulting hole around Building 12 is real and not a plotting artifact) that the result correctly excludes both buildings and covers the rest of the block. Resulting area ~5,590 sq m (~1.38 acres), much closer to the D4D's cited ~1.5 acres than either prior attempt. Confirmed zero overlap with C1, C2, HDY1/2, E1, and PKS.", "accuracy_caveat": "APPROXIMATE -- derived from a real, street-polygonized city block (not a diagram pixel-trace), subtracting Building 2, Parcel D, and Building 12's own committed geometries. This is a deliberate departure from pure diagram-tracing: since Figure 6.4.2's own green fill didn't precisely reach the real (satellite-corrected) edges of Building 2 and Building 12, using the real block boundary instead better matches both the drawing's evident intent (this block reads as fully built-out, buildings plus plaza, no gaps) and the satellite ground truth. The block polygon's north edge stops slightly short of Parcel D's own north edge (~14m, since the not-yet-built '21st St (NEW)' isn't in real street data) -- unioned with D's own extent to avoid an artificial gap there. Area (~1.38 acres) is close to, but still a bit under, the D4D's cited ~1.5 acres for this named space -- the remaining gap most likely reflects the plaza's true extent continuing south past the mid-block passage (labeled '15' on the diagram) into the block south of Building 12, which is not part of this feature.", "why_no_real_parcel": "Open space with no subdivided Assessor parcel of its own within Brookfield's largely unaddressed 28-acre site.", "regulatory_context": "Part of the Pier 70 D4D's Open Space Network (Section 3.9), approximately 1.5 acres, wrapping the historic Building 12 (and Building 2) on their west and south sides between Louisiana St and Maryland St.", "notes": "Newly added 2026-09-16 as part of a systematic pass adding this site's previously-untracked open space; geometry REDONE TWICE 2026-09-17 after user-caught issues -- see digitization_method.", "images": [ ], "source_doc_urls": [ "https://www.sfport.com/media/8123/download?inline=" ], "street_clip_exempt": null, "p_number": null }, "geometry": { "type": "Polygon", "coordinates": [ [ [ -122.3845694, 37.7592119 ], [ -122.384603983400652, 37.759728110522971 ], [ -122.384579727249871, 37.759729620635412 ], [ -122.384451460377761, 37.759737622008643 ], [ -122.3844601, 37.7598664 ], [ -122.3844474, 37.7596771 ], [ -122.3841672, 37.7597015 ], [ -122.3841496, 37.75949 ], [ -122.3839109, 37.7595108 ], [ -122.3839378, 37.7599119 ], [ -122.383928300635745, 37.759770257063096 ], [ -122.383848666155984, 37.759775224715177 ], [ -122.383845815581552, 37.759740342681027 ], [ -122.383800121862933, 37.759162922018746 ], [ -122.383800053832218, 37.759162127352944 ], [ -122.383727653832196, 37.758375927292661 ], [ -122.383727522239397, 37.758375077101725 ], [ -122.383727472960231, 37.758374221455398 ], [ -122.38372641427739, 37.758365399098494 ], [ -122.383731574943951, 37.758365561290695 ], [ -122.383732620050196, 37.758365553560346 ], [ -122.383733662809348, 37.758365609442073 ], [ -122.38373746646981, 37.758365517712768 ], [ -122.38374127173276, 37.75836548956633 ], [ -122.383742310848106, 37.758365400885445 ], [ -122.383743355514241, 37.758365375692215 ], [ -122.384663255514255, 37.758307375753262 ], [ -122.384667241563179, 37.758306968017223 ], [ -122.384671235716525, 37.758306613296476 ], [ -122.384693674019744, 37.758303733159089 ], [ -122.384775400849236, 37.759193943727986 ], [ -122.3845694, 37.7592119 ] ], [ [ -122.383821034, 37.758742698 ], [ -122.38385323, 37.759086695 ], [ -122.384458652, 37.759050978 ], [ -122.384458524, 37.759049609 ], [ -122.384736714, 37.759033196 ], [ -122.384719716, 37.758851888 ], [ -122.384693402, 37.758571204 ], [ -122.384672343, 37.758346575 ], [ -122.384230689, 37.758372632 ], [ -122.383788838, 37.7583987 ], [ -122.383821034, 37.758742698 ] ] ] } },
{ "type": "Feature", "properties": { "project_name": "Irish Hill Playground and Irish Hill Corner Plaza -- combined, approximate", "site": "Pier 70", "status": "planned", "use": "park", "geometry_type": "approximate", "digitized_from": "Pier 70 Design for Development, Figure 6.4.2 - Maximum Building Height (p.155); named per Figure 3.4.1 - Overview of Public Spaces (p.52), zones 7 and 8.", "digitization_method": "ADDED 2026-09-17 in response to a user-caught gap: this project's whole open-space network for Pier 70 (Figure 3.4.1, p.52) lists 8 named zones, but only 6 had been traced -- Irish Hill Playground (zone 8, ~2.0 acres per the D4D text, 'an open space adjacent to the existing remnant of Irish Hill') and Irish Hill Corner Plaza (zone 7, no acreage given) were missing entirely. FIRST PASS: traced the green 'Public Open Space' fill (RGB [194,218,106]) directly from Figure 6.4.2's pixels, then clipped it against PKS/HDY3/C1/C2/HDY1-2's own committed geometries -- this ceded roughly 45% of the raw trace back to those neighbors and left an underestimate (~0.68 acres) that didn't visually touch several of the surrounding parcels. SECOND PASS same day: switched to the real, street-polygonized block (src/block_fit.py) bounded by Illinois St and 22nd St, unioned with PKS/HDY3/C1/C2/HDY1-2's own geometries, minus those same 5 parcels -- fixed the touching problem for PKS/HDY3/HDY1-2 but the user caught two remaining defects: it still had small (2.5m and 9.8m) gaps against C1 and C2 (the real street-block polygon's own edges don't line up exactly with C1/C2's independently-traced boundaries), and it incorrectly extended ~13m south of HDY1/2's own south edge (the real block reaches all the way to 22nd St's actual curb, which is slightly further south than HDY1/2's own, separately-traced south edge -- creating a sliver of 'phantom' park space south of a parcel that the diagram shows going straight to 22nd St). THIRD PASS: re-included the original diagram-traced raw contour (see first pass) in the union alongside the real block and the 5 parcels -- since that raw trace independently overlapped C1 by 1,142 sq m and C2 by 74 sq m, unioning it in extends the combined shape properly into contact with both (0m gap, confirmed) without the crude 'buffer everything outward' approach tried and rejected first (which fixed the C1/C2 gap but ballooned the total area to 3.3+ acres by reaching past C1/C2 in directions that had nothing to do with Irish Hill). Then explicitly clipped the whole result to never extend south of HDY1/2's own southernmost latitude, fixing the second defect directly rather than hoping the union wouldn't overreach. Also dropped one degenerate near-zero-area sliver piece (9e-6 sq m) left over from the boolean operations. Resulting area ~7,831 sq m (~1.94 acres). FOURTH PASS 2026-09-17 (streets/block-alignment review): PKS and HDY3 were both re-traced this same pass after a confirmed pixel-resolution bug moved them (see those files' digitization_method) -- HDY3 shifted to stay attached, but PKS moved further away, reopening a ~23m gap between this feature and PKS. The real, street-polygonized block (from the third pass) fell just 2.6m short of the newly-corrected PKS on its own -- a small, plausible real gap between the block-polygonization tool's edge and PKS's own diagram-traced edge, not the ~23m the raw union produced -- so the block polygon (only, not the parcels) was buffered outward by 6m before unioning, closing most of it; a residual 1.26m gap remains against PKS specifically, accepted as within this project's already-documented 5-15m trace precision rather than chased further with more buffering (which was tried at 15m earlier in this file's history and caused an unrelated overreach). Re-verified 0m distance / 0 overlap against HDY3, C1, C2, and HDY1/2, and 0 overlap with PKN and the 20th Street Plaza. Dropped a new degenerate sliver piece (~12 sq m) from this pass's boolean ops. Resulting area ~10,338 sq m (~2.55 acres) -- larger than the D4D's ~2.0-acre citation, mostly from the corrected PKS/HDY3 positions genuinely opening up more real space here than the earlier (buggy, too-far-south) PKS/HDY3 traces implied; not re-shrunk to hit the citation, since the citation was never used as a target, only a plausibility check. FIFTH PASS 2026-09-17 (REPLACED, user-flagged 'Irish Hill Playground seems misplaced'): the block_fit/union approach above was abandoned entirely. Looking at the actual diagram again, this green area is not just 'whatever real block Irish Hill roughly sits near' -- Figure 6.4.2 draws its exact boundary directly, including the hill's own contour-line hatching. Re-traced it the same way Waterfront Open Space was traced: isolated the 'Public Open Space' fill color (RGB [194,218,106]) in a crop covering the PKS/HDY3/C1/C2/HDY1-2 area, morphological close+open to bridge hatching/text gaps, OpenCV contour extraction (simplified to 15 vertices), converted via the validated 6-point affine transform. This raw trace overlapped HDY3/HDY1-2/C1/C2 by small amounts (each block's own black border stroke sits a couple pixels inside where the flat green fill visually ends), so it was clipped via shapely difference() against all four of those committed geometries -- same pattern as Waterfront Open Space's own clip against E1/E4/E3/H2. While investigating the C1 overlap specifically, found C1 itself carried the same 2376x1836-vs-2200x1700 resolution-mismatch bug already fixed on PKN/PKS/HDY3 (see pier70_c1.geojson's digitization_method) -- its true south edge is ~26m further north than previously recorded, which had been silently eating into this exact area. Fixed C1 first, then re-ran this clip. Result: 0m gap/overlap against HDY3, HDY1/2, and C2; 0.9m gap against the corrected C1 (within normal trace precision); the ~23m distance to PKS is NOT a gap to close -- the diagram shows PKS separated from this open space by the full width of HDY3, they were never meant to touch. This new trace does NOT surround HDY1/2 (no interior hole) -- the diagram simply doesn't show Irish Hill wrapping around it; the previous approach's 'surrounds on 3 sides' shape was an artifact of the block-fit/union method, not something Figure 6.4.2 actually draws. Area ~4,862 sq m (~1.20 acres), smaller than the D4D's ~2.0-acre citation -- as with the citation-vs-trace gaps already documented elsewhere in this project (e.g. Mission Rock Square), the citation is treated as a plausibility check, not a target; matching what the diagram itself draws, and touching real neighboring parcels correctly, takes priority. RE-CLIPPED 2026-09-17 (same day): C1 itself was found to be significantly mispositioned (overlapping the real 21st St by over 100m of its length -- see pier70_c1.geojson) and was moved south by ~28-31m to ground-truth against the real street. Re-ran this file's own clip against C1's corrected position; area dropped further to ~3,249 sq m (~0.80 acres). Confirmed 0m gap/overlap against HDY3, HDY1/2, C1, and C2. EXEMPTED FROM STREET CLIPPING 2026-09-17 (user-flagged: shape looked disproportionate/weird, 'as if leaving room for an expansion of Michigan street south which is nowhere in drawing'): exactly right -- Michigan St's real centerline (CNN 8999000) runs through this feature's own interior (same segment found splitting HDY1/2 into two pieces, see that file's digitization_method), and join_approximate.py's auto-clip was silently cutting this feature into a MultiPolygon around it (raw 3,249 sq m -> processed 2,782 sq m, a real but not obviously 'major' percentage that still produced a visibly wrong disconnected shape). Figure 6.4.2 draws this as one continuous green space with no street through it. Exempted from street clipping for the same reason as HDY1/2: this ambiguous, likely-informal site track (not a real curbed street at this latitude) shouldn't carve up a planned open space the diagram shows as whole. RE-TRACED 2026-09-17 (same day, user-flagged: 'the diagonal between HDY buildings seems disproportionate compared to HDY3'): correct -- overlaying the raw color-mask trace directly on page171.png showed a spurious deep V-shaped spike cutting into the middle of the green area, with no corresponding line or color break in the diagram at all (the green fill is fully continuous there). Root cause: a small tree/planting icon drawn within the green space broke the color mask into two blobs that a too-small morphological closing kernel (13px) bridged incorrectly, inventing a notch neither the diagram nor any real feature shows. Re-extracted with a larger closing kernel (25px, still small relative to the icon-to-real-boundary distance) to bridge the icon gap correctly; the resulting shape follows HDY3's own diagonal edge much more closely, with only a small, shallow, plausible dent remaining (matching a slightly darker hatching band visible in the diagram alongside HDY3's slope, not a hard error). Re-clipped against HDY3/HDY1-2/C1/C2; final area ~3,230 sq m (~0.80 acres, effectively unchanged from before -- this was a shape-accuracy fix, not a size fix). CHECKED 2026-09-17 (user-flagged: 'should fill the space touching HYD3, HYD1/2, C1/C2, and 21st street'): re-verified this feature's touching relationships directly -- confirmed 0m gap/overlap against C1, C2, and HDY3, and a 3.7m gap against HDY1/2 and PKS (both within this project's already-documented 5-15m trace precision, not a real gap to close). The 'and 21st street' part does not hold as a literal requirement: this feature does not (and per the diagram should not) touch 21st St directly -- Parcel C1 (west portion) and Parcel K South (PKS, further west) occupy the FULL frontage between this open space and 21st St along this feature's entire north edge, confirmed by checking that C1's own north edge (ground-truthed against the real 21st St curb line) sits ~26-38m further north than this feature's own northernmost point, with no gap in that C1/PKS wall for this feature to reach through. This matches Figure 6.4.2, which draws Irish Hill Playground one row south of the C1/PKS/21st-St row, not fronting the street itself. RE-TRACED 2026-09-17 (same day, after PKN/PKS/C1/HDY3 were restored to their pure diagram positions -- see those files -- following confirmation that the '21st St ground-truth shift' premise was wrong, a paper-street issue, not a planned relocation): re-did this feature's raw color trace with a taller crop (extending north to y=740 instead of stopping at y=850-890) to check whether the green 'Public Open Space' fill extends further north than previously captured. It does: the fill runs continuously from y=775 (the same row as PKS/C1's restored, true north edge -- i.e. immediately south of '21ST ST (NEW)' itself) down through this site's full extent, confirmed by direct pixel scans at x=560/590/620 (the gap between PKS/HDY3's east edge and C1's west edge) showing the green fill starting at y=775-776 with no other color in between. This matches the user's own read of the diagram: this open space fills the space between PKS, C1, and 21st St. Extracted via the same method as before (isolate RGB [194,218,106], 25px morphological close+open, OpenCV contour), producing a 12-vertex main contour plus a separate ~158 sq m piece near Illinois St/HDY3's SW corner (the Irish Hill Corner Plaza zone). Clipped via shapely difference() against the restored PKS/HDY3/C1 and the separately-corrected C2 (see that file), plus HDY1/2 (unchanged). Result is a MultiPolygon: main piece ~6,299 sq m, corner piece ~158 sq m, total ~6,458 sq m (~1.60 acres). Confirmed within 1-1.6m (normal trace precision) of PKS, HDY3, C1, and C2, and 0.06m of HDY1/2. RE-CLIPPED 2026-09-17 (same day, after C1 was independently clipped against the real Building 113-116 footprint -- see that file -- shrinking it slightly from its pure-diagram size): re-ran this feature's own clip against C1's updated shape. Total area now ~6,458 sq m (effectively unchanged, C1's own change was on its north side, away from this shared boundary). RE-CLIPPED 2026-09-17 (same day, after PKN/PKS/C1/C2/HDY3/HDY1-2 were all repositioned against the corrected, real-anchored '21st St (NEW)' line and HDY3/HDY1-2 were both extended to the real 22nd St curb -- see those files): re-ran this feature's own raw diagram color-trace against all six updated neighbor positions. Total area drops from ~6,458 to ~4,258 sq m (main piece ~4,138 + corner piece ~120), mostly because HDY1/2's own growth (extending to the real 22nd St curb) now consumes much of what was previously open space south of HDY3. Confirmed touching (0-3.5m gaps, within normal trace precision) against HDY3, PKS, C1, C2, and HDY1/2. RE-CLIPPED 2026-09-17 (same pass, found via check_geometry_quality.py): also overlapped the repositioned (grown-south) PKN by 72 sq m along this feature's own north edge -- clipped that too. Final area ~4,186 sq m total (main ~4,066 + corner ~120). RE-CLIPPED 2026-09-17 (same pass as HDY3/HDY1-2/C2/PKN adjustments above): found this feature's own north edge crossed to the NORTH side of the '21st St (NEW)' reference line (data/manual/pier70_21st_street.geojson) by up to ~20m -- the raw diagram trace's own northern extent (unchanged since it was first color-extracted) was never re-clipped after PKS/C1 moved south in the prior round, since it had stopped overlapping them entirely. Added an explicit clip against a half-plane north of the '21st St (NEW)' line, plus re-clipped against the now-touching HDY3/HDY1-2 and the grown PKN. Area now ~3,673 sq m (main ~3,552 + corner ~120). RE-CLIPPED 2026-09-17 (same pass as HDY3/HDY1-2's redesign): with a real gap restored between HDY3 and HDY1/2 (see those files), this feature now fills that corridor down toward 22nd St, reconnecting into a single polygon (the separate ~120 sq m 'corner plaza' sliver from the prior round merges into the main body through this corridor). Area now ~2,615 sq m. Confirmed 0-5m gaps (normal trace precision) against all six neighbors. RE-CLIPPED 2026-09-17 (same day, after HDY3 and HDY1/2 were rebuilt a second time from the user's own hand-drawn sketch -- see those files' digitization_method): re-ran this feature's own clip against both blocks' new shapes. HDY3 now reaches further into this corridor than the previous round (322 sq m new overlap), HDY1/2 pulled back and no longer overlaps this feature at all (0 sq m, was already 0). Area now ~2,293 sq m, still a single Polygon (no fragmentation) and still 0m gap/overlap against C1, C2, PKS, and PKN. REBUILT 2026-09-17 (user-flagged: 'playground should fill the spaces between buildings as shown in drawing'): abandoned the raw-diagram-color-trace-plus-clip approach entirely (it had been producing a string of small, repeatedly-drifting gaps against one neighbor or another every time any neighbor moved, since the trace's own boundary was never actually defined IN TERMS OF those neighbors' edges). Rebuilt this feature directly as the walk around its neighbors' own already-committed boundaries, so it touches all of them by construction rather than by incidental proximity: HDY3's own NE corner (shared with PKS) -> C1's own SW and SE corners (its south edge) -> C2's own NE and NW corners (its north and west edges) -> HDY1/2's own NE corner (v1) and its newly-recomputed north corner (v0, see that file) -> HDY3's own corridor point -> close. Every edge of this polygon except one (the short HDY3_NE-to-C1_SW gap-filler, ~7m, since those two blocks don't quite touch) is now an EXACT shared boundary (0m gap by construction, not by measurement) with a real neighboring parcel. Area drops from ~2,293 to ~1,888 sq m, mostly because HDY1/2's own north corner moved east/north (see that file's own parallel-edge fix), shrinking the gap it leaves for this feature to fill. REBUILT AGAIN 2026-09-17 (same day, user-flagged with a hand-drawn overlay on the rendered map: 'playground should fill the spaces between buildings as shown in drawing... where I see the color missing'): the rebuild above only walked the 'upper gap' (C1/C2 vs the HDY3/HDY1-2 row) and left three real, satellite-visible open areas uncovered, all confirmed against the user's own marked-up screenshot (digitized via the same ORB-feature-matching + marker-calibration pipeline used for HDY3/HDY1-2's own hand sketch): (1) the HDY3-to-HDY1/2 CORRIDOR itself, from the shared top corner down to near 22nd St, was never actually added to this feature after being carved out as a gap between those two blocks -- added it back as the quadrilateral bounded by HDY3's own corridor edge (D to its 22nd-St/SW corner) and HDY1/2's own corridor edge (v0 to v3), which are parallel by construction (see those files). (2) A real, ~15-18m gap between HDY1/2's own east edge (v1-v2) and C2's own west edge (v0-v1/SW) -- the two blocks' side-by-side edges never actually touch -- confirmed geometrically (not just from the user's sketch) by comparing their longitudes directly. Added as the strip between them. (3) A smaller gap on the WEST side of C1 (between C1's own west edge and PKS's own east edge/the HDY3-PKS shared corner), which the user's sketch marked as a distinct notch reaching further north than this feature's previous extent -- taken directly from the user's own traced coordinates (no clean existing-polygon edges define this one), then clipped via shapely difference() against C1 and PKS since the raw traced notch initially overlapped both by a modest amount. All three additions unioned into one shape (still a single simple Polygon, not a MultiPolygon) and simplified to drop redundant near-duplicate vertices from the boolean ops. Re-verified: 0 overlap with HDY1/2, C1, C2, and PKS; a negligible ~1 sq m residual against HDY3 (rounding from the simplify step, not a real encroachment). Area grows from ~1,888 to ~4,236 sq m. CORRECTED 2026-09-17 (same day, user-flagged again: 'you left out part of the space between PKS and C1'): root cause of the shortfall -- the notch above was clipped against C1's RAW, pre-street-clip geometry (data/manual/pier70_c1.geojson), which is NOT what actually renders on the map. C1 itself loses ~15m off its own west edge to a real-street clip in join_approximate.py (documented in that file's own digitization_method as '11.7% of this block's area... in the buffered real-street layer'), so the ACTUAL rendered C1 sits well east of its own raw west edge. Clipping this feature's notch against the raw file made it discard ~466 sq m that is genuinely open (uncolored) on the rendered map, not actually inside C1 at all -- confirmed by pixel-sampling the rendered PNG directly and by comparing against C1's own post-clip geometry in data/processed/approximate_projects.geojson (whose west edge sits at -122.38634 to -122.38637, ~15m east of the raw file's -122.38652). Re-clipped the notch against C1's PROCESSED shape instead (now a negligible ~3 sq m residual) while keeping the PKS clip (PKS isn't meaningfully street-clipped, so its raw and processed shapes already agree). Also swapped this feature's own touching point on C1's south edge from C1's raw SW corner to C1's actual post-clip corner, for the same reason. Re-verified 0 overlap against HDY1/2, C2, PKS, and C1's own processed shape. Area grows from ~4,236 to ~4,734 sq m -- this whole increase is the space that was wrongly ceded to C1's raw (non-rendered) footprint.", "accuracy_caveat": "APPROXIMATE -- traced directly from Figure 6.4.2's own 'Public Open Space' fill color (programmatic color-region contour extraction), then clipped against PKS/HDY3/C1/C2/HDY1-2's own committed geometries. Now extends north to touch '21ST ST (NEW)' directly in the gap between PKS and C1, matching the diagram's own drawn fill. Rendered as a MultiPolygon: a small, genuinely separate piece near Illinois St (the Irish Hill Corner Plaza zone) does not touch the main body in the diagram.", "why_no_real_parcel": "Open space with no subdivided Assessor parcel of its own within Brookfield's largely unaddressed 28-acre site.", "regulatory_context": "Part of the Pier 70 D4D's Open Space Network (Section 3.4): Irish Hill Playground (Section 3.12, ~2.0 acres), described as an open space adjacent to the existing remnant of Irish Hill (Section 3.2) -- a small rock outcrop, the last visible remnant of a larger hill largely quarried away in the early 20th century for shipyard construction. Irish Hill Corner Plaza (Section 3.11) is a separate, smaller named zone at the southwest corner of this same open area, near the Illinois St/22nd St corner.", "notes": "Newly added 2026-09-17 as part of closing a gap the user pointed out: not all of Figure 3.4.1's 8 named open-space zones had been traced onto the map. Geometry redone multiple times the same day -- see digitization_method for the full history, including a full replacement after a user flagged this shape as looking misplaced.", "images": [ ], "source_doc_urls": [ "https://www.sfport.com/media/8123/download?inline=" ], "street_clip_exempt": "True", "p_number": null }, "geometry": { "type": "Polygon", "coordinates": [ [ [ -122.385668351663, 37.758987243132722 ], [ -122.385629620930899, 37.758269933130848 ], [ -122.385748501445363, 37.758262792967635 ], [ -122.385769843583191, 37.758880683688808 ], [ -122.386500209619328, 37.758845659047154 ], [ -122.387092709181104, 37.758181973612544 ], [ -122.387216842026547, 37.758307401369741 ], [ -122.386642542801567, 37.758950699787697 ], [ -122.386562793832269, 37.759054895038354 ], [ -122.386568191595259, 37.759056046934852 ], [ -122.386569044667624, 37.759065703278047 ], [ -122.386554, 37.759066384535529 ], [ -122.386576, 37.759298004220319 ], [ -122.38658951291238, 37.759297393347524 ], [ -122.386591607301824, 37.759321100765654 ], [ -122.386369791726779, 37.759309839413248 ], [ -122.386361564045842, 37.759223197841045 ], [ -122.386360148749063, 37.759018903726115 ], [ -122.386341735529086, 37.759014393698017 ], [ -122.384950703609334, 37.75908110051639 ], [ -122.384943541531939, 37.759010183141449 ], [ -122.385668351663, 37.758987243132722 ] ] ] } },
{ "type": "Feature", "properties": { "project_name": "Pier 70 Parcel K South (PKS)", "site": "Pier 70", "status": "planned", "use": "residential", "geometry_type": "approximate", "digitized_from": "Pier 70 Design for Development, Figure 6.4.2 - Maximum Building Height (p.155).", "digitization_method": "REDONE 2026-09-14: the previous version of this polygon was traced using a transform fit from 5 street intersections plus Historic Building 12's real footprint as a 6th anchor. A user-flagged visual comparison against satellite imagery showed the resulting blocks were systematically rotated/sheared (~13-14 degrees off, and not even mutually orthogonal) relative to the real street grid -- confirmed by comparing traced block bearings against the real, independently-surveyed Building 14 footprint (DataSF Building Footprints, blklot 4052001), which sits at the real street grid's true orientation (~356/86 degrees, consistent with SF's known ~4-degree grid skew). Root cause: an error in the original corner-correspondence matching, not a diagram-scan distortion. REBUILT using a fresh 6-point affine transform: 5 real street-intersection control points (20th St x Illinois St, 20th St x Michigan St, 21st St x Illinois St, 21st St x Michigan St, 22nd St x Illinois St -- fetched from OpenStreetMap via this project's own src/fetch_streets.py) plus the real, independently-confirmed centroid of Historic Building 12's own Assessor parcel (blklot 4114010) as a 6th, spatially-distant anchor. This fit has a residual error of 1-8m against its own 6 control points (far tighter than the previous transform), AND was validated by checking that it reproduces the correct real-world bearing (independently confirmed via Building 14's footprint) rather than just checking point-position error, which is what let the previous version's shear go undetected. Pixel corners for this block were re-read directly from Figure 6.4.2 with fresh, fine-grained crops. Residual error against the 6 control points is roughly 1-8m; treat vertex positions as accurate to roughly 5-15m given the additional (small) error from reading this specific block's own corners off the diagram. CORRECTED 2026-09-14 (second pass, same day): after the shear fix above, a user-flagged visual check still showed this block overlapping paved streets. Root cause found: several blocks (PKN, PKS, HDY3, HDY1/2, E4) had their OWN corner pixel positions misread during transcription -- e.g. PKN's west edge was recorded as pixel x=163 when the diagram's own gridline labels put it at x=355 (which is where the Illinois St anchor point itself was measured). This was a transcription slip, not a transform error -- the 6-point transform's anchors were unaffected (confirmed: A, B, C1, C2, D, E1, E2, E3, F/G, H1, H2 were read correctly the first time). Re-read all 5 affected blocks' corners directly against their crop images' own labeled gridlines and recomputed. CORRECTED 2026-09-14 (sixth pass): user-flagged check found a real gap between PKN's south edge and PKS's own north edge -- both blocks were transformed/traced independently and didn't agree on where their shared internal boundary sits, leaving an ~8-11m strip of real, currently-parked-in pavement claimed by neither polygon. Fixed by setting PKS's north edge to exactly match PKN's (corrected) south edge, eliminating the gap. CORRECTED AGAIN 2026-09-14: the prior fix copied PKN's entire south edge onto PKS, but PKN is wider than PKS at that boundary, and this made PKS balloon east into a driveway/building area that isn't part of the real lot (confirmed visually, and by a jump from 5% to 22% clipped against the street buffer). Redone by keeping PKS's own original NW/NE longitudes (its real width) and only raising each corner's latitude to sit exactly on PKN's south edge line (linear interpolation, not a flat copy) -- closes the real gap without changing PKS's real east-west extent. CORRECTED AGAIN 2026-09-14 (seventh pass): user clarified the diagonal row of angled cars along this block's west side is curbside parking on Illinois Street itself, not part of the PKN/PKS parcel -- the earlier fixes had mistakenly extended the west edge to include it. Pulled the west edge back east to -122.3874, matching where the diagonal on-street parking row ends and the lot's own perpendicular-grid parking begins (visually distinct in the satellite image). CORRECTED AGAIN 2026-09-14 (eighth pass): PKS's diagonal on-street parking row sits further east than PKN's (its own separate measurement, not assumed identical) -- the shared -122.3874 value cut through the middle of PKS's diagonal row instead of clearing it. Re-measured PKS's own diagonal-row/white-separation-stripe transition directly and moved to -122.38733. REVERTED 2026-09-16 (Pier 70 border-alignment audit): the sixth/seventh/eighth-pass satellite corrections above (matching this block's north/west edges to today's real parking-lot striping) were built on a mistaken premise -- this project maps the D4D's PLANNED layout against today's satellite imagery as a backdrop, not the other way around. Snapping this parcel's north edge to PKN's satellite-corrected south edge erased '21ST ST (NEW)' entirely, a real, deliberately-labeled future street Figure 6.4.2 draws with its own paved width between PKN and PKS. Re-traced this block directly from the diagram instead: programmatic pixel-color detection (isolating this legend color, RGB [169,143,173]) found this block's own purple fill spans pixel x 374-591, y 825-927 in the 2376x1836 source image (y=825 is just south of 21ST ST (NEW)'s drawn width; y=927 is this block's own south edge/border with HDY3, which is unchanged and still lines up with HDY3's north edge) -- converted via the same validated 6-point affine transform used for this site's other numbered parcels. This restores the diagram's own street gap between PKN and PKS (now ~19-26m, consistent with a real street width) that the satellite-snapping passes had collapsed to zero, and also corrects this block's east edge, which the satellite passes had measured ~40-50m narrower than the diagram shows (the block extends east to a real open-space area before Parcel C1, not stopping at the on-street parking columns those passes were tracing). The satellite-based lessons above (curbside-parking exclusion, sidewalk-color detection) remain useful technique notes for tracing REAL/existing features elsewhere in this project, but do not apply to this PLANNED parcel's own boundary. Also corrected this block's south edge (its internal division with HDY3, not a real street) from pixel y~986-992 to y~927 -- a plain diagram-corner-misread, unrelated to the satellite-vs-plan issue above: two independent grid-overlay crops of Figure 6.4.2 confirmed the true PKS/HDY3 divider line sits at y~929-931, ~55-60px north of where this file previously had it. HDY3's own north edge is being corrected to match in the same pass (see that file). CORRECTED 2026-09-17 (streets/block-alignment review, prompted by a user request to audit street alignment sitewide): the pixel measurement above ('x 374-591, y 825-927') was taken from a 2376x1836-resolution copy of Figure 6.4.2, but was then run through this site's 6-point affine transform, which was calibrated against the 2200x1700-resolution page171.png -- a resolution mismatch that silently shifted this whole block by the 2376/2200 = 1.08x scale factor (the same class of bug independently found and fixed on Building 21's and PKN's old traces). Re-measured directly on page171.png (2200x1700) with the same color-isolation method: this block's true purple fill is pixel (389,777)-(547,859), a clean rectangle -- both narrower and further north than the old (unscaled) reading. Cross-checked against neighbors: PKN-PKS gap (21st St NEW) is now 15.4m; PKS-HDY3 divider now sits at y~859-863 (both corrected in the same pass, see that file); this block still overlaps the real, mapped street buffer by ~15% even after this fix (unchanged from before) -- this is NOT a further trace error, it's a small, expected mismatch between the diagram's own drawing of '21ST ST (NEW)' and OSM's real street geometry at this exact spot, and is already handled by src/join_approximate.py's automatic street-clipping step (the rendered/processed geometry has 0% street overlap; only this raw, pre-clip source file shows the 15%). RETRACTED 2026-09-17, SAME DAY (user pushed back a second time: 'relative positioning...isn't quite there yet' -- and separately caught Parcel C1 straddling 21st St): the '~15%, already handled by clipping' conclusion directly above was wrong, and should have been caught the first time -- join_approximate.py's own console output for every run this whole session printed 'clipped 60% of Pier 70 Parcel K South (PKS) off against real streets', not the harmless-sounding 15% this file's own text claimed. A 60% clip does not mean 'a small mismatch, safely auto-corrected' -- it means the auto-clip was silently discarding most of this block's real area, leaving a ~499 sq m sliver in the processed output where the diagram shows a ~1,250 sq m parcel. Investigated properly this time: the real, official 21st St centerline (CNN 15232000/15233000, DataSF Street Centerline, not OSM) runs 61m through the MIDDLE of this block's diagram-transform position, not just grazing a corner -- confirmed by interpolating the real centerline's latitude at this block's own two longitudes and comparing to this block's north edge, a 25-26m discrepancy at both corners. This matches the same root cause just found and fixed on Parcel C1 (see that file): this diagram-transform places the whole '21st Street (NEW)' row measurably too far north relative to where the street actually runs, an error distinct from (and layered on top of) the resolution-mismatch bug fixed earlier. Ground-truthed this block's own north edge the same way C1's was fixed: shifted the whole block south by the amount needed to clear the real centerline at each corner (24.7m at the west corner, 26.1m at the east corner) with a 6.8m curb setback, preserving the block's own shape/depth exactly (a uniform translation, not a reshape). Confirmed 0 overlap with 21st St and Illinois St; 13.7% of this block's area now falls in the buffered real-street layer (Michigan St's separate south-continuing alignment grazing a corner, the same kind of minor sliver already accepted elsewhere), down from 56.8% raw / 60% clipped-away. HDY3's north edge was re-snapped to this block's new south edge in the same pass (see that file). RE-INVESTIGATED 2026-09-17 (yet again, same day, after user feedback called the prior revert-and-redo cycle 'mostly a downgrade' and asked for a clarifying question rather than another guess): went back to first principles instead of more pixel geometry. Two checks, both requested by the user: (1) searched the D4D's own text (Section 4.11, Specific Streets Design Intent) for any description of 21st St being relocated or realigned -- found none; it describes 21st St as 'primarily serves as an alley from Illinois Street to the waterfront,' with no mention of a moved alignment. (2) Pulled real satellite imagery (src/satellite_check.py) directly over where DataSF's official centerline (CNN 15232000/15233000) says 21st St runs between Illinois and Michigan St -- it shows vegetation, graded dirt, a tree, and a vehicle-storage yard: zero pavement. So the earlier 'the D4D relocates 21st St' theory (this file's own prior REVERTED/RETRACTED entries) was an overreach from a real but simpler fact: DataSF's centerline here is a paper (platted, unbuilt) alignment, the same failure mode as three other already-excluded CNNs in street_geometry.py (12915000, 15200000, 15228000) -- not a deliberate relocation. Added CNN 15232000/15233000 to that same exclusion list, with the satellite evidence documented there. User's explicit instruction: note that this stretch of 21st St isn't built yet, but for this map's purpose (showing the planned FUTURE parcel state) treat the diagram's own drawn '21ST ST (NEW)' position as authoritative. Restored this block to its pure diagram-transform position accordingly -- the same value already found and confirmed multiple times this project (most recently before the mistaken ground-truth shift below). REPOSITIONED 2026-09-17 (user override: 'take my input as override... turn that Michigan span into 21st st and adjust parcel positioning accordingly'): re-anchored to the corrected planned 21st St line (see pier70_21st_street.geojson -- built from Michigan St's own real terminus point, perpendicular to Illinois/Louisiana's real ~175.5-degree bearing), replacing the Figure 6.4.2 pixel-traced position used previously. North edge snapped to 6.8m south of the new anchor line's centerline (this block's own south-side curb) at each corner's own longitude; own depth (~25.8m, as established from the diagram) preserved by shifting the south edge by the same amount as the corresponding north corner. Net shift: ~24.6m south at the west corner, ~26.1m south at the east corner, relative to the prior Figure 6.4.2 pixel-traced position. ADJUSTED 2026-09-17 (user-flagged: east edge should extend to Michigan St, previous edge looked arbitrary): same treatment as PKN -- computed Michigan's real centerline (CNN 8999000, this block's own latitude range) at each corner and set the edge 9.8m west of it (6.8m curb + ~3m sidewalk allowance). East edge moves ~27-28m further east than before. CORRECTED 2026-09-17 (user-flagged: 'HDY3 should border Illinois like PKS and PKN, in the continuity'): this block's own NW and SW corners, PKN's SW corner, and HDY3's NW corner had each been independently traced/measured against Illinois St at different times, leaving a several-meter 'wobble' between the three blocks' own west edges instead of one continuous line. Recomputed both corners from a single shared formula (used identically on PKN and HDY3): interpolate real Illinois St's centerline (CNN 7169000) longitude at each corner's own latitude, then offset 9.8m east (this project's standard curb+sidewalk allowance) -- see pier70_hdy3.geojson's own digitization_method for the full writeup covering all three blocks together.", "accuracy_caveat": "APPROXIMATE -- this block is not yet built and does not correspond to any subdivided Assessor parcel: it currently sits on vacant/graded land, surface parking, or an existing industrial building slated for demolition within Brookfield's 28-acre district (unaddressed in DataSF's Assessor roll). RE-TRACED 2026-09-17 directly from Figure 6.4.2 at the correct source resolution (see digitization_method) -- treat vertex positions as accurate to roughly 5-15m, not survey-grade. This deliberately does NOT match today's satellite imagery of the parking lot -- this parcel's boundary represents the D4D's planned footprint, including '21ST ST (NEW)', which is not built yet.", "why_no_real_parcel": "A real Assessor parcel may exist under this block (part of Brookfield's larger, largely unaddressed 28-acre site), but it has not been subdivided per the masterplan's individual named parcels -- this uses hand-traced approximate geometry instead.", "regulatory_context": "Residential per Brookfield's own leasing brochure, 65 ft max per Figure 6.4.2 -- confirmed as a real, distinct parcel from Parcel K North (both named together, with the Hoedown Yard, in a 2017 Port Commission resolution and reaffirmed in a 2020 resolution). No source found gives a specific unit count, architect, or construction-status beyond this.", "notes": "Approximate polygon for a real, D4D-adopted parcel -- see accuracy_caveat.", "images": [ ], "source_doc_urls": [ "https://www.sfport.com/media/8123/download?inline=" ], "street_clip_exempt": null, "p_number": null }, "geometry": { "type": "Polygon", "coordinates": [ [ [ -122.386576, 37.759298004220319 ], [ -122.386554, 37.759066384535529 ], [ -122.387305014, 37.759032376877684 ], [ -122.387328272, 37.759263996562474 ], [ -122.386576, 37.759298004220319 ] ] ] } },
{ "type": "Feature", "properties": { "project_name": "Pier 70 Hoedown Yard 3 (HDY3)", "site": "Pier 70", "status": "planned", "use": "residential", "geometry_type": "approximate", "digitized_from": "Pier 70 Design for Development, Figure 6.4.2 - Maximum Building Height (p.155).", "digitization_method": "REDONE 2026-09-14: the previous version of this polygon was traced using a transform fit from 5 street intersections plus Historic Building 12's real footprint as a 6th anchor. A user-flagged visual comparison against satellite imagery showed the resulting blocks were systematically rotated/sheared (~13-14 degrees off, and not even mutually orthogonal) relative to the real street grid -- confirmed by comparing traced block bearings against the real, independently-surveyed Building 14 footprint (DataSF Building Footprints, blklot 4052001), which sits at the real street grid's true orientation (~356/86 degrees, consistent with SF's known ~4-degree grid skew). Root cause: an error in the original corner-correspondence matching, not a diagram-scan distortion. REBUILT using a fresh 6-point affine transform: 5 real street-intersection control points (20th St x Illinois St, 20th St x Michigan St, 21st St x Illinois St, 21st St x Michigan St, 22nd St x Illinois St -- fetched from OpenStreetMap via this project's own src/fetch_streets.py) plus the real, independently-confirmed centroid of Historic Building 12's own Assessor parcel (blklot 4114010) as a 6th, spatially-distant anchor. This fit has a residual error of 1-8m against its own 6 control points (far tighter than the previous transform), AND was validated by checking that it reproduces the correct real-world bearing (independently confirmed via Building 14's footprint) rather than just checking point-position error, which is what let the previous version's shear go undetected. Pixel corners for this block were re-read directly from Figure 6.4.2 with fresh, fine-grained crops. Residual error against the 6 control points is roughly 1-8m; treat vertex positions as accurate to roughly 5-15m given the additional (small) error from reading this specific block's own corners off the diagram. CORRECTED 2026-09-14 (second pass, same day): after the shear fix above, a user-flagged visual check still showed this block overlapping paved streets. Root cause found: several blocks (PKN, PKS, HDY3, HDY1/2, E4) had their OWN corner pixel positions misread during transcription -- e.g. PKN's west edge was recorded as pixel x=163 when the diagram's own gridline labels put it at x=355 (which is where the Illinois St anchor point itself was measured). This was a transcription slip, not a transform error -- the 6-point transform's anchors were unaffected (confirmed: A, B, C1, C2, D, E1, E2, E3, F/G, H1, H2 were read correctly the first time). Re-read all 5 affected blocks' corners directly against their crop images' own labeled gridlines and recomputed. CORRECTED 2026-09-14 (third pass): user-flagged overlap between HDY3/HDY1-2 and between E2/H1 and E3/H2 -- both were transcription errors (HDY1/2's diagonal notch was oversimplified into a plain rectangle that re-overlapped HDY3; E2/E3's bottom edge was misread as the row further south, landing on top of H1/H2). Re-read against the diagram's own gridlines and confirmed zero geometric overlap with the adjacent block this time. CORRECTED 2026-09-16 (Pier 70 border-alignment audit): this block's north edge (its shared internal division with PKS, not a real street) was a plain diagram-corner-misread -- two independent grid-overlay crops of Figure 6.4.2 confirmed the true PKS/HDY3 divider sits at pixel y~927-932, ~55-60px north of where this file had it (y~985-992), which had left a real gap unclaimed by either polygon. Moved this block's NW/NE corners to pixel (374,927)/(591,927) -- matching PKS's own corrected south edge exactly -- via the same validated 6-point affine transform. Also shifted the next vertex (originally a small step just south of the old NE, presumably marking where this block's east edge begins its diagonal cut toward the southern point) north by the same amount, to preserve its position relative to the corrected NE rather than leaving it stranded mid-shape. The block's own southern extent (the far-south point corner) is unchanged, unaffected by this fix. CORRECTED 2026-09-16 (second pass, same day): user-flagged visual check found the same-day fix above left a visible kink -- the un-shifted southern vertex no longer lined up with the block's true diagonal edge. Re-measured this block's ENTIRE shape programmatically instead of patching individual vertices: isolated this legend color (RGB [169,143,173]) in a fresh crop, connected-component labeled it, and extracted its precise contour (OpenCV, simplified to its 4 real corners). Result: NW(420,932), NE(591,932), a corner where the east edge turns into the diagonal cut (591,1027), and the block's own southern point (437,1195) in pixel space -- converted via the same validated 6-point affine transform. This replaces both today's earlier patches with one clean, from-scratch re-measurement; confirmed zero overlap with PKS (north) and HDY1/2 (south, across the Irish Hill Playground gap). CORRECTED 2026-09-17 (streets/block-alignment review, prompted by a user request to audit street alignment sitewide): the pixel measurement above (NW/NE at y=932, from a 'fresh crop') turns out to have been taken from the same 2376x1836-resolution copy of Figure 6.4.2 that caused the confirmed resolution-mismatch bug on PKN and PKS's old traces (420*1.08=453.6... more precisely, this block's own values are exactly 1.08x this site's correct 2200x1700-resolution measurement: 932/1.08=863.0, 420/1.08=388.9, 591/1.08=547.2 -- all matching a fresh, independent re-measurement on page171.png to within 1px). Re-measured directly on page171.png: this block's true contour is (547,863)-(389,863)-(389,1107)-(404,1107)-(547,951) in pixel space (a slightly larger polygon than the old one, extending further south since the old trace's southern point (437,1195) was itself part of the same bad crop). Converted via the same validated 6-point affine transform. Confirmed touching (0m gap, 0 overlap) with the newly-corrected PKS to the north; the ~44m gap to HDY1/2 (part of Irish Hill Playground) is preserved as before. RE-INVESTIGATED 2026-09-17 (yet again, same day, after user feedback called the prior revert-and-redo cycle 'mostly a downgrade' and asked for a clarifying question rather than another guess): went back to first principles instead of more pixel geometry. Two checks, both requested by the user: (1) searched the D4D's own text (Section 4.11, Specific Streets Design Intent) for any description of 21st St being relocated or realigned -- found none; it describes 21st St as 'primarily serves as an alley from Illinois Street to the waterfront,' with no mention of a moved alignment. (2) Pulled real satellite imagery (src/satellite_check.py) directly over where DataSF's official centerline (CNN 15232000/15233000) says 21st St runs between Illinois and Michigan St -- it shows vegetation, graded dirt, a tree, and a vehicle-storage yard: zero pavement. So the earlier 'the D4D relocates 21st St' theory (this file's own prior REVERTED/RETRACTED entries) was an overreach from a real but simpler fact: DataSF's centerline here is a paper (platted, unbuilt) alignment, the same failure mode as three other already-excluded CNNs in street_geometry.py (12915000, 15200000, 15228000) -- not a deliberate relocation. Added CNN 15232000/15233000 to that same exclusion list, with the satellite evidence documented there. User's explicit instruction: note that this stretch of 21st St isn't built yet, but for this map's purpose (showing the planned FUTURE parcel state) treat the diagram's own drawn '21ST ST (NEW)' position as authoritative. Restored this block to its pure diagram-transform position accordingly -- the same value already found and confirmed multiple times this project (most recently before the mistaken ground-truth shift below). Area restored to ~2,699 sq m. REPOSITIONED 2026-09-17 (user override: 'take my input as override... turn that Michigan span into 21st st and adjust parcel positioning accordingly'): re-anchored to the corrected planned 21st St line (see pier70_21st_street.geojson -- built from Michigan St's own real terminus point, perpendicular to Illinois/Louisiana's real ~175.5-degree bearing), replacing the Figure 6.4.2 pixel-traced position used previously. Also user-instructed to ensure this block borders 22nd Street directly (the D4D diagram itself only brings this block's diagonal cut close to HDY1/2's own NW corner, leaving a small Irish Hill Corner Plaza sliver between it and 22nd St -- overridden per explicit instruction). North edge (NE/NW) shifted by the same amount as the adjacent PKS corners, preserving the touching relationship. Reshaped the block's whole south/diagonal portion: extended a new west edge straight down along Illinois St's own longitude from the (shifted) NW corner to the real 22nd St curb line (6.8m north of centerline), then connected east along that same curb to the repositioned HDY1/2's own NW corner (which was, in the same pass, also extended to the real 22nd St curb -- see that file), then up along HDY1/2's own diagonal edge back to its NW corner, replacing this block's old, shorter diagonal cut entirely. This new southern extension initially overlapped the real Illinois St street buffer by 31% (a real, substantial encroachment, not a normal corner sliver) -- clipped via shapely difference() against the real-street buffer, dropping the extension's own width along Illinois St to whatever real room exists there. Final area ~2,306 sq m (the north portion carried over from the PKS-anchored shift, plus this new Illinois-frontage extension down to 22nd St). Confirmed 0 overlap with the repositioned HDY1/2 (0m gap, touching) and re-clipped Irish Hill Playground against this new shape (see that file). RECONSIDERED 2026-09-17 (user-flagged: this block and HDY1/2 should keep the diagonal disconnect via Irish Hill Playground, not touch directly): tried a version with a ~12m-wide gap preserved between this block's own Illinois-St extension and HDY1/2's west edge, for Irish Hill Playground to occupy down to 22nd St. Measured the REAL available space there directly: the real street buffer (Illinois St, CNN 7169001) extends east to within 2-9m of HDY1/2's own west edge along this whole stretch (checked at 4 latitudes between 22nd St and this block's own north portion) -- there isn't real room for a separate gap-preserving corridor without either cutting into Illinois St's own right-of-way or making HDY1/2 narrower. Reverted to touching HDY1/2 directly (0m gap) at the 22nd St corner, using the 9.8m curb+sidewalk offset -- this satisfies 'borders 22nd Street' but does NOT restore the diagonal disconnect; flagged this specific tension back to the user rather than silently picking a side. REDESIGNED 2026-09-17 (two user-flagged issues, same pass): (1) 'HDY3 and PKS should have the same width' -- this block's own north edge was still only ~39m wide (its old, pre-Michigan-extension measurement) while PKS grew to ~75m wide after its own Michigan St extension. Set this block's NE corner to PKS's exact SE corner (-122.386554, 37.75906638453553), matching PKS's width exactly and closing that gap to 0m. (2) 'resolve the HDY3/HDY1-2 diagonal disconnect' -- restored a real, meaningful gap to HDY1/2 (narrowed slightly in the same pass, see that file) for Irish Hill Playground to occupy, rather than touching directly as the prior round left it. Reshaped this block's southern portion as a clean quadrilateral: NW straight down Illinois St to 22nd St curb, then east along the curb to a point 6.7m short of HDY1/2's own (narrowed) west corner, then up to a point offset from HDY1/2's own NW corner by a similar margin, closing the gap on both sides. EXEMPTED FROM STREET CLIPPING: the naive version of this new southern portion was clipped 24-31% by the real street buffer near the Illinois/22nd corner and fell ~15m short of the real 22nd St curb -- checked via satellite and found this specific corner is Illinois St's own real diagonal on-street parking apron plus a private, currently-industrial paved yard (equipment/vehicle storage), not a public thoroughfare this block would need to cross -- the same 'plan the redevelopment, not today's ad hoc site use' reasoning already applied to HDY1/2 and Irish Hill Playground's own Michigan St exemptions. Exempted so this block reaches 22nd Street directly, per explicit instruction, rather than being cut down by a routine clip against a same-site informal condition. CORRECTED 2026-09-17 (two more user-flagged issues, same review pass: 'HDY3 should border Illinois like PKS and PKN, in the continuity' and 'the diagonal you create between HDY3 and HDY1/2 should be made of 2 parallel edges'): (1) west-edge continuity -- this block's NW corner (v1) had never been put on the same real-Illinois-St-offset line as PKN's and PKS's own west edges (each was independently diagram/satellite-traced), leaving a several-meter 'wobble' where the three blocks' own west edges met. Recomputed all of PKN's SW corner, PKS's NW/SW corners, and this block's NW corner (v1) from one shared formula: interpolate real Illinois St's centerline (CNN 7169000) latitude at each corner's own latitude -- i.e. solve for the centerline's longitude there -- then offset 9.8m east (this project's standard curb+sidewalk allowance). This puts all three blocks' west corners exactly on one consistent line for the first time. v2 (this block's own southern extension of that same edge, down to the 22nd St corner) was shifted east by the identical delta as v1 (preserving the v1-v2 edge's own prior shape/bearing exactly) rather than independently re-solving v2 against both the Illinois and 22nd St offset lines -- that dual-offset intersection was tried first and produced a self-intersecting polygon (v2 landed east of v3, crossing the v3-v4 edge), because v3 is a fixed, judgment-call point in the same messy, exempted, real-world industrial corner (see EXEMPTED note above) and isn't itself pinned to a pure Illinois-line intersection. The applied fix keeps the polygon valid while still moving the whole west frontage onto the corrected line. (2) parallel corridor -- the gap this block leaves for Irish Hill Playground to reach HDY1/2 (v3-v4 edge) was not parallel to HDY1/2's own corresponding edge (v3-v0 in that file): bearings were 19.1 degrees vs 11.2 degrees, an 8-degree mismatch, visibly not a clean corridor on the map. Fixed by keeping v3 fixed (the 22nd St curb attachment) and this edge's own prior length (86.1m) unchanged, but rotating it to HDY1/2's own v3-v0 bearing (11.2 degrees, since that block's corners are more directly tied to established real-street offsets) -- confirmed the perpendicular gap between the two lines is now uniform (~17.0m) at both ends, i.e. genuinely parallel, versus varying before. Re-validated: polygon is simple/non-self-intersecting, 0 overlap with PKS and HDY1/2 (touching PKS with 0m gap as before). REBUILT 2026-09-17 (user-flagged, third time: 'HYD3 is too messed up' -- sent an unlabeled version of the map and asked to draw a replacement by hand): the formula-driven approach above, while internally consistent, produced a shape the user judged wrong on sight. User hand-drew both HDY3 and HDY1/2 directly on the unlabeled satellite map (out/pier70_unlabeled.png) and asked for their sketch to be used as the baseline, cleaned up for parallelism. Digitized their drawing: (1) matched the user's uploaded photo (a resized/JPEG-compressed crop) back to the exact source render via ORB feature matching against the unmodified basemap content (393/419 inlier keypoints, near-pure similarity transform -- scale 2.069x, negligible rotation/shear), confirming precisely where their crop sits in the full render's pixel space; (2) independently calibrated that full render's own pixel<->lon/lat mapping by re-rendering it with small marker dots at known vertices (this project's own already-committed HDY3/HDY1-2 corners) and detecting their pixel centers -- sub-pixel (<0.6px) residuals confirmed the fit; (3) isolated the user's hand-drawn lines by color (a bright saturated blue distinct from this map's own semi-transparent parcel fills) and extracted each shape's corners. Cross-checked the pipeline by transforming the user's drawn NE corner (which should coincide with the real, already-fixed HDY3/PKS shared corner) and found it landed within ~7m of that known point -- confirming the geo-registration itself, with the residual being ordinary hand-drawing imprecision. Final shape: NE corner kept exactly at the existing HDY3/PKS shared point (unchanged); NW corner snapped exactly onto PKS's own SW corner (the user's drawn point independently landed within ~2m of it, confirming their sketch already preserves the Illinois St continuity fixed earlier the same day) rather than the previous 22nd-St/Illinois-intersection formula; SW (22nd St) corner taken directly from the user's drawn point; corridor edge (facing HDY1/2) rotated to exactly match HDY1/2's own corresponding edge bearing (see that file) while preserving the user's own drawn edge length, keeping the corridor genuinely parallel (uniform ~17m gap) as requested. Re-clipped Irish Hill Playground against this new shape (322 sq m new overlap, since this shape reaches further into that space than the previous round's -- see that file). 0 overlap with PKS (unchanged shared edge) and HDY1/2 (17m corridor gap, confirmed parallel).", "accuracy_caveat": "APPROXIMATE -- this block is not yet built and does not correspond to any subdivided Assessor parcel: it currently sits on vacant/graded land, surface parking, or an existing industrial building slated for demolition within Brookfield's 28-acre district (unaddressed in DataSF's Assessor roll). RE-TRACED 2026-09-17 directly from Figure 6.4.2 at the correct source resolution (see digitization_method) -- treat vertex positions as accurate to roughly 5-15m, not survey-grade. NOTE: this polygon is NOT clipped against real streets or existing buildings -- unlike Potrero's approximate blocks, several of Pier 70's D4D blocks are sited on existing industrial buildings that will be demolished, so overlap with a currently-real building is often expected, not an error; a boundary that appears to touch or slightly cross a street centerline reflects this transform's 1-8m residual error, not a deliberate encroachment. SNAPPED 2026-09-17 (user-flagged): this block's north edge had drifted 1.26m south of PKS's own south edge (both blocks were independently re-measured at different times and no longer shared an exact boundary, despite the diagram showing them as one continuous fill with only an internal divider line). Snapped this block's NW/NE corners to PKS's south-edge coordinates exactly, closing the gap to 0m. RE-SNAPPED 2026-09-17 (same day): PKS itself was found to be badly mispositioned (60% of its area was being silently clipped away against the real 21st St -- see pier70_pks.geojson) and was shifted ~25m south to ground-truth against the real street. Re-snapped this block's NW/NE corners to PKS's new south edge to stay attached; area dropped from ~2,699 to ~1,508 sq m as a direct, expected consequence of PKS moving into what was previously this block's own north portion. This block's own south/diagonal portion (touching HDY1/2 and Irish Hill Playground) is unchanged. INVESTIGATED 2026-09-17 (user-flagged: 'HYD3 too small relative to its peers based on drawing'): checked whether this shrinkage is a real bug (i.e., whether the same northward transform bias found on PKS/C1/PKN/Building 113-116 also affects this block's own south/diagonal portion, which would justify shifting HDY1/2 and Irish Hill Playground south too, restoring this block's diagram-implied size while keeping everything attached). Tested this directly: interpolated the real, official 22nd St centerline's latitude at HDY1/2's own south-edge longitudes (the nearest independently-checkable real street to this cluster) and compared to HDY1/2's current south edge -- found a clean ~14m gap with NO overlap, unlike PKS's 60% real-street overlap that justified its own correction. This is the opposite signature from a 'drawn too far north' bug: if the same bias reached this far south, HDY1/2 would itself be overlapping 22nd St, not comfortably clear of it. Conclusion: the 21st-St-row bias is local to that row and does not extend to this block's own south portion or to HDY1/2/Irish Hill Playground -- there is no evidence basis to shift them south to recover this block's pre-fix size. This block's current, smaller size is treated as the accurate, forced consequence of ground-truthing PKS (which shares this block's own north edge), not an unresolved bug. Flagging this conclusion explicitly per this project's no-fabrication rule: if a future source shows this block's own south/diagonal corners were independently misread (a diagram-reading error, not a bias-correction consequence), that would still warrant revisiting this specific block on its own.", "why_no_real_parcel": "A real Assessor parcel may exist under this block (part of Brookfield's larger, largely unaddressed 28-acre site), but it has not been subdivided per the masterplan's individual named parcels -- this uses hand-traced approximate geometry instead.", "regulatory_context": "Residential per Brookfield's leasing brochure (not 'parking support' as sometimes described secondhand), 65 ft max per Figure 6.4.2 (a uniform height, not a 40-65 ft range). Named for the former PG&E 'Hoedown Yard' that once occupied this area. Shown as a separate parcel from HDY1/2 in the D4D's own figure. No construction-start source found.", "notes": "Approximate polygon for a real, D4D-adopted parcel -- see accuracy_caveat.", "images": [ ], "source_doc_urls": [ "https://www.sfport.com/media/8123/download?inline=" ], "street_clip_exempt": "True", "p_number": null }, "geometry": { "type": "Polygon", "coordinates": [ [ [ -122.386554, 37.759066384535529 ], [ -122.387305014, 37.759032376877684 ], [ -122.387216842026547, 37.758307401369741 ], [ -122.386642542801567, 37.758950699787697 ], [ -122.386554, 37.759066384535529 ] ] ] } },
{ "type": "Feature", "properties": { "project_name": "Pier 70 Hoedown Yard 1/2 (HDY1/2)", "site": "Pier 70", "status": "planned", "use": "residential", "geometry_type": "approximate", "digitized_from": "Pier 70 Design for Development, Figure 6.4.2 - Maximum Building Height (p.155).", "digitization_method": "REDONE 2026-09-14: the previous version of this polygon was traced using a transform fit from 5 street intersections plus Historic Building 12's real footprint as a 6th anchor. A user-flagged visual comparison against satellite imagery showed the resulting blocks were systematically rotated/sheared (~13-14 degrees off, and not even mutually orthogonal) relative to the real street grid -- confirmed by comparing traced block bearings against the real, independently-surveyed Building 14 footprint (DataSF Building Footprints, blklot 4052001), which sits at the real street grid's true orientation (~356/86 degrees, consistent with SF's known ~4-degree grid skew). Root cause: an error in the original corner-correspondence matching, not a diagram-scan distortion. REBUILT using a fresh 6-point affine transform: 5 real street-intersection control points (20th St x Illinois St, 20th St x Michigan St, 21st St x Illinois St, 21st St x Michigan St, 22nd St x Illinois St -- fetched from OpenStreetMap via this project's own src/fetch_streets.py) plus the real, independently-confirmed centroid of Historic Building 12's own Assessor parcel (blklot 4114010) as a 6th, spatially-distant anchor. This fit has a residual error of 1-8m against its own 6 control points (far tighter than the previous transform), AND was validated by checking that it reproduces the correct real-world bearing (independently confirmed via Building 14's footprint) rather than just checking point-position error, which is what let the previous version's shear go undetected. Pixel corners for this block were re-read directly from Figure 6.4.2 with fresh, fine-grained crops. Residual error against the 6 control points is roughly 1-8m; treat vertex positions as accurate to roughly 5-15m given the additional (small) error from reading this specific block's own corners off the diagram. CORRECTED 2026-09-14 (second pass, same day): after the shear fix above, a user-flagged visual check still showed this block overlapping paved streets. Root cause found: several blocks (PKN, PKS, HDY3, HDY1/2, E4) had their OWN corner pixel positions misread during transcription -- e.g. PKN's west edge was recorded as pixel x=163 when the diagram's own gridline labels put it at x=355 (which is where the Illinois St anchor point itself was measured). This was a transcription slip, not a transform error -- the 6-point transform's anchors were unaffected (confirmed: A, B, C1, C2, D, E1, E2, E3, F/G, H1, H2 were read correctly the first time). Re-read all 5 affected blocks' corners directly against their crop images' own labeled gridlines and recomputed. CORRECTED 2026-09-14 (third pass): user-flagged overlap between HDY3/HDY1-2 and between E2/H1 and E3/H2 -- both were transcription errors (HDY1/2's diagonal notch was oversimplified into a plain rectangle that re-overlapped HDY3; E2/E3's bottom edge was misread as the row further south, landing on top of H1/H2). Re-read against the diagram's own gridlines and confirmed zero geometric overlap with the adjacent block this time. CORRECTED 2026-09-16 (Pier 70 systematic feature-by-feature pass): a full-site overlay check (every Pier 70 approximate polygon drawn directly on Figure 3.3.1/6.4.2) found this block's traced shape was both too narrow (its east edge stopped ~150m short of Parcel C2's real west edge, when the diagram shows them sharing a border) and encroached upward into the Irish Hill Remnant open-space area to its north -- a real corner-misread, not the third-pass notch bug. Re-measured this block's true quadrilateral directly from Figure 6.4.2's own colored fill (isolating this legend color) with a fresh grid-overlay crop: pixel corners NW(423,1125), NE(985,1125), SE(985,1230), SW(225,1230) -- NE/SE now share an exact boundary with Parcel C2's own already-committed west edge (x~985), and the NW-SW diagonal now matches the real cut separating this block from the Irish Hill Remnant park to its north, rather than cutting into it. Converted via the same validated 6-point affine transform. This 4-corner box created a small (357 m2) new overlap with HDY3's own south point -- clipped against HDY3's current geometry via shapely difference() (the two are adjacent planned parcels that should meet cleanly, unlike the Building 2 case below) to close it, producing the 6-vertex shape now in this file. Also creates a small (~400 m2) new overlap with 'Pier 70 Building 2 (Warehouse No. 2)' along this block's east edge -- left un-clipped, same reasoning as Building 2's own file: both are approximate placeholders competing for the same currently-undivided vacant lot, and clipping either would not make either more accurate. CORRECTED 2026-09-16 (second pass, same day): user-flagged visual check found the same-day fix above was itself wrong -- it assumed this block's east edge touches Parcel C2's west edge, but Figure 6.4.2 actually shows a real gap (part of the Irish Hill Playground open space) between them, roughly 40-45px/~35m wide. Re-measured this block's ENTIRE shape programmatically instead of patching corners: isolated this legend color (RGB [169,143,173]) in a fresh crop, connected-component labeled it separately from HDY3 (they don't touch in the raster, confirming they're genuinely separate), and extracted its precise contour (OpenCV, simplified to its 4 real corners, dropping the small zigzags caused by this block's own internal dashed sub-division lines). Result: NW(561,1124), NE(923,1124), SE(923,1246), and a point where the diagonal cut meets 22nd St (464,1238) in pixel space -- converted via the same validated 6-point affine transform. This replaces both of today's earlier patches; confirmed zero overlap with HDY3 and with Parcel C2 (a real, unclaimed gap remains between this block and C2, matching the diagram). RESOLVED 2026-09-16 (same day, full geometry restart): the small ~400 m2 overlap this file previously noted with 'Pier 70 Building 2 (Warehouse No. 2)' no longer applies -- that file's placement was corrected to its real east-cluster position next to Buildings 12 and 21 (see that file's digitization_method); this block no longer overlaps it. EXEMPTED FROM STREET CLIPPING 2026-09-17 (user-flagged: 'HDY1/2 is split in 2 and I don't understand why'): Michigan St's real centerline (CNN 8999000, a single ~2,800m-long official segment) runs continuously from 20th St all the way down through this block's own interior to 22nd St. Its northern portion is confirmed real, built pavement (visually verified near Building 14/Building 2 earlier this project). At THIS block's latitude, satellite imagery shows no clear curb or paving -- a pixel-color pavement check came back ambiguous (60%, neither a clean confirm nor a clean reject) and a direct look shows what might be a worn, informal site-access track through an active equipment-staging area, not a real, curbed city street. Regardless of whether some access track exists today, Figure 6.4.2 draws this block as ONE undivided parcel with no street through it -- the same 'map the plan, not today's ad hoc site conditions' principle already established for PKN/PKS. Rather than truncate Michigan St's real, legitimately-long official segment (which would break its correct use further north), exempted this block itself from street clipping so it renders as the single block the diagram shows, instead of being silently cut into two disconnected pieces by a real street's centerline passing through informally-used land this parcel is planned to consolidate. CORRECTED 2026-09-17 (found by src/verify_block_fill.py, a new reusable diagram-fit checker built after user feedback that too much of this project's QA was one-off pixel investigation that's easy to get subtly wrong and hard to redo consistently): this block was never rechecked for the 2376x1836-vs-2200x1700 resolution-mismatch bug independently found and fixed on PKN/PKS/HDY3/C1/Building 21 on 2026-09-17 -- it slipped through because that day's fixes were driven by individual user-flagged visual checks, not a systematic re-verification of every block. The tool flagged this block's committed geometry at only 0.11 IoU against a fresh color-fill re-extraction. Confirmed: this block's own pixel corners (561,1124)-(923,1124)-(923,1246)-(464,1238), unchanged since the 2026-09-16 second pass, were recorded from the 2376x1836 source and never rescaled. Divided by 1.08 and reconverted via the same validated 6-point affine transform: (519.4,1040.7)-(854.6,1040.7)-(854.6,1153.7)-(429.6,1146.3), closely matching a fresh, independent re-extraction on page171.png. Area changes from ~4,682 to ~4,015 sq m. Re-verified 0 overlap with HDY3 (13.9m gap, similar to before) and Irish Hill Playground (0.9m gap, effectively touching, slightly improved); 12% real-street overlap (was not previously checked at this corrected position), under this project's MAJOR_CLIP threshold. EXTENDED 2026-09-17 (same day/pass as HDY3's own 22nd-St extension, prompted by the same user instruction): re-examined Figure 6.4.2 directly and confirmed this block's own south edge IS drawn sitting right on the '22ND ST' boundary line in the diagram -- the ~40m gap this block's own (already-corrected, IoU-verified) position had to the REAL 22nd St curb was a real-vs-diagram discrepancy, the same general phenomenon already documented for the '21st St (NEW)' row, not a tracing error in this block's own diagram-fit (which independently re-verified at IoU 0.96 earlier the same day). Extended this block's two southern corners (SE, SW) straight down to the real 22nd St curb line (6.8m north of centerline) at their own longitudes, preserving the NW/NE corners and the block's own diagonal-cut shape otherwise. Area grows from ~4,015 to ~9,146 sq m as a direct, expected consequence of reaching the real curb rather than stopping ~40m short of it. ADJUSTED 2026-09-17 (user-flagged: this block's south edge, set exactly at the 6.8m real curb line, eats into the sidewalk): moved the south edge (SE/SW) out to 9.8m north of the real 22nd St centerline instead of 6.8m -- adding a ~3m sidewalk allowance beyond the bare curb, consistent with the D4D's own cited 55-67ft ROW range for this class of street (implying more room behind the curb than the curb measurement alone accounts for). Area shrinks slightly from the previous (curb-only) version. NARROWED 2026-09-17 (user-flagged: resolve the HDY3/HDY1-2 diagonal disconnect): the prior round found no real room for a separate Irish Hill corridor between this block's west corner and Illinois St's real right-of-way (2-9m at most). Per user instruction to resolve rather than accept the direct-touching compromise, moved this block's own west corner (v4) east by ~12m (from -122.38722 to -122.3871), trading a modest amount of this block's own area for a real, meaningful gap to HDY3 (see that file). Area drops from ~9,146 to ~8,447 sq m. CORRECTED 2026-09-17 (user-flagged, second time: 'HDY1/2 and C2 still eat away at the sidewalk on the south side' and separately 'the diagonal you create... should be made of 2 parallel edges'): (1) this block's own SW corner (v3) was found ~0.8m short of the intended 9.8m real-22nd-St-centerline offset (a small residual from an earlier, less precise calculation) -- recomputed precisely (lat 37.758093552044336 -> 37.758100765844276); its SE corner (v2), independently checked the same way, was already exactly correct and is unchanged. (2) this corner (v3) is also one endpoint of the diagonal corridor edge (v3-v0) facing HDY3's own corresponding edge -- that pair was flagged as visibly non-parallel (11.2 degrees here vs 19.1 degrees on HDY3's side). Kept this block's own v3-v0 edge exactly as-is (bearing 11.2 degrees) as the reference, and rotated HDY3's corresponding edge to match it instead -- see pier70_hdy3.geojson's digitization_method for the full writeup; confirmed the two edges are now a uniform ~17.0m apart along their whole length (genuinely parallel) rather than converging/diverging as before. REBUILT 2026-09-17 (user-flagged, third time: 'HYD3 is too messed up' -- sent an unlabeled version of the map and hand-drew a replacement for both HDY3 and this block): the formula-driven fix above was rejected on sight; user drew directly on out/pier70_unlabeled.png and asked for it to be used as the baseline. Digitized via ORB feature matching (crop-to-full-render registration, 393/419 inlier keypoints) plus an independent marker-based pixel<->lon/lat calibration of the full render (sub-pixel residuals) -- see pier70_hdy3.geojson's own digitization_method for the full pipeline writeup, which covers both files together. This block's own east edge (NE, SE corners) came back within 1-3m of its already-committed position, confirming the user's sketch traces the EXISTING east edge rather than redesigning it -- kept those two corners exactly as before, unchanged. The two corners that DO change are the ones the user's message called out directly: (1) the corridor-top corner (formerly 'v0' at -122.38692933990407,37.75877958601038) moved to the user's drawn position, ~50m east and ~7m south of the old one -- this also seeds the new, wider corridor gap to HDY3. (2) the south corner facing 22nd St (formerly 'v3') moved to the user's drawn position, explicitly pulled north of the real curb+9.8m-offset line this project had been using -- per the user's own annotation ('notice how I excluded the south sidewalk'), this hand-verified position is now authoritative for this corner rather than the formulaic curb offset, since the user is looking at the same satellite basemap this map is built on and judging the visible sidewalk directly. Area shrinks from ~8,406 to ~6,446 sq m as a direct result of both pulled-in corners. Re-verified: 0 overlap with C2 (0.1m gap) and with HDY3 (17m parallel corridor gap, see that file); this block keeps its street_clip_exempt flag and its own real-street-buffer overlap (~14%) is expected/unflagged under that exemption, same as before. ADJUSTED 2026-09-17 (two more user-flagged issues, same message): (1) 'HDY1/2 and C2 south border should align with sidewalk south side' -- direct satellite comparison (src/satellite_check.py, reference lines drawn at 6.8m/9.8m/13m/18.8m offsets from the real 22nd St centerline across the WHOLE Illinois-to-Louisiana frontage) showed the user's own hand-drawn v3 corner (west end) sits at exactly 18.8m off the centerline, not the 9.8m this project had been using -- and that 18.8m reading matches the real sidewalk/lot boundary visible in the imagery much better than 9.8m did at this corner. Applied that same, higher-confidence 18.8m offset to this block's other south corner (v2, east end, near C2) instead of the old 9.8m, so this block's whole south edge reflects one consistently-verified sidewalk clearance rather than mixing a hand-verified value with an older formula value. (2) 'HDY1/2 north edge should be parallel to C1 south (and north) edge' -- this block's own v0 (corridor-top/north corner) previously sat on a line through v3 matching HDY3's own corridor bearing only; the v0-v1 edge (this block's actual north-facing edge, toward C1/Irish Hill Playground) was not parallel to C1's own south edge (86.5 degrees) at all. Recomputed v0 as the intersection of two lines: one through v1 at C1's exact south-edge bearing (86.5 degrees), and one through v3 at HDY3's own corridor-edge bearing (35.2 degrees, unchanged) -- satisfying both parallelism requirements at once with v1 and v3 held fixed. New v0 is ~10m east and ~14m north of the old one. Re-verified: polygon still simple/valid; re-triggered a matching re-clip of Irish Hill Playground (see that file) since it shares this corner.", "accuracy_caveat": "APPROXIMATE -- this block is not yet built and does not correspond to any subdivided Assessor parcel: it currently sits on vacant/graded land, surface parking, or an existing industrial building slated for demolition within Brookfield's 28-acre district (unaddressed in DataSF's Assessor roll). Redone 2026-09-14 with a corrected, shear-free transform (see digitization_method) -- treat vertex positions as accurate to roughly 5-15m, not survey-grade. NOTE: this polygon is NOT clipped against real streets or existing buildings -- unlike Potrero's approximate blocks, several of Pier 70's D4D blocks are sited on existing industrial buildings that will be demolished, so overlap with a currently-real building is often expected, not an error; a boundary that appears to touch or slightly cross a street centerline reflects this transform's 1-8m residual error, not a deliberate encroachment. CORRECTED 2026-09-17: fixed a resolution-mismatch bug that had gone unnoticed since 2026-09-16 -- see digitization_method.", "why_no_real_parcel": "A real Assessor parcel may exist under this block (part of Brookfield's larger, largely unaddressed 28-acre site), but it has not been subdivided per the masterplan's individual named parcels -- this uses hand-traced approximate geometry instead.", "regulatory_context": "Residential per Brookfield's leasing brochure, 65 ft max per Figure 6.4.2. Shown as one combined parcel (HDY1/2) distinct from HDY3 in the D4D's own figure -- not three separately-numbered HDY1/HDY2/HDY3 parcels as sometimes described secondhand. No construction-start source found.", "notes": "Approximate polygon for a real, D4D-adopted parcel -- see accuracy_caveat.", "images": [ ], "source_doc_urls": [ "https://www.sfport.com/media/8123/download?inline=" ], "street_clip_exempt": "True", "p_number": null }, "geometry": { "type": "Polygon", "coordinates": [ [ [ -122.386500209619328, 37.758845659047154 ], [ -122.385769843583191, 37.758880683688808 ], [ -122.385748501445363, 37.758262792967635 ], [ -122.387092709181104, 37.758181973612544 ], [ -122.386500209619328, 37.758845659047154 ] ] ] } },
{ "type": "Feature", "properties": { "project_name": "Pier 70 Parcel C1", "site": "Pier 70", "status": "planned", "use": "residential", "geometry_type": "approximate", "digitized_from": "Pier 70 Design for Development, Figure 6.4.2 - Maximum Building Height (p.155).", "digitization_method": "REDONE 2026-09-14: the previous version of this polygon was traced using a transform fit from 5 street intersections plus Historic Building 12's real footprint as a 6th anchor. A user-flagged visual comparison against satellite imagery showed the resulting blocks were systematically rotated/sheared (~13-14 degrees off, and not even mutually orthogonal) relative to the real street grid -- confirmed by comparing traced block bearings against the real, independently-surveyed Building 14 footprint (DataSF Building Footprints, blklot 4052001), which sits at the real street grid's true orientation (~356/86 degrees, consistent with SF's known ~4-degree grid skew). Root cause: an error in the original corner-correspondence matching, not a diagram-scan distortion. REBUILT using a fresh 6-point affine transform: 5 real street-intersection control points (20th St x Illinois St, 20th St x Michigan St, 21st St x Illinois St, 21st St x Michigan St, 22nd St x Illinois St -- fetched from OpenStreetMap via this project's own src/fetch_streets.py) plus the real, independently-confirmed centroid of Historic Building 12's own Assessor parcel (blklot 4114010) as a 6th, spatially-distant anchor. This fit has a residual error of 1-8m against its own 6 control points (far tighter than the previous transform), AND was validated by checking that it reproduces the correct real-world bearing (independently confirmed via Building 14's footprint) rather than just checking point-position error, which is what let the previous version's shear go undetected. Pixel corners for this block were re-read directly from Figure 6.4.2 with fresh, fine-grained crops. Residual error against the 6 control points is roughly 1-8m; treat vertex positions as accurate to roughly 5-15m given the additional (small) error from reading this specific block's own corners off the diagram. CORRECTED 2026-09-16 (Pier 70 systematic feature-by-feature pass): a batch color-region check found this block's committed shape extended too far south (into the Irish Hill Playground green space) and not far enough east, versus the diagram's actual fill. Re-measured programmatically instead of by eye: isolated this legend color (RGB [128,193,219]) in a crop spanning this block's 3 internal sub-division cells, merged them (morphological closing across the thin cell-divider lines), and extracted the outer contour (OpenCV) -- a clean rectangle at pixel (698,838)-(1075,957). Converted via the same validated 6-point affine transform. Confirmed zero overlap with PKS, C2, or HDY1/2. RESOLVED 2026-09-16 (same day, full geometry restart): the 'Pier 70 Building 2 (Warehouse No. 2)' overlap mentioned in this file's own accuracy_caveat no longer applies -- Building 2 was found to be badly mislocated (a west-side vacant lot, not its real east-cluster position next to Buildings 12 and 21) and has been relocated; it no longer overlaps this parcel at all. See that file's own digitization_method. CORRECTED 2026-09-17 (found while investigating a user-flagged Irish Hill Playground misplacement): the 2026-09-16 pixel bbox above (698,838)-(1075,957) turns out to be the SAME confirmed 2376x1836-vs-2200x1700 resolution-mismatch bug already found and fixed on PKN/PKS/HDY3 that same day -- dividing each value by 1.08 (698/1.08=646.3, 838/1.08=776.9, 1075/1.08=995.4, 957/1.08=886.1) lands almost exactly on a fresh, independent color-fill extraction on page171.png at its correct 2200x1700 resolution: (647,776)-(996,887). This block was evidently never rechecked when that bug was fixed elsewhere. Re-measured via the same method (isolate RGB [128,193,219], morphological closing across the 3 internal cell dividers, OpenCV outer contour) directly on page171.png and converted via the same validated 6-point affine transform. New shape is a plain rectangle, confirmed 0 overlap with PKS, HDY3, or C2 (33-39m clearance to each) and used to correct the previously-wrong Irish Hill Playground clip boundary (see that file's own digitization_method). CORRECTED AGAIN 2026-09-17 (user-flagged: 'C1 now is cut by 21st street when it should just be south of it'): the fix above was itself wrong -- both it AND the pre-existing committed geometry it replaced overlapped the real, confirmed 21st St centerline (CNN 15233000) by well over 100m of its length (145.7m for the old version, 128.9m for the resolution-bug fix), i.e. this was never actually a resolution-scaling problem for this specific edge, and fixing the resolution bug alone did not fix the real issue. Root cause: this diagram-transform, even correctly applied, places this row of blocks (C1's own latitude band, roughly midway between the transform's Illinois/Michigan St anchors and its more-distant east side) measurably too far north relative to where the real street actually is -- PKS, immediately to this block's west and fronting the same stretch of 21st St, sits with 0 overlap against this same street segment, so the discrepancy is specific to this eastern extension of the row, not a sitewide bias. Rather than patch the transform, ground-truthed this block's own north edge directly against the real street centerline (the same one PKS already sits correctly against): computed the real centerline's latitude at each of this block's own longitudes (linear interpolation along CNN 15233000, which is nearly straight over this span) and set this block's north edge 6.8m south of it (this project's own empirically-measured real curb-to-centerline half-width -- see street_geometry.py), then shifted the two south corners by the same amount to preserve the block's shape/depth from the diagram. Confirmed 0 overlap with 21st St, Michigan St's own north-south segment (8999001), and Building 113-116's real footprint; 11.7% of this block's area now falls in the buffered real-street layer (a normal corner-lot-style sliver along Michigan St's separate north-south alignment near this block's west edge, well under this project's 15% flag threshold), down from 45%. This move also required re-clipping Irish Hill Playground, which had been clipped against this block's previous (wrong) position -- see that file's own digitization_method. RE-INVESTIGATED 2026-09-17 (yet again, same day, after user feedback called the prior revert-and-redo cycle 'mostly a downgrade' and asked for a clarifying question rather than another guess): went back to first principles instead of more pixel geometry. Two checks, both requested by the user: (1) searched the D4D's own text (Section 4.11, Specific Streets Design Intent) for any description of 21st St being relocated or realigned -- found none; it describes 21st St as 'primarily serves as an alley from Illinois Street to the waterfront,' with no mention of a moved alignment. (2) Pulled real satellite imagery (src/satellite_check.py) directly over where DataSF's official centerline (CNN 15232000/15233000) says 21st St runs between Illinois and Michigan St -- it shows vegetation, graded dirt, a tree, and a vehicle-storage yard: zero pavement. So the earlier 'the D4D relocates 21st St' theory (this file's own prior REVERTED/RETRACTED entries) was an overreach from a real but simpler fact: DataSF's centerline here is a paper (platted, unbuilt) alignment, the same failure mode as three other already-excluded CNNs in street_geometry.py (12915000, 15200000, 15228000) -- not a deliberate relocation. Added CNN 15232000/15233000 to that same exclusion list, with the satellite evidence documented there. User's explicit instruction: note that this stretch of 21st St isn't built yet, but for this map's purpose (showing the planned FUTURE parcel state) treat the diagram's own drawn '21ST ST (NEW)' position as authoritative. Restored this block to its pure diagram-transform position accordingly -- the same value already found and confirmed multiple times this project (most recently before the mistaken ground-truth shift below). This restored position again overlaps the real Building 113-116 footprint (~1015 sq m) -- re-added to check_geometry_quality.py's EXPECTED_OVERLAP_PAIRS. Whether that specific overlap is itself correct is flagged for a visual check against the rendered map before treating it as settled. RECONSIDERED 2026-09-17 (same day, before treating the ~1015 sq m overlap with real Building 113-116 as expected): checked the D4D text itself (Section 1.3, Figure 1.3.3 legend) for that building's actual fate rather than assuming a demolition -- it lists Building 113-116 as one of the 'Historic Buildings to be Rehabilitated' (kept, not demolished), part of the National Register-listed UIW Historic District. That rules out the 'planned demolition, overlap is expected' reasoning already used elsewhere on this site for buildings that ARE slated for removal. Since Building 113-116's own footprint is real/surveyed (high confidence) and this block's own boundary is diagram-transform-derived (5-15m tolerance), clipped this block against the real building footprint via shapely difference() rather than accepting the overlap -- area drops from ~3,730 to ~2,701 sq m. Simplified the resulting boundary (114 raw vertices down to 14, following the building's own real corners) rather than leaving a jagged trace. REPOSITIONED 2026-09-17 (user override: 'take my input as override... turn that Michigan span into 21st st and adjust parcel positioning accordingly'): re-anchored to the corrected planned 21st St line (see pier70_21st_street.geojson -- built from Michigan St's own real terminus point, perpendicular to Illinois/Louisiana's real ~175.5-degree bearing), replacing the Figure 6.4.2 pixel-traced position used previously. North edge snapped to 6.8m south of the new anchor line's centerline at each corner's own longitude (~27.4m shift at the west corner, ~30.8m at the east corner), own depth preserved. Re-checked against the real Building 113-116 footprint at this new position: 0 overlap (the previous ~1015 sq m overlap, clipped in the prior round, no longer occurs at all -- this block moved south, away from the building, so the full pure-diagram rectangle is used here rather than a clipped shape). EXTENDED 2026-09-17 (user-flagged: should border Louisiana St on its east side, same as PKN/PKS were extended to Michigan St): east edge (NE/SE) extended to real Louisiana St (CNN 15237000) at each corner's own latitude, offset 9.8m west (6.8m curb + ~3m sidewalk allowance, same standard used elsewhere this round). Checked against the RAW Assessor building layer first, which flagged a false positive ~1827 sq m overlap with Building 113-116 -- that raw layer still includes the piece south of the real 21st St curb that this project's own curated pier70_building_113_116.geojson already excludes (see that file and src/verify_block_fill.py's documented limitation); checked against the curated file directly and confirmed 0 overlap (a clean ~6.5m gap). Area grows from ~3,724 to ~4,815 sq m.", "accuracy_caveat": "APPROXIMATE -- this block is not yet built and does not correspond to any subdivided Assessor parcel: it currently sits on vacant/graded land, surface parking, or an existing industrial building slated for demolition within Brookfield's 28-acre district (unaddressed in DataSF's Assessor roll). Redone 2026-09-14 with a corrected, shear-free transform (see digitization_method) -- treat vertex positions as accurate to roughly 5-15m, not survey-grade. NOTE: this polygon is NOT clipped against real streets or existing buildings -- unlike Potrero's approximate blocks, several of Pier 70's D4D blocks are sited on existing industrial buildings that will be demolished, so overlap with a currently-real building is often expected, not an error; a boundary that appears to touch or slightly cross a street centerline reflects this transform's 1-8m residual error, not a deliberate encroachment. RESOLVED 2026-09-16: no longer overlaps 'Pier 70 Building 2 (Warehouse No. 2)' -- that file's placement was corrected to its real position elsewhere on the site (see that file's digitization_method). CORRECTED 2026-09-17: this block was found to carry the same resolution-mismatch bug as PKN/PKS/HDY3 -- see digitization_method. Its true south edge sits ~26m further north than previously recorded, which had been silently eating into Irish Hill Playground's real extent. CLIPPED 2026-09-17 against the real, rehabilitated Building 113-116 footprint (not a planned-demolition overlap) -- see digitization_method.", "why_no_real_parcel": "A real Assessor parcel may exist under this block (part of Brookfield's larger, largely unaddressed 28-acre site), but it has not been subdivided per the masterplan's individual named parcels -- this uses hand-traced approximate geometry instead.", "regulatory_context": "Residential, 90 ft max per Figure 6.4.2 (a uniform height, not a 65-90 ft range). One of two 100%-affordable parcels in this cluster is C1B (a sub-portion of this parcel) per a 2020 Port Commission resolution -- the other is C2A (see Parcel C2). No construction-start source found.", "notes": "Approximate polygon for a real, D4D-adopted parcel -- see accuracy_caveat.", "images": [ ], "source_doc_urls": [ "https://www.sfport.com/media/8123/download?inline=" ], "street_clip_exempt": null, "p_number": null }, "geometry": { "type": "Polygon", "coordinates": [ [ [ -122.38498236798651, 37.759394634479939 ], [ -122.384950703609334, 37.75908110051639 ], [ -122.386341735529086, 37.759014393698017 ], [ -122.38637147471546, 37.759327562121108 ], [ -122.38498236798651, 37.759394634479939 ] ] ] } },
{ "type": "Feature", "properties": { "project_name": "Pier 70 Parcel C2", "site": "Pier 70", "status": "planned", "use": "residential", "geometry_type": "approximate", "digitized_from": "Pier 70 Design for Development, Figure 6.4.2 - Maximum Building Height (p.155).", "digitization_method": "REDONE 2026-09-14: the previous version of this polygon was traced using a transform fit from 5 street intersections plus Historic Building 12's real footprint as a 6th anchor. A user-flagged visual comparison against satellite imagery showed the resulting blocks were systematically rotated/sheared (~13-14 degrees off, and not even mutually orthogonal) relative to the real street grid -- confirmed by comparing traced block bearings against the real, independently-surveyed Building 14 footprint (DataSF Building Footprints, blklot 4052001), which sits at the real street grid's true orientation (~356/86 degrees, consistent with SF's known ~4-degree grid skew). Root cause: an error in the original corner-correspondence matching, not a diagram-scan distortion. REBUILT using a fresh 6-point affine transform: 5 real street-intersection control points (20th St x Illinois St, 20th St x Michigan St, 21st St x Illinois St, 21st St x Michigan St, 22nd St x Illinois St -- fetched from OpenStreetMap via this project's own src/fetch_streets.py) plus the real, independently-confirmed centroid of Historic Building 12's own Assessor parcel (blklot 4114010) as a 6th, spatially-distant anchor. This fit has a residual error of 1-8m against its own 6 control points (far tighter than the previous transform), AND was validated by checking that it reproduces the correct real-world bearing (independently confirmed via Building 14's footprint) rather than just checking point-position error, which is what let the previous version's shear go undetected. Pixel corners for this block were re-read directly from Figure 6.4.2 with fresh, fine-grained crops. Residual error against the 6 control points is roughly 1-8m; treat vertex positions as accurate to roughly 5-15m given the additional (small) error from reading this specific block's own corners off the diagram. CORRECTED 2026-09-16 (Pier 70 systematic feature-by-feature pass): user-flagged visual check found this block's traced box was far too narrow -- only ~57px/40m wide against the diagram's real ~125px/95m width, sitting entirely inside the true box rather than matching its edges. Re-measured programmatically instead of by eye: isolated this legend color (RGB [128,193,219]) in a fresh crop, confirmed a clean rectangle (no trapezoid) at pixel x 962-1075, y 984-1206 (spanning both of this block's own internal sub-division cells, visible as a thin gray divider line partway down that is not a real boundary), and converted via the same validated 6-point affine transform. New area (~0.59 acres) is roughly 2.4x the previous (wrong) trace. RESOLVED 2026-09-16 (same day, full geometry restart): the 'Pier 70 Building 2 (Warehouse No. 2)' overlap mentioned below no longer applies -- Building 2 was found to be badly mislocated and has been relocated to its real east-cluster position next to Buildings 12 and 21 (see that file); it no longer overlaps this parcel. Also created a small (122 m2) new overlap with Parcel C1 -- these two are adjacent planned parcels that should meet cleanly (unlike the Building 2 case), so clipped against C1's own committed geometry via shapely difference(). CORRECTED 2026-09-17 (found while checking Irish Hill Playground's request to touch C2's western edge -- unrelated to the separate 21st-St-row investigation happening the same day): this block's previously-committed geometry did not match Figure 6.4.2's own blue 'Residential' fill at all -- color-region detection (isolating RGB [128,193,219], the same color used for C1) found this block's true fill is a clean rectangle at pixel (891,912)-(995,1117), extending roughly 70px (~20m) further WEST and starting further north than the previously-committed shape. Confirmed this is a distinct connected component from C1's own fill (C1 occupies y~776-887, a separate blob, with a real ~25px gap between them). Converted via the same validated 6-point affine transform. Verified 0 overlap with C1. REPOSITIONED 2026-09-17 (user override: 'take my input as override... turn that Michigan span into 21st st and adjust parcel positioning accordingly'): re-anchored to the corrected planned 21st St line (see pier70_21st_street.geojson -- built from Michigan St's own real terminus point, perpendicular to Illinois/Louisiana's real ~175.5-degree bearing), replacing the Figure 6.4.2 pixel-traced position used previously. Shifted by the same amount as the nearest point on the repositioned C1 (interpolated between C1's own west/east corner shifts by longitude) to preserve their existing adjacency (previously confirmed touching within normal trace precision) -- own shape/size unchanged. Resulting gap to the repositioned C1 is 7.9m, slightly wider than before but still within this project's normal trace tolerance. EXTENDED 2026-09-17 (user-flagged: should border 22nd St like HDY1/2): south corners (SW/SE) extended straight down to the real 22nd St curb line at each corner's own longitude, using the same 9.8m offset (6.8m curb + ~3m sidewalk allowance) as HDY1/2's own 22nd St edge, rather than the bare 6.8m curb (which the user separately flagged as encroaching on the sidewalk). North/east/west edges unchanged. Area grows accordingly. EXTENDED 2026-09-17 (user-flagged: should border Louisiana St, same as C1): east edge (NE/SE) extended to real Louisiana St at each corner's own latitude, same 9.8m offset. Area grows from ~2,052 to ~5,785 sq m. CORRECTED 2026-09-17 (user-flagged, second time: 'HDY1/2 and C2 still eat away at the sidewalk on the south side'): back-calculated this block's actual achieved offset from the real 22nd St centerline at its SE corner and found only ~4.4m, not the documented/intended 9.8m -- a genuine bug in how that corner was computed in the prior pass (its NE and SW corners, computed the same way, checked out correctly at the intended offset; only the SE corner, which needs to satisfy the 22nd-St-offset AND Louisiana-St-offset constraints simultaneously since it's a dual-street corner, was wrong -- the prior pass appears to have only applied one of the two constraints). Recomputed by iterating both constraints to convergence (offset 9.8m north of real 22nd St's centerline at a trial longitude, then 9.8m west of real Louisiana St's centerline at the resulting latitude, repeating until stable): corner moves from (-122.38486454324594, 37.758227958827085) to (-122.3848693714351, 37.75827576653485), a ~5.4m shift, now correctly clearing the sidewalk on both frontages. ADJUSTED 2026-09-17 (user-flagged, third time: 'HDY1/2 and C2 south border should align with sidewalk south side'): direct satellite comparison (src/satellite_check.py, reference lines at 6.8m/9.8m/13m/18.8m offsets from the real 22nd St centerline across the whole Illinois-to-Louisiana frontage) found that HDY1/2's own hand-drawn south corner (nearest this block, on the other side of the small gap between them) sits at 18.8m off the centerline, not 9.8m -- and 18.8m matches the visible sidewalk/lot boundary better across this whole frontage than the 9.8m formula this project had been using. Recomputed both south corners at 18.8m instead of 9.8m: SW corner (only constrained by 22nd St) moved directly; SE corner (dual-constrained by 22nd St AND Louisiana St, since it's the corner where both meet) recomputed by iterating both constraints to convergence at the new 18.8m 22nd-St offset (Louisiana's own 9.8m offset, unrelated to the sidewalk question, is unchanged). This aligns this block's south edge with HDY1/2's, satisfying the user's request that the two blocks' south borders read as one consistent line. Area shrinks from ~5,785 to ~4,991 sq m.", "accuracy_caveat": "APPROXIMATE -- this block is not yet built and does not correspond to any subdivided Assessor parcel: it currently sits on vacant/graded land, surface parking, or an existing industrial building slated for demolition within Brookfield's 28-acre district (unaddressed in DataSF's Assessor roll). Redone 2026-09-14 with a corrected, shear-free transform (see digitization_method) -- treat vertex positions as accurate to roughly 5-15m, not survey-grade. NOTE: this polygon is NOT clipped against real streets or existing buildings -- unlike Potrero's approximate blocks, several of Pier 70's D4D blocks are sited on existing industrial buildings that will be demolished, so overlap with a currently-real building is often expected, not an error; a boundary that appears to touch or slightly cross a street centerline reflects this transform's 1-8m residual error, not a deliberate encroachment. RESOLVED 2026-09-16: no longer overlaps 'Pier 70 Building 2 (Warehouse No. 2)' -- that file's placement was corrected to its real position elsewhere on the site (see that file's digitization_method). CORRECTED 2026-09-17: re-measured directly from Figure 6.4.2's own color fill, replacing a previously wrong position -- see digitization_method.", "why_no_real_parcel": "A real Assessor parcel may exist under this block (part of Brookfield's larger, largely unaddressed 28-acre site), but it has not been subdivided per the masterplan's individual named parcels -- this uses hand-traced approximate geometry instead.", "regulatory_context": "Residential, 90 ft max per Figure 6.4.2. C2A, a sub-portion of this parcel, is one of two 100%-affordable parcels in this cluster per a 2020 Port Commission resolution (the other is C1B, part of Parcel C1). No construction-start source found.", "notes": "Approximate polygon for a real, D4D-adopted parcel -- see accuracy_caveat.", "images": [ ], "source_doc_urls": [ "https://www.sfport.com/media/8123/download?inline=" ], "street_clip_exempt": null, "p_number": null }, "geometry": { "type": "Polygon", "coordinates": [ [ [ -122.384943541531939, 37.759010183141449 ], [ -122.384877433647517, 37.758355596856362 ], [ -122.385629620930899, 37.758269933130848 ], [ -122.385668351663, 37.758987243132722 ], [ -122.384943541531939, 37.759010183141449 ] ] ] } },
{ "type": "Feature", "properties": { "project_name": "Pier 70 Parcel D", "site": "Pier 70", "status": "planned", "use": "residential", "geometry_type": "approximate", "digitized_from": "Pier 70 Design for Development, Figure 6.4.2 - Maximum Building Height (p.155).", "digitization_method": "REDONE 2026-09-14: the previous version of this polygon was traced using a transform fit from 5 street intersections plus Historic Building 12's real footprint as a 6th anchor. A user-flagged visual comparison against satellite imagery showed the resulting blocks were systematically rotated/sheared (~13-14 degrees off, and not even mutually orthogonal) relative to the real street grid -- confirmed by comparing traced block bearings against the real, independently-surveyed Building 14 footprint (DataSF Building Footprints, blklot 4052001), which sits at the real street grid's true orientation (~356/86 degrees, consistent with SF's known ~4-degree grid skew). Root cause: an error in the original corner-correspondence matching, not a diagram-scan distortion. REBUILT using a fresh 6-point affine transform: 5 real street-intersection control points (20th St x Illinois St, 20th St x Michigan St, 21st St x Illinois St, 21st St x Michigan St, 22nd St x Illinois St -- fetched from OpenStreetMap via this project's own src/fetch_streets.py) plus the real, independently-confirmed centroid of Historic Building 12's own Assessor parcel (blklot 4114010) as a 6th, spatially-distant anchor. This fit has a residual error of 1-8m against its own 6 control points (far tighter than the previous transform), AND was validated by checking that it reproduces the correct real-world bearing (independently confirmed via Building 14's footprint) rather than just checking point-position error, which is what let the previous version's shear go undetected. Pixel corners for this block were re-read directly from Figure 6.4.2 with fresh, fine-grained crops. Residual error against the 6 control points is roughly 1-8m; treat vertex positions as accurate to roughly 5-15m given the additional (small) error from reading this specific block's own corners off the diagram. CORRECTED 2026-09-16 (Pier 70 systematic feature-by-feature pass): a batch color-region check found this block's committed shape had its notch on the WRONG SIDE -- the committed shape was full-width at the north end and narrowed by dropping its EAST portion further south, but Figure 6.4.2 actually shows the opposite: this block narrows by dropping its WEST portion (which is shorter, ending sooner), while the east portion continues further south. Re-measured programmatically instead of by eye: isolated this legend color (RGB [128,193,219]) and extracted the precise contour (OpenCV) -- a 2-step staircase shape at pixel (1250,734), (1250,801), (1331,801), (1332,876), (1401,876), (1401,734). Converted via the same validated 6-point affine transform. Confirmed zero overlap with Building 2, Building 12 Plaza, Parcel E1, or the waterfront open space. CLIPPED 2026-09-17 (street/curb re-anchoring pass, prompted by a user question about validation process consistency): this block's own north edge was directly confirmed, by rendering it against Esri World Imagery, to sit on top of real, currently-paved, actively-used street pavement (visible lane markings and/or vehicles in the satellite image), not a corner-lot sliver -- one of several Pier 70 blocks found this way after this project switched its real-street reference from OSM (community-traced, name-matched ways) to DataSF's own official Street Centerline / Curbs and Islands datasets (src/street_geometry.py), which for the first time gave an accurate enough curb position to see it. Clipped via shapely difference() against the corrected real-street buffer (6.8m centerline half-width, empirically measured against real curb data near Pier 70 -- see street_geometry.py); area 1476 -> 786 sq m. The clip's result was a MultiPolygon (the street cut disconnected a 62 sq m sliver from the main body); kept only the larger piece, consistent with how this project has handled the same situation elsewhere (Mission Rock Square, Potrero Block 7). This is a targeted correction of this block's street-facing edge, not a re-verified re-trace of its other edges, which still carry this site's usual diagram-transform uncertainty.", "accuracy_caveat": "APPROXIMATE -- this block is not yet built and does not correspond to any subdivided Assessor parcel: it currently sits on vacant/graded land, surface parking, or an existing industrial building slated for demolition within Brookfield's 28-acre district (unaddressed in DataSF's Assessor roll). Redone 2026-09-14 with a corrected, shear-free transform (see digitization_method) -- treat vertex positions as accurate to roughly 5-15m, not survey-grade. NOTE: this polygon is NOT clipped against real streets or existing buildings -- unlike Potrero's approximate blocks, several of Pier 70's D4D blocks are sited on existing industrial buildings that will be demolished, so overlap with a currently-real building is often expected, not an error; a boundary that appears to touch or slightly cross a street centerline reflects this transform's 1-8m residual error, not a deliberate encroachment. Street-facing edge re-clipped 2026-09-17 against official curb-referenced street data -- see digitization_method.", "why_no_real_parcel": "A real Assessor parcel may exist under this block (part of Brookfield's larger, largely unaddressed 28-acre site), but it has not been subdivided per the masterplan's individual named parcels -- this uses hand-traced approximate geometry instead.", "regulatory_context": "Residential (studio-3BR over 7 levels) + ground-floor retail + townhouses along 21st St, designed by Stanley Saitowitz/Natoma Architects. A weak secondary source implied a ~2020 completion, but this directly conflicts with Brookfield's own July 2026 statement that its first market-rate residential building at Pier 70 won't break ground until 2027 -- treat as NOT yet built.", "notes": "Approximate polygon for a real, D4D-adopted parcel -- see accuracy_caveat.", "images": [ ], "source_doc_urls": [ "https://www.sfport.com/media/8123/download?inline=" ], "street_clip_exempt": null, "p_number": null }, "geometry": { "type": "Polygon", "coordinates": [ [ [ -122.3841496, 37.75949 ], [ -122.3841672, 37.7597015 ], [ -122.3844474, 37.7596771 ], [ -122.384451583555901, 37.759739458041949 ], [ -122.384146083369586, 37.759757801930498 ], [ -122.383928342164793, 37.7597708762937 ], [ -122.3839109, 37.7595108 ], [ -122.3841496, 37.75949 ] ] ] } },
{ "type": "Feature", "properties": { "project_name": "Pier 70 Parcel E1", "site": "Pier 70", "status": "planned", "use": "residential", "geometry_type": "approximate", "digitized_from": "Pier 70 Design for Development, Figure 6.4.2 - Maximum Building Height (p.155).", "digitization_method": "REDONE 2026-09-14: the previous version of this polygon was traced using a transform fit from 5 street intersections plus Historic Building 12's real footprint as a 6th anchor. A user-flagged visual comparison against satellite imagery showed the resulting blocks were systematically rotated/sheared (~13-14 degrees off, and not even mutually orthogonal) relative to the real street grid -- confirmed by comparing traced block bearings against the real, independently-surveyed Building 14 footprint (DataSF Building Footprints, blklot 4052001), which sits at the real street grid's true orientation (~356/86 degrees, consistent with SF's known ~4-degree grid skew). Root cause: an error in the original corner-correspondence matching, not a diagram-scan distortion. REBUILT using a fresh 6-point affine transform: 5 real street-intersection control points (20th St x Illinois St, 20th St x Michigan St, 21st St x Illinois St, 21st St x Michigan St, 22nd St x Illinois St -- fetched from OpenStreetMap via this project's own src/fetch_streets.py) plus the real, independently-confirmed centroid of Historic Building 12's own Assessor parcel (blklot 4114010) as a 6th, spatially-distant anchor. This fit has a residual error of 1-8m against its own 6 control points (far tighter than the previous transform), AND was validated by checking that it reproduces the correct real-world bearing (independently confirmed via Building 14's footprint) rather than just checking point-position error, which is what let the previous version's shear go undetected. Pixel corners for this block were re-read directly from Figure 6.4.2 with fresh, fine-grained crops. Residual error against the 6 control points is roughly 1-8m; treat vertex positions as accurate to roughly 5-15m given the additional (small) error from reading this specific block's own corners off the diagram. CORRECTED 2026-09-14 (fourth pass): a user-flagged visual check found this block's west edge still sitting on real pavement/curbside parking even after the transform and buffer fixes above. Root-caused: this part of the site (A/B/D/E1-E4 cluster, farthest from this transform's anchor points near Illinois/Michigan St) has a real residual scale/shear error -- confirmed by comparing the pixel gap between Blocks A and B (50px) against the real-world distance the transform produces for it (~17.6m, implying a ~2.84 px/m local scale) versus the transform's own Illinois-Michigan calibration (~3.4 px/m) -- a ~20% local discrepancy. Rather than keep tuning the transform, the west edge was instead measured directly against georeferenced ESRI World Imagery (the same satellite basemap used elsewhere in this project for visual validation): the real paved curb/parking-lot edge was located by eye against a fine lon/lat grid overlaid on the orthophoto, and this edge's coordinate was moved to match it, leaving the rest of the diagram-derived shape unchanged. This is a targeted, ground-truthed fix for this one edge, not a re-validated transform -- other edges of this block still come from the diagram transform and carry that same residual uncertainty. CORRECTED 2026-09-16 (Pier 70 systematic feature-by-feature pass): user-flagged visual check found this block's traced L-shape did not match Figure 6.4.2 at all -- overlaid directly on the source diagram, this file's shape cut through the '21' gray Historic Building box and extended into the open space south of it, nowhere near the real 90ft/65ft L-shaped fill. Re-measured programmatically instead of by eye: isolated both this block's colors (90ft blue [128,193,219] and 65ft purple [169,143,173]) in a tight crop, merged them (closing the thin internal divider line between the two height zones), and extracted the true outer contour (OpenCV) -- a clean L-shape with the 90ft portion as a tall leg on the west side and the 65ft portion as a shorter extension to the east, both anchored at the same north edge, with the '21' gray box and surrounding white gap naturally excluded (they don't touch this color mask). Converted via the same validated 6-point affine transform. New shape's total area (~1727 m2) is almost identical to the old, wrong shape's area (~1721 m2) -- the previous trace was misshapen, not mis-scaled. This resolves BOTH of this file's previously-documented overlaps with Building 21 (429.8 m2) and Elevation Sky Park (217.6 m2) down to zero -- those overlaps were an artifact of E1's own bad shape, not of Building 21 or ESP's placement (see those files' own notes, corrected accordingly). CLIPPED 2026-09-17 (street/curb re-anchoring pass, prompted by a user question about validation process consistency): this block's own north edge was directly confirmed, by rendering it against Esri World Imagery, to sit on top of real, currently-paved, actively-used street pavement (visible lane markings and/or vehicles in the satellite image), not a corner-lot sliver -- one of several Pier 70 blocks found this way after this project switched its real-street reference from OSM (community-traced, name-matched ways) to DataSF's own official Street Centerline / Curbs and Islands datasets (src/street_geometry.py), which for the first time gave an accurate enough curb position to see it. Clipped via shapely difference() against the corrected real-street buffer (6.8m centerline half-width, empirically measured against real curb data near Pier 70 -- see street_geometry.py); area 1733 -> 677 sq m. The clip's result was a MultiPolygon (the street cut disconnected a 102 sq m sliver from the main body); kept only the larger piece, consistent with how this project has handled the same situation elsewhere (Mission Rock Square, Potrero Block 7). This is a targeted correction of this block's street-facing edge, not a re-verified re-trace of its other edges, which still carry this site's usual diagram-transform uncertainty.", "accuracy_caveat": "APPROXIMATE -- this block is not yet built and does not correspond to any subdivided Assessor parcel: it currently sits on vacant/graded land, surface parking, or an existing industrial building slated for demolition within Brookfield's 28-acre district (unaddressed in DataSF's Assessor roll). Redone 2026-09-14 with a corrected, shear-free transform (see digitization_method) -- treat vertex positions as accurate to roughly 5-15m, not survey-grade. NOTE: this polygon is NOT clipped against real streets or existing buildings -- unlike Potrero's approximate blocks, several of Pier 70's D4D blocks are sited on existing industrial buildings that will be demolished, so overlap with a currently-real building is often expected, not an error; a boundary that appears to touch or slightly cross a street centerline reflects this transform's 1-8m residual error, not a deliberate encroachment. Street-facing edge re-clipped 2026-09-17 against official curb-referenced street data -- see digitization_method.", "why_no_real_parcel": "A real Assessor parcel may exist under this block (part of Brookfield's larger, largely unaddressed 28-acre site), but it has not been subdivided per the masterplan's individual named parcels -- this uses hand-traced approximate geometry instead.", "regulatory_context": "Residential, mostly 90 ft max with a smaller 65 ft strip along its north leg per Figure 6.4.2. No construction-start source found. Geometry here is a simplified bounding shape -- the real parcel has an irregular footprint around the historic Building 21 (mapped separately in this project) immediately to its southeast.", "notes": "Approximate polygon for a real, D4D-adopted parcel -- see accuracy_caveat.", "images": [ ], "source_doc_urls": [ "https://www.sfport.com/media/8123/download?inline=" ], "street_clip_exempt": null, "p_number": null }, "geometry": { "type": "Polygon", "coordinates": [ [ [ -122.3834861, 37.7597666 ], [ -122.3834656, 37.7594587 ], [ -122.383632928376699, 37.759444110871073 ], [ -122.38366594, 37.759786631 ], [ -122.383068902239629, 37.759822474043609 ], [ -122.3830678, 37.7598059 ], [ -122.3834861, 37.7597666 ] ] ] } },
{ "type": "Feature", "properties": { "project_name": "Pier 70 Parcel E2 (block)", "site": "Pier 70", "status": "planned", "use": "residential", "geometry_type": "approximate", "digitized_from": "Pier 70 Design for Development, Figure 6.4.2 - Maximum Building Height (p.155).", "digitization_method": "REDONE 2026-09-14: the previous version of this polygon was traced using a transform fit from 5 street intersections plus Historic Building 12's real footprint as a 6th anchor. A user-flagged visual comparison against satellite imagery showed the resulting blocks were systematically rotated/sheared (~13-14 degrees off, and not even mutually orthogonal) relative to the real street grid -- confirmed by comparing traced block bearings against the real, independently-surveyed Building 14 footprint (DataSF Building Footprints, blklot 4052001), which sits at the real street grid's true orientation (~356/86 degrees, consistent with SF's known ~4-degree grid skew). Root cause: an error in the original corner-correspondence matching, not a diagram-scan distortion. REBUILT using a fresh 6-point affine transform: 5 real street-intersection control points (20th St x Illinois St, 20th St x Michigan St, 21st St x Illinois St, 21st St x Michigan St, 22nd St x Illinois St -- fetched from OpenStreetMap via this project's own src/fetch_streets.py) plus the real, independently-confirmed centroid of Historic Building 12's own Assessor parcel (blklot 4114010) as a 6th, spatially-distant anchor. This fit has a residual error of 1-8m against its own 6 control points (far tighter than the previous transform), AND was validated by checking that it reproduces the correct real-world bearing (independently confirmed via Building 14's footprint) rather than just checking point-position error, which is what let the previous version's shear go undetected. Pixel corners for this block were re-read directly from Figure 6.4.2 with fresh, fine-grained crops. Residual error against the 6 control points is roughly 1-8m; treat vertex positions as accurate to roughly 5-15m given the additional (small) error from reading this specific block's own corners off the diagram. CORRECTED 2026-09-14 (third pass): user-flagged overlap between HDY3/HDY1-2 and between E2/H1 and E3/H2 -- both were transcription errors (HDY1/2's diagonal notch was oversimplified into a plain rectangle that re-overlapped HDY3; E2/E3's bottom edge was misread as the row further south, landing on top of H1/H2). Re-read against the diagram's own gridlines and confirmed zero geometric overlap with the adjacent block this time. CORRECTED 2026-09-14 (fourth pass): a user-flagged visual check found this block's west edge still sitting on real pavement/curbside parking even after the transform and buffer fixes above. Root-caused: this part of the site (A/B/D/E1-E4 cluster, farthest from this transform's anchor points near Illinois/Michigan St) has a real residual scale/shear error -- confirmed by comparing the pixel gap between Blocks A and B (50px) against the real-world distance the transform produces for it (~17.6m, implying a ~2.84 px/m local scale) versus the transform's own Illinois-Michigan calibration (~3.4 px/m) -- a ~20% local discrepancy. Rather than keep tuning the transform, the west edge was instead measured directly against georeferenced ESRI World Imagery (the same satellite basemap used elsewhere in this project for visual validation): the real paved curb/parking-lot edge was located by eye against a fine lon/lat grid overlaid on the orthophoto, and this edge's coordinate was moved to match it, leaving the rest of the diagram-derived shape unchanged. This is a targeted, ground-truthed fix for this one edge, not a re-validated transform -- other edges of this block still come from the diagram transform and carry that same residual uncertainty. CORRECTED 2026-09-16 (Pier 70 systematic feature-by-feature pass): a batch color-region check found this block's committed shape was shifted east and extended too far south versus the diagram's actual fill. Re-measured programmatically instead of by eye: isolated this legend color (RGB [106,136,169], '70ft Max'), located the real gap at Maryland St separating this block from E3, and extracted a clean rectangular contour (OpenCV) at pixel (1463,1039)-(1702,1232). Converted via the same validated 6-point affine transform. Confirmed zero overlap with E3 (the two now sit cleanly on either side of the real Maryland St gap) or H1/H2; still overlaps Elevation Sky Park by ~850 m2 (an already-documented, expected overlap given ESP's own low-confidence placement).", "accuracy_caveat": "APPROXIMATE -- this block is not yet built and does not correspond to any subdivided Assessor parcel: it currently sits on vacant/graded land, surface parking, or an existing industrial building slated for demolition within Brookfield's 28-acre district (unaddressed in DataSF's Assessor roll). Redone 2026-09-14 with a corrected, shear-free transform (see digitization_method) -- treat vertex positions as accurate to roughly 5-15m, not survey-grade. NOTE: this polygon is NOT clipped against real streets or existing buildings -- unlike Potrero's approximate blocks, several of Pier 70's D4D blocks are sited on existing industrial buildings that will be demolished, so overlap with a currently-real building is often expected, not an error; a boundary that appears to touch or slightly cross a street centerline reflects this transform's 1-8m residual error, not a deliberate encroachment. EXTENDED SOUTH 2026-09-17 (user-flagged): this block's south edge fell well short of the real sidewalk visible in satellite imagery -- 13m short at the SW corner, 25m short at the SE corner (a growing gap toward the east, consistent with this site's known local scale error for parcels far from the transform's Illinois/Michigan St anchors). Extended each south vertex independently by its own measured gap (rather than a uniform shift) so the block's south edge now reaches the real sidewalk across its full width, matching Figure 6.4.2's own convention of drawing blocks flush to the street.", "why_no_real_parcel": "A real Assessor parcel may exist under this block (part of Brookfield's larger, largely unaddressed 28-acre site), but it has not been subdivided per the masterplan's individual named parcels -- this uses hand-traced approximate geometry instead.", "regulatory_context": "Shown at 70 ft max per Figure 6.4.2, the same height tier as Parcel E3. NOTE: this differs from the separately-named 'Parcel E2' elsewhere in Pier 70 sourcing (a Kennerly Architecture and Planning-designed, ~280-unit residential building at 70 ft near Slipways Commons) -- that parcel sits in a different part of the site (per D4D Fig. 6.4.2's parcel labeling, the two 'E2' references may refer to distinct parcels, or reflect a labeling inconsistency between D4D figures; flagged as unresolved rather than merged). No construction-start source found for this block.", "notes": "Approximate polygon for a real, D4D-adopted parcel -- see accuracy_caveat.", "images": [ ], "source_doc_urls": [ "https://www.sfport.com/media/8123/download?inline=" ], "street_clip_exempt": null, "p_number": null }, "geometry": { "type": "Polygon", "coordinates": [ [ [ -122.3828389, 37.7591412 ], [ -122.38280272669175, 37.758378290063256 ], [ -122.382872551350005, 37.758374437516125 ], [ -122.383532589148913, 37.758403016801559 ], [ -122.383597359710805, 37.759075059524491 ], [ -122.3828389, 37.7591412 ] ] ] } },
{ "type": "Feature", "properties": { "project_name": "Pier 70 Parcel E3", "site": "Pier 70", "status": "existing", "use": "entertainment", "geometry_type": "approximate", "digitized_from": "Pier 70 Design for Development, Figure 6.4.2 - Maximum Building Height (p.155).", "digitization_method": "REDONE 2026-09-14: the previous version of this polygon was traced using a transform fit from 5 street intersections plus Historic Building 12's real footprint as a 6th anchor. A user-flagged visual comparison against satellite imagery showed the resulting blocks were systematically rotated/sheared (~13-14 degrees off, and not even mutually orthogonal) relative to the real street grid -- confirmed by comparing traced block bearings against the real, independently-surveyed Building 14 footprint (DataSF Building Footprints, blklot 4052001), which sits at the real street grid's true orientation (~356/86 degrees, consistent with SF's known ~4-degree grid skew). Root cause: an error in the original corner-correspondence matching, not a diagram-scan distortion. REBUILT using a fresh 6-point affine transform: 5 real street-intersection control points (20th St x Illinois St, 20th St x Michigan St, 21st St x Illinois St, 21st St x Michigan St, 22nd St x Illinois St -- fetched from OpenStreetMap via this project's own src/fetch_streets.py) plus the real, independently-confirmed centroid of Historic Building 12's own Assessor parcel (blklot 4114010) as a 6th, spatially-distant anchor. This fit has a residual error of 1-8m against its own 6 control points (far tighter than the previous transform), AND was validated by checking that it reproduces the correct real-world bearing (independently confirmed via Building 14's footprint) rather than just checking point-position error, which is what let the previous version's shear go undetected. Pixel corners for this block were re-read directly from Figure 6.4.2 with fresh, fine-grained crops. Residual error against the 6 control points is roughly 1-8m; treat vertex positions as accurate to roughly 5-15m given the additional (small) error from reading this specific block's own corners off the diagram. CORRECTED 2026-09-14 (third pass): user-flagged overlap between HDY3/HDY1-2 and between E2/H1 and E3/H2 -- both were transcription errors (HDY1/2's diagonal notch was oversimplified into a plain rectangle that re-overlapped HDY3; E2/E3's bottom edge was misread as the row further south, landing on top of H1/H2). Re-read against the diagram's own gridlines and confirmed zero geometric overlap with the adjacent block this time. CORRECTED 2026-09-16 (Pier 70 systematic feature-by-feature pass): a batch color-region check found this block's committed shape extended roughly 140px/100m too far east versus the diagram's actual fill (into what should be open water/shoreline area). Re-measured programmatically instead of by eye: isolated this legend color (RGB [106,136,169], '70ft Max'), located the real gap at Maryland St separating this block from E2, and extracted a clean rectangular contour (OpenCV) at pixel (1746,1016)-(1979,1233). Converted via the same validated 6-point affine transform. Confirmed zero overlap with E2 or H1/H2; still overlaps Elevation Sky Park by ~2403 m2 (an already-documented, expected overlap given ESP's own low-confidence placement, larger now that this block's own east edge pulled back to its correct, smaller position). MERGED 2026-09-17 (explicit user call): the separate 'Elevation Sky Park -- approximate, low-confidence placement' entry (data/manual/elevation_sky_park.geojson) was a directional-only placeholder (no scaled site plan exists for it anywhere) that overlapped this parcel's own diagram-traced boundary by ~2,411 sq m -- the largest of its three parcel overlaps (also E2 853 sq m, E4 1,137 sq m). After reviewing a rendering (SFGATE article photo of the domes) that corroborated the shoreline-adjacent siting but still had no scale/street references precise enough to confirm parcel-level alignment on its own, the user made the explicit call to treat ESP as occupying this parcel specifically, for mapping purposes, rather than leave it as a separately-plotted overlapping block. use/status changed from the D4D's original 'residential'/'planned' to 'entertainment'/'existing' to reflect ESP as the real, current occupant. The original elevation_sky_park.geojson file is kept for its research/sourcing but excluded from active maps (commented out in approximate_projects.csv) -- see accuracy_caveat for what happens after ESP's lease ends.", "accuracy_caveat": "APPROXIMATE -- this block's boundary is a hand-traced D4D diagram parcel, not a surveyed lot; treat vertex positions as accurate to roughly 5-15m, not survey-grade (see digitization_method for the transform's validation). EXTENDED SOUTH 2026-09-17 (user-flagged): this block's south edge fell ~22m short of the real sidewalk visible in satellite imagery, part of the same local scale error documented on Parcel A/E2 (parcels far from the transform's Illinois/Michigan St anchors land short of their true extent). Extended both south vertices by 22m to reach the sidewalk. Note this is still the D4D diagram's original 'E3' boundary, not a re-survey of ESP's own real tent/dome footprint -- see the ESP-merge note below for that separate uncertainty. CURRENT USE, POST-LEASE FUTURE UNCLEAR (added 2026-09-17): this parcel is being treated as the site of Elevation Sky Park, a real interim entertainment venue confirmed to be under a 5-year lease (see regulatory_context) -- that part is sourced fact. What is NOT known, and should not be assumed, is what happens here after that lease ends: the D4D's original masterplan designates this parcel 70ft-max residential, but that plan was adopted years before ESP's interim lease existed, and no source found ties ESP's lease expiration to an actual scheduled residential construction start, or confirms the D4D's original boundary/use for this specific parcel will still be pursued unchanged by then. Do not read the 'entertainment' use here as a permanent reclassification, or assume 'residential' will automatically resume -- both are open questions. The parcel-level match to ESP itself is also still an approximation: a rendering (SFGATE, Sept 2026) corroborated the general siting (shoreline-adjacent, near the historic warehouse core) but is an unscaled marketing image, not a site plan -- ESP's real footprint may still extend slightly into neighboring E2/E4, as the pre-merge overlap analysis found.", "why_no_real_parcel": "A real Assessor parcel may exist under this block (part of Brookfield's larger, largely unaddressed 28-acre site), but it has not been subdivided per the masterplan's individual named parcels -- this uses hand-traced approximate geometry instead.", "regulatory_context": "D4D-designated use: residential, 70 ft max per Figure 6.4.2 (no construction-start source ever found for that plan). CURRENT REAL USE: Elevation Sky Park (Elevation XR, in partnership with Brookfield Properties), a 165,000 sq ft interim entertainment venue (3 geodesic domes + a pyramid) under a 5-year lease, fully permitted through the Port of San Francisco, opened to the public September 19, 2026 ('Pier Play San Francisco'). Port materials describe it as an 'interim activation on Phase 2/3 sites within Pier 70 development zone' -- confirming it is temporary by design, though not tied to a specific successor project or date.", "notes": "Approximate polygon for a real, D4D-adopted parcel. MERGED 2026-09-17 with the separate Elevation Sky Park entry per explicit user decision -- see digitization_method and accuracy_caveat.", "images": [ ], "source_doc_urls": "['https://www.sfport.com/media/8123/download?inline='\n 'https://www.sfport.com/sites/default/files/2025-06/Community%20Engagement%20Deck%20(SHORT)%206.25.25_ESP%20SF%20(1).pdf'\n 'https://www.sfchronicle.com/bayarea/article/entertainment-complex-pier-70-20368547.php'\n 'https://www.businesswire.com/news/home/20260723971049/en/']", "street_clip_exempt": null, "p_number": null }, "geometry": { "type": "Polygon", "coordinates": [ [ [ -122.381885, 37.7592897 ], [ -122.381844, 37.7584792 ], [ -122.38265, 37.7584089 ], [ -122.382691, 37.7592194 ], [ -122.381885, 37.7592897 ] ] ] } },
{ "type": "Feature", "properties": { "project_name": "Pier 70 Parcel E4", "site": "Pier 70", "status": "planned", "use": "mixed", "geometry_type": "approximate", "digitized_from": "Pier 70 Design for Development, Figure 6.4.2 - Maximum Building Height (p.155).", "digitization_method": "REDONE 2026-09-14: the previous version of this polygon was traced using a transform fit from 5 street intersections plus Historic Building 12's real footprint as a 6th anchor. A user-flagged visual comparison against satellite imagery showed the resulting blocks were systematically rotated/sheared (~13-14 degrees off, and not even mutually orthogonal) relative to the real street grid -- confirmed by comparing traced block bearings against the real, independently-surveyed Building 14 footprint (DataSF Building Footprints, blklot 4052001), which sits at the real street grid's true orientation (~356/86 degrees, consistent with SF's known ~4-degree grid skew). Root cause: an error in the original corner-correspondence matching, not a diagram-scan distortion. REBUILT using a fresh 6-point affine transform: 5 real street-intersection control points (20th St x Illinois St, 20th St x Michigan St, 21st St x Illinois St, 21st St x Michigan St, 22nd St x Illinois St -- fetched from OpenStreetMap via this project's own src/fetch_streets.py) plus the real, independently-confirmed centroid of Historic Building 12's own Assessor parcel (blklot 4114010) as a 6th, spatially-distant anchor. This fit has a residual error of 1-8m against its own 6 control points (far tighter than the previous transform), AND was validated by checking that it reproduces the correct real-world bearing (independently confirmed via Building 14's footprint) rather than just checking point-position error, which is what let the previous version's shear go undetected. Pixel corners for this block were re-read directly from Figure 6.4.2 with fresh, fine-grained crops. Residual error against the 6 control points is roughly 1-8m; treat vertex positions as accurate to roughly 5-15m given the additional (small) error from reading this specific block's own corners off the diagram. CORRECTED 2026-09-14 (second pass, same day): after the shear fix above, a user-flagged visual check still showed this block overlapping paved streets. Root cause found: several blocks (PKN, PKS, HDY3, HDY1/2, E4) had their OWN corner pixel positions misread during transcription -- e.g. PKN's west edge was recorded as pixel x=163 when the diagram's own gridline labels put it at x=355 (which is where the Illinois St anchor point itself was measured). This was a transcription slip, not a transform error -- the 6-point transform's anchors were unaffected (confirmed: A, B, C1, C2, D, E1, E2, E3, F/G, H1, H2 were read correctly the first time). Re-read all 5 affected blocks' corners directly against their crop images' own labeled gridlines and recomputed. CORRECTED 2026-09-16 (Pier 70 systematic feature-by-feature pass): a batch color-region check (comparing every 'trusted' parcel's committed pixel bbox against a fresh color-detected bbox) found this block's committed shape only ~110px wide against the diagram's real ~180px width, and extended noticeably too far south. Re-measured programmatically instead of by eye: isolated this legend color (RGB [105,64,115], '50ft Max') in a tight crop, connected-component labeled it, and extracted its precise contour (OpenCV) -- a clean pentagon (a rectangle with its SE corner cut at an angle) at pixel (1677,734), (1677,907), (1757,907), (1857,883), (1857,734). Converted via the same validated 6-point affine transform. New area (~0.71 acres) is noticeably larger than the old (wrong, narrow) trace. Confirmed zero overlap with E1, E3, or the waterfront open space corridor; still overlaps Elevation Sky Park by ~1133 m2 (an already-documented, expected overlap given ESP's own low-confidence placement -- see that file). CLIPPED 2026-09-17 (found via join_approximate.py's new MAJOR CLIP warning, prompted by user-flagged issues elsewhere): confirmed via direct satellite comparison that this block's north edge sits on real, currently-paved road pavement (a real street/driveway visible with clear edges near the shoreline), not vacant land -- 37% of this block's area was inside the buffered real-street layer. Clipped via shapely difference() against the corrected real-street buffer, same pattern already used for Parcels D/E1/H1/H2; area dropped from ~2,883 to ~1,807 sq m.", "accuracy_caveat": "APPROXIMATE -- this block is not yet built and does not correspond to any subdivided Assessor parcel: it currently sits on vacant/graded land, surface parking, or an existing industrial building slated for demolition within Brookfield's 28-acre district (unaddressed in DataSF's Assessor roll). Redone 2026-09-14 with a corrected, shear-free transform (see digitization_method) -- treat vertex positions as accurate to roughly 5-15m, not survey-grade. NOTE: this polygon is NOT clipped against real streets or existing buildings -- unlike Potrero's approximate blocks, several of Pier 70's D4D blocks are sited on existing industrial buildings that will be demolished, so overlap with a currently-real building is often expected, not an error; a boundary that appears to touch or slightly cross a street centerline reflects this transform's 1-8m residual error, not a deliberate encroachment.", "why_no_real_parcel": "A real Assessor parcel may exist under this block (part of Brookfield's larger, largely unaddressed 28-acre site), but it has not been subdivided per the masterplan's individual named parcels -- this uses hand-traced approximate geometry instead.", "regulatory_context": "Designated use is 'Arts' per both the D4D (excluded from the developer's standard parcel-purchase option as 'the arts building parcel') and Brookfield's own leasing brochure -- NOT residential or general mixed-use as sometimes described secondhand. Recorded here as 'mixed' only because this map has no dedicated 'arts' use category; treat the real designation as Arts. Max height 50 ft per Figure 6.4.2 -- the lowest of any parcel at Pier 70. No construction-start source found.", "notes": "Approximate polygon for a real, D4D-adopted parcel -- see accuracy_caveat.", "images": [ ], "source_doc_urls": [ "https://www.sfport.com/media/8123/download?inline=" ], "street_clip_exempt": null, "p_number": null }, "geometry": { "type": "Polygon", "coordinates": [ [ [ -122.3826736, 37.7595306 ], [ -122.3829503, 37.7595065 ], [ -122.382971832458779, 37.759828301608664 ], [ -122.382348036372235, 37.759865751083083 ], [ -122.3823322, 37.7596286 ], [ -122.3826736, 37.7595306 ] ] ] } },
{ "type": "Feature", "properties": { "project_name": "Pier 70 Parcels F/G", "site": "Pier 70", "status": "planned", "use": "commercial", "geometry_type": "approximate", "digitized_from": "Pier 70 Design for Development, Figure 6.4.2 - Maximum Building Height (p.155).", "digitization_method": "REDONE 2026-09-14: the previous version of this polygon was traced using a transform fit from 5 street intersections plus Historic Building 12's real footprint as a 6th anchor. A user-flagged visual comparison against satellite imagery showed the resulting blocks were systematically rotated/sheared (~13-14 degrees off, and not even mutually orthogonal) relative to the real street grid -- confirmed by comparing traced block bearings against the real, independently-surveyed Building 14 footprint (DataSF Building Footprints, blklot 4052001), which sits at the real street grid's true orientation (~356/86 degrees, consistent with SF's known ~4-degree grid skew). Root cause: an error in the original corner-correspondence matching, not a diagram-scan distortion. REBUILT using a fresh 6-point affine transform: 5 real street-intersection control points (20th St x Illinois St, 20th St x Michigan St, 21st St x Illinois St, 21st St x Michigan St, 22nd St x Illinois St -- fetched from OpenStreetMap via this project's own src/fetch_streets.py) plus the real, independently-confirmed centroid of Historic Building 12's own Assessor parcel (blklot 4114010) as a 6th, spatially-distant anchor. This fit has a residual error of 1-8m against its own 6 control points (far tighter than the previous transform), AND was validated by checking that it reproduces the correct real-world bearing (independently confirmed via Building 14's footprint) rather than just checking point-position error, which is what let the previous version's shear go undetected. Pixel corners for this block were re-read directly from Figure 6.4.2 with fresh, fine-grained crops. Residual error against the 6 control points is roughly 1-8m; treat vertex positions as accurate to roughly 5-15m given the additional (small) error from reading this specific block's own corners off the diagram. RE-TRACED 2026-09-16 (full Pier 70 geometry restart, after a systematic pass found 9 of this site's other 'trusted' parcels were meaningfully wrong): a fresh programmatic color-trace (RGB [128,193,219]) matched this block's old area closely (~75800 vs ~75400 px2) but only ~44% by IoU -- the old shape was a similar size but shifted/rotated relative to the true diagram fill. Re-measured programmatically instead of by eye: isolated this legend color and extracted its precise 7-vertex contour (OpenCV), capturing the block's real angled SW corner near the PG&E switchyard. Converted via the same validated 6-point affine transform. Confirmed zero overlap with HDY1/2 or H1. CLIPPED 2026-09-17 (found via join_approximate.py's new MAJOR CLIP warning, prompted by user-flagged issues elsewhere): confirmed via direct satellite comparison that this block's west/SW portion sits on a real, currently-paved curving driveway near the PG&E switchyard (visible pavement with a clear curb), not vacant land -- 34% of this block's area was inside the buffered real-street layer. Clipped via shapely difference() against the corrected real-street buffer, same pattern already used for Parcels D/E1/H1/H2/E4; area dropped from ~7,260 to ~4,815 sq m. EXTENDED 2026-09-17 (user-flagged: 'F/G can expand a beat east to Louisiana like its northern neighbors'): this block's own north-facing boundary (the notch left by the driveway clip above) dipped 6-45m west of the Louisiana St offset line that C1/C2 now front (9.8m west of the real centerline) -- a real, if modest by area, discrepancy against the '...like its northern neighbors' standard. Pushed the notch's own vertices (the ones between the SW switchyard corner, left untouched since that's a distinct, separately-confirmed real driveway curve, and the point already east of the line near C1/C2) out to the Louisiana offset line at each vertex's own latitude; several of the resulting points landed within a meter of each other (since the pushed edge is now close to straight) and were simplified away (shapely simplify, ~0.05m tolerance) rather than left as a stack of near-duplicate vertices. Confirmed 0 overlap with C1 and C2. Area drops from ~4,815 to ~3,548 sq m, despite this being an eastward 'expansion' -- the removed notch was a westward bulge (the driveway-clip trace curving further west than the Louisiana line, not a dent cutting into the block), so pulling that curve back east to a straight, Louisiana-aligned edge nets less area even though the edge itself moved toward the target frontage. Visually, this reads as the north edge now sitting flush with C1/C2's own Louisiana frontage instead of bulging west of it.", "accuracy_caveat": "APPROXIMATE -- this block is not yet built and does not correspond to any subdivided Assessor parcel: it currently sits on vacant/graded land, surface parking, or an existing industrial building slated for demolition within Brookfield's 28-acre district (unaddressed in DataSF's Assessor roll). Redone 2026-09-14 with a corrected, shear-free transform (see digitization_method) -- treat vertex positions as accurate to roughly 5-15m, not survey-grade. NOTE: this polygon is NOT clipped against real streets or existing buildings -- unlike Potrero's approximate blocks, several of Pier 70's D4D blocks are sited on existing industrial buildings that will be demolished, so overlap with a currently-real building is often expected, not an error; a boundary that appears to touch or slightly cross a street centerline reflects this transform's 1-8m residual error, not a deliberate encroachment.", "why_no_real_parcel": "A real Assessor parcel may exist under this block (part of Brookfield's larger, largely unaddressed 28-acre site), but it has not been subdivided per the masterplan's individual named parcels -- this uses hand-traced approximate geometry instead.", "regulatory_context": "Commercial office/life science, shown as ONE combined parcel 'F/G' in the D4D's own Figure 6.4.2 (not two separate parcels 'F' and 'G'), 90 ft max, 6 stories per D4D Section 6.4.2. Brookfield's own leasing brochure gives an exact combined total of '+/- 410,000 RSF' for F-G, Phase 2. No construction-start source found.", "notes": "Approximate polygon for a real, D4D-adopted parcel -- see accuracy_caveat.", "images": [ ], "source_doc_urls": [ "https://www.sfport.com/media/8123/download?inline=" ], "street_clip_exempt": null, "p_number": null }, "geometry": { "type": "Polygon", "coordinates": [ [ [ -122.384888375119289, 37.757765719065894 ], [ -122.384895979, 37.757766868 ], [ -122.38482149205069, 37.757801675 ], [ -122.384854062631476, 37.758124182 ], [ -122.384747035, 37.758141741 ], [ -122.384746921346434, 37.758141747943284 ], [ -122.384746918, 37.758141748 ], [ -122.383826587168301, 37.758197972626682 ], [ -122.3838039, 37.7578581 ], [ -122.384888375119289, 37.757765719065894 ] ] ] } },
{ "type": "Feature", "properties": { "project_name": "Pier 70 Parcel H1", "site": "Pier 70", "status": "planned", "use": "commercial", "geometry_type": "approximate", "digitized_from": "Pier 70 Design for Development, Figure 6.4.2 - Maximum Building Height (p.155).", "digitization_method": "REDONE 2026-09-14: the previous version of this polygon was traced using a transform fit from 5 street intersections plus Historic Building 12's real footprint as a 6th anchor. A user-flagged visual comparison against satellite imagery showed the resulting blocks were systematically rotated/sheared (~13-14 degrees off, and not even mutually orthogonal) relative to the real street grid -- confirmed by comparing traced block bearings against the real, independently-surveyed Building 14 footprint (DataSF Building Footprints, blklot 4052001), which sits at the real street grid's true orientation (~356/86 degrees, consistent with SF's known ~4-degree grid skew). Root cause: an error in the original corner-correspondence matching, not a diagram-scan distortion. REBUILT using a fresh 6-point affine transform: 5 real street-intersection control points (20th St x Illinois St, 20th St x Michigan St, 21st St x Illinois St, 21st St x Michigan St, 22nd St x Illinois St -- fetched from OpenStreetMap via this project's own src/fetch_streets.py) plus the real, independently-confirmed centroid of Historic Building 12's own Assessor parcel (blklot 4114010) as a 6th, spatially-distant anchor. This fit has a residual error of 1-8m against its own 6 control points (far tighter than the previous transform), AND was validated by checking that it reproduces the correct real-world bearing (independently confirmed via Building 14's footprint) rather than just checking point-position error, which is what let the previous version's shear go undetected. Pixel corners for this block were re-read directly from Figure 6.4.2 with fresh, fine-grained crops. Residual error against the 6 control points is roughly 1-8m; treat vertex positions as accurate to roughly 5-15m given the additional (small) error from reading this specific block's own corners off the diagram. OVERLAP FIX 2026-09-14: a project-wide overlap audit found this block spatially overlapping Potrero Power Station Block 3/4 in real-world coordinates near the two sites' shared border -- a genuine disagreement between Pier 70's and Potrero's independent transforms, not a same-site priority call. Clipped back from Potrero's blocks, since Potrero's transform was independently validated against real building bearings (Sophie Maxwell/UCSF) earlier in this project, while this specific southern edge of Pier 70 has not been satellite-verified. CORRECTED 2026-09-16 (Pier 70 systematic feature-by-feature pass): a batch color-region check found this block's committed shape was roughly 55-85m too far south and somewhat too wide versus the diagram's actual fill. Re-measured programmatically instead of by eye: isolated this legend color (RGB [128,193,219]) across the combined H1/H2 area, split at the real internal divider (the dashed sub-division line at pixel x~1701-1746, using its midpoint x~1723 as the H1/H2 boundary), and extracted a clean rectangular contour (OpenCV) for this block at pixel (1466,1300)-(1723,1462). Converted via the same validated 6-point affine transform. Re-confirmed zero overlap with Potrero Block 3/4 (the cross-site fix above still holds with this new, smaller shape) and zero overlap with H2. CLIPPED 2026-09-17 (street/curb re-anchoring pass, prompted by a user question about validation process consistency): this block's own north edge was directly confirmed, by rendering it against Esri World Imagery, to sit on top of real, currently-paved, actively-used street pavement (visible lane markings and/or vehicles in the satellite image), not a corner-lot sliver -- one of several Pier 70 blocks found this way after this project switched its real-street reference from OSM (community-traced, name-matched ways) to DataSF's own official Street Centerline / Curbs and Islands datasets (src/street_geometry.py), which for the first time gave an accurate enough curb position to see it. Clipped via shapely difference() against the corrected real-street buffer (6.8m centerline half-width, empirically measured against real curb data near Pier 70 -- see street_geometry.py); area 4025 -> 2536 sq m. The clip's result was a MultiPolygon (the street cut disconnected a 114 sq m sliver from the main body); kept only the larger piece, consistent with how this project has handled the same situation elsewhere (Mission Rock Square, Potrero Block 7). This is a targeted correction of this block's street-facing edge, not a re-verified re-trace of its other edges, which still carry this site's usual diagram-transform uncertainty.", "accuracy_caveat": "APPROXIMATE -- this block is not yet built and does not correspond to any subdivided Assessor parcel: it currently sits on vacant/graded land, surface parking, or an existing industrial building slated for demolition within Brookfield's 28-acre district (unaddressed in DataSF's Assessor roll). Redone 2026-09-14 with a corrected, shear-free transform (see digitization_method) -- treat vertex positions as accurate to roughly 5-15m, not survey-grade. NOTE: this polygon is NOT clipped against real streets or existing buildings -- unlike Potrero's approximate blocks, several of Pier 70's D4D blocks are sited on existing industrial buildings that will be demolished, so overlap with a currently-real building is often expected, not an error; a boundary that appears to touch or slightly cross a street centerline reflects this transform's 1-8m residual error, not a deliberate encroachment. Street-facing edge re-clipped 2026-09-17 against official curb-referenced street data -- see digitization_method.", "why_no_real_parcel": "A real Assessor parcel may exist under this block (part of Brookfield's larger, largely unaddressed 28-acre site), but it has not been subdivided per the masterplan's individual named parcels -- this uses hand-traced approximate geometry instead.", "regulatory_context": "Office (pure office, not mixed-use, per Brookfield's own leasing brochure), 90 ft max per Figure 6.4.2 (6-story cap per D4D Section 6.4.2, not the sometimes-cited '6-8 stories'). Brookfield's brochure gives a combined H1-H2 total of '+/- 430,000 RSF'. No construction-start source found.", "notes": "Approximate polygon for a real, D4D-adopted parcel -- see accuracy_caveat.", "images": [ ], "source_doc_urls": [ "https://www.sfport.com/media/8123/download?inline=" ], "street_clip_exempt": null, "p_number": null }, "geometry": { "type": "Polygon", "coordinates": [ [ [ -122.383482427327507, 37.757883305419334 ], [ -122.383514616, 37.758216657 ], [ -122.382706930959714, 37.75826122049542 ], [ -122.3826863, 37.7579527 ], [ -122.383482427327507, 37.757883305419334 ] ] ] } },
{ "type": "Feature", "properties": { "project_name": "Pier 70 Parcel H2", "site": "Pier 70", "status": "planned", "use": "commercial", "geometry_type": "approximate", "digitized_from": "Pier 70 Design for Development, Figure 6.4.2 - Maximum Building Height (p.155).", "digitization_method": "REDONE 2026-09-14: the previous version of this polygon was traced using a transform fit from 5 street intersections plus Historic Building 12's real footprint as a 6th anchor. A user-flagged visual comparison against satellite imagery showed the resulting blocks were systematically rotated/sheared (~13-14 degrees off, and not even mutually orthogonal) relative to the real street grid -- confirmed by comparing traced block bearings against the real, independently-surveyed Building 14 footprint (DataSF Building Footprints, blklot 4052001), which sits at the real street grid's true orientation (~356/86 degrees, consistent with SF's known ~4-degree grid skew). Root cause: an error in the original corner-correspondence matching, not a diagram-scan distortion. REBUILT using a fresh 6-point affine transform: 5 real street-intersection control points (20th St x Illinois St, 20th St x Michigan St, 21st St x Illinois St, 21st St x Michigan St, 22nd St x Illinois St -- fetched from OpenStreetMap via this project's own src/fetch_streets.py) plus the real, independently-confirmed centroid of Historic Building 12's own Assessor parcel (blklot 4114010) as a 6th, spatially-distant anchor. This fit has a residual error of 1-8m against its own 6 control points (far tighter than the previous transform), AND was validated by checking that it reproduces the correct real-world bearing (independently confirmed via Building 14's footprint) rather than just checking point-position error, which is what let the previous version's shear go undetected. Pixel corners for this block were re-read directly from Figure 6.4.2 with fresh, fine-grained crops. Residual error against the 6 control points is roughly 1-8m; treat vertex positions as accurate to roughly 5-15m given the additional (small) error from reading this specific block's own corners off the diagram. OVERLAP FIX 2026-09-14: a project-wide overlap audit found this block spatially overlapping Potrero Power Station Block 3/4 in real-world coordinates near the two sites' shared border -- a genuine disagreement between Pier 70's and Potrero's independent transforms, not a same-site priority call. Clipped back from Potrero's blocks, since Potrero's transform was independently validated against real building bearings (Sophie Maxwell/UCSF) earlier in this project, while this specific southern edge of Pier 70 has not been satellite-verified. CORRECTED 2026-09-16 (Pier 70 systematic feature-by-feature pass): a batch color-region check found this block's committed shape was roughly 55-85m too far south and too wide versus the diagram's actual fill. Re-measured programmatically instead of by eye: isolated this legend color (RGB [128,193,219]) across the combined H1/H2 area, split at the real internal divider (the dashed sub-division line at pixel x~1701-1746, using its midpoint x~1723 as the H1/H2 boundary), and extracted this block's own contour (OpenCV) including its real diagonal NE corner (matching the shoreline curve) at pixel (1723,1300), (1974,1300), (1974,1329), (1918,1462), (1723,1462). Converted via the same validated 6-point affine transform. This also discards a large number of redundant near-duplicate vertices left over from the 2026-09-14 Potrero-boundary clip, no longer needed since this new, smaller shape does not reach that boundary at all (re-confirmed zero overlap with Potrero Block 3/4). CLIPPED 2026-09-17 (street/curb re-anchoring pass, prompted by a user question about validation process consistency): this block's own north edge was directly confirmed, by rendering it against Esri World Imagery, to sit on top of real, currently-paved, actively-used street pavement (visible lane markings and/or vehicles in the satellite image), not a corner-lot sliver -- one of several Pier 70 blocks found this way after this project switched its real-street reference from OSM (community-traced, name-matched ways) to DataSF's own official Street Centerline / Curbs and Islands datasets (src/street_geometry.py), which for the first time gave an accurate enough curb position to see it. Clipped via shapely difference() against the corrected real-street buffer (6.8m centerline half-width, empirically measured against real curb data near Pier 70 -- see street_geometry.py); area 3557 -> 2185 sq m. The clip's result was a MultiPolygon (the street cut disconnected a 351 sq m sliver from the main body); kept only the larger piece, consistent with how this project has handled the same situation elsewhere (Mission Rock Square, Potrero Block 7). This is a targeted correction of this block's street-facing edge, not a re-verified re-trace of its other edges, which still carry this site's usual diagram-transform uncertainty.", "accuracy_caveat": "APPROXIMATE -- this block is not yet built and does not correspond to any subdivided Assessor parcel: it currently sits on vacant/graded land, surface parking, or an existing industrial building slated for demolition within Brookfield's 28-acre district (unaddressed in DataSF's Assessor roll). Redone 2026-09-14 with a corrected, shear-free transform (see digitization_method) -- treat vertex positions as accurate to roughly 5-15m, not survey-grade. NOTE: this polygon is NOT clipped against real streets or existing buildings -- unlike Potrero's approximate blocks, several of Pier 70's D4D blocks are sited on existing industrial buildings that will be demolished, so overlap with a currently-real building is often expected, not an error; a boundary that appears to touch or slightly cross a street centerline reflects this transform's 1-8m residual error, not a deliberate encroachment. Street-facing edge re-clipped 2026-09-17 against official curb-referenced street data -- see digitization_method.", "why_no_real_parcel": "A real Assessor parcel may exist under this block (part of Brookfield's larger, largely unaddressed 28-acre site), but it has not been subdivided per the masterplan's individual named parcels -- this uses hand-traced approximate geometry instead.", "regulatory_context": "Office, 90 ft max per Figure 6.4.2, same combined ~430,000 RSF program as Parcel H1 (see that entry). No construction-start source found.", "notes": "Approximate polygon for a real, D4D-adopted parcel -- see accuracy_caveat.", "images": [ ], "source_doc_urls": [ "https://www.sfport.com/media/8123/download?inline=" ], "street_clip_exempt": null, "p_number": null }, "geometry": { "type": "Polygon", "coordinates": [ [ [ -122.3826863, 37.7579527 ], [ -122.382706930959714, 37.75826122049542 ], [ -122.381885085776631, 37.758306565267489 ], [ -122.3820118, 37.7580115 ], [ -122.3826863, 37.7579527 ] ] ] } },
{ "type": "Feature", "properties": { "project_name": "Pier 70 Building 2 (Warehouse No. 2)", "site": "Pier 70", "status": "existing", "use": "commercial", "geometry_type": "approximate", "digitized_from": "Pier 70 Design for Development, Figure 6.4.2 - Maximum Building Height (p.155).", "digitization_method": "REDONE 2026-09-14: the diagram-transform version of this polygon (described below, kept for history) placed Building 2 entirely on the paved road median of Illinois St -- confirmed wrong against satellite imagery (no structure there at all). User pointed out the real match is not the warehouse building across the street, but the large vacant/graded lot on the WEST side of Illinois St, between roughly 20th and 21st St -- its silhouette (elongated, tilted a few degrees off true north, matching the local curb bearing) is the same shape being traced, just larger. Re-traced directly from that lot's own visible boundary: anchored on two points read off the lot's real east edge (the Illinois St curb, high-contrast and unambiguous), which gave a measured bearing of ~182.3/272.3 degrees. CORRECTED same day: user caught that this made the east edge visibly non-parallel to the real curb -- the two curb points used for that bearing were only ~13m apart (an 80m along-curb baseline but just ~3.5m of east-west offset between them), so a 1-2 pixel misreading at zoom 20 (~0.3-0.6m each) was enough to swing the derived bearing by several degrees -- exactly the 'reading points too close together, small errors don't cancel' failure this project's bearing_trace.py already warns about, repeated instead of heeded. Fixed by using this site's already-established, multiply-validated grid bearing (176.5/356.5 degrees, from Historic Building 14's real surveyed footprint, and consistent with Block B's own independently-confirmed ~175 degrees) instead of re-deriving a fresh one from a short noisy baseline; kept the same real anchor point and the same independently-measured distances (~126m north-south, ~51m east-west). SECOND CORRECTION, same day: user caught that the resulting rectangle still overlapped the street -- the anchor point itself (read near a crosswalk with parked cars and shadow clutter) was actually ~8-9m INSIDE the road, not on the curb, even though the bearing was by then correct. Root cause: misread the sidewalk/asphalt color transition in a cluttered spot. Re-read the curb at two clean, unobstructed points well clear of any crosswalk (via a brightness-transition scan of the sidewalk-to-asphalt boundary at zoom 20, cross-checked against the pixel-to-lonlat math directly rather than by eye), which independently reproduced the same 176.57 degree bearing (confirming the established bearing was never the problem) but placed the curb about 8.5m further west than the previous anchor. Extrapolated the corrected curb line to the same north/south extents and rebuilt the west edge at the same 51m width. Overlay-checked both the north and south corners individually afterward: the east edge now sat on the sidewalk side of the curb along its whole length, not on the asphalt. THIRD CORRECTION, same day: user pointed out the east edge was still at the OUTER (curb) side of the public Illinois St sidewalk, meaning the polygon's area included the whole ~4.5m-wide public sidewalk itself, not just the private lot -- and that the south edge (the cross-street's own sidewalk/crosswalk) had the identical problem, cutting straight through the crosswalk stripe pattern rather than stopping at the back of that sidewalk. Fixed both: re-read the INNER (lot-side/back-of-sidewalk) edge of the Illinois St sidewalk, at the dirt-to-concrete color transition on the lot side rather than the concrete-to-asphalt transition on the street side (found ~4.5m west of the previous curb-line anchor, at the same validated 176.5 degree bearing -- confirms this project's east edges up to now, including PKN/PKS/E1/E2/HDY3 etc., were anchored on curbs; worth re-checking whether any of those also failed to exclude a real sidewalk). Re-read the south edge similarly: found the true back-of-sidewalk transition on the lot side of the cross-street's own sidewalk (north of its crosswalk stripes, not through them) and rebuilt the south edge through that point, perpendicular to the same established bearing, solving for new SE/SW corners as the intersection with the (unchanged) east and west edge lines. Overlay-confirmed the south edge now runs clear of the crosswalk stripes along its whole length. FOURTH CORRECTION (negligible, ~0.17m): when generalizing this fix into a reusable, tested function (bearing_trace.rectangle_from_four_edges, added along with src/test_bearing_trace.py), recomputing NE from the same raw measured anchors gave a corner ~0.17m from the hand-computed one above (accumulated rounding across several manual correction passes) -- adjusted NE to match the function's output exactly, so the file and the tested reconstruction agree bit-for-bit rather than by coincidence. See src/test_bearing_trace.py for the from-scratch reconstruction this geometry must continue to match. NOTE: this lot is visibly larger (~126m x 51m) than Warehouse No. 2's documented 236ft x 76ft (~72m x 23m) footprint, and satellite imagery shows no internal boundary, fence, or foundation distinguishing a smaller building footprint within it -- the lot currently reads as a single, undivided vacant/graded surface, which is actually consistent with this file's own (previously contradictory) accuracy_caveat text describing 'vacant/graded land,' despite regulatory_context describing Warehouse No. 2 as an existing historic structure. This polygon is therefore the best satellite-confirmable placeholder (the real, shared lot the building's documented footprint sits within) but is NOT a precise building footprint -- treat it as an upper bound on Building 2's true location, not the building's actual extent, and treat the 'historic structure, existing' status in this file with caution pending a source that resolves the discrepancy. Overlaps Parcels C1 and C2 (860 m2 and 1035 m2) in this project's own overlap QA -- not clipped, because all three are approximate placeholders competing for the same currently-undivided vacant lot; clipping any of them against another would not make any of them more accurate. See C1/C2's own accuracy_caveat for the matching note. Prior diagram-transform method (for history): traced from the Pier 70 Design for Development's own Figure 6.4.2 (Maximum Building Height, p.155) -- an adopted regulatory diagram with a printed scale bar, north arrow, and real street labels, not an illustrative rendering. Georeferenced using 5 real street-intersection control points (Illinois St and Michigan St, each crossing 20th St and 21st St) fetched from OpenStreetMap via this project's own src/fetch_streets.py, plus the real, independently-confirmed position of Historic Building 12 (blklot 4114010) as a 6th anchor, fit as a least-squares affine transform. Residual error against the fitted control points is roughly 8-25m -- wider than Mission Rock's equivalent transform (which had more, better-distributed real street intersections available). RELOCATED 2026-09-16 (full Pier 70 geometry restart): the west-lot placement above is WRONG, not just imprecise. Root cause: this project's own D4D research had already surfaced that Building 21's sourcing describes 'the historic node of Buildings 2, 12, and 21' (Figure 3.6.1's caption) -- i.e. Building 2 should sit immediately next to the real, confirmed positions of Building 12 (blklot 4114010) and Building 21 (re-traced 2026-09-16), on the EAST side of the site near Maryland St. It does not; Figure 6.4.2 itself confirms this directly, showing a gray 'Historic Building' box labeled plainly '2' immediately next to the 'D' and '12' boxes in that same east cluster -- not anywhere near Illinois St/C1/C2 where the west-lot version was placed. The west-lot placement was a guess made without checking this: it was chosen only because it was the nearest large satellite-visible vacant/graded surface west of Illinois St, without cross-referencing the diagram's own explicit label placement for '2', and without noticing that a 126m x 51m 'whole shared lot' was already flagged in this very file as 4x larger than Warehouse No. 2's documented 236ft x 76ft footprint -- a mismatch that should have been the tell. Re-traced this block's real position directly: isolated the gray 'Historic Building' legend color (RGB [148,150,153]) in the east cluster, extracted a clean rectangular contour (OpenCV) at pixel (1140,737)-(1206,961), and converted via the same validated 6-point affine transform used for Building 21 and the numbered parcels. Resulting area (~15,235 sqft) is a close match (85%) to the documented 236ft x 76ft (~17,936 sqft) footprint -- strong independent confirmation this is the right building, unlike the west-lot version's 4x-oversized mismatch. Confirmed zero overlap with Building 21, Parcel D, or Building 12 Plaza. The former west-lot placement's own extensive correction history (five passes, all satellite-based) is kept below for the record, but none of that work applies to this building's real position -- it was carefully refining the wrong location.", "accuracy_caveat": "APPROXIMATE -- RELOCATED 2026-09-16 from an incorrect west-lot placement (see digitization_method) to Figure 6.4.2's own labeled '2' Historic Building box, in the same east-side node as Buildings 12 and 21. Programmatically traced from this legend color, not hand-verified vertex-by-vertex; treat vertex positions as accurate to roughly 5-15m, consistent with this site's other diagram-traced parcels. The close match (85%) between this trace's area and Warehouse No. 2's documented 236ft x 76ft footprint is a good independent sanity check, but this is still a simplified rectangle, not a surveyed building outline.", "why_no_real_parcel": "A real Assessor parcel may exist under this block (part of Brookfield's larger, largely unaddressed 28-acre site), but it has not been subdivided per the masterplan's individual named parcels -- this uses hand-traced approximate geometry instead.", "regulatory_context": "Officially 'Warehouse No. 2' per the D4D (Section 6.6.1), a historic industrial shop structure, footprint 236 ft x 76 ft. Brookfield's own leasing brochure lists its use as 'Office' (creative office), ~100,000 RSF of leasable space -- roughly double a sometimes-cited '~50,000 GSF, Arts/Maker' description, which understates both its size and its actual designated use. No source found confirms whether rehabilitation has started; absent from the Port's own June 2025 progress update.", "notes": "Approximate polygon for a real, D4D-adopted parcel -- see accuracy_caveat.", "images": [ ], "source_doc_urls": [ "https://www.sfport.com/media/8123/download?inline=" ], "street_clip_exempt": null, "p_number": null }, "geometry": { "type": "Polygon", "coordinates": [ [ [ -122.384832853288984, 37.759716563347553 ], [ -122.384604129979991, 37.759730298445398 ], [ -122.3845694, 37.7592119 ], [ -122.384789229194567, 37.759192738366309 ], [ -122.384814555036897, 37.759443513722687 ], [ -122.384832853288984, 37.759716563347553 ] ] ] } },
{ "type": "Feature", "properties": { "project_name": "Pier 70 Building 101 (Bethlehem Steel HQ)", "site": "Pier 70", "status": "complete", "use": "commercial", "geometry_type": "real", "digitized_from": "DataSF Building Footprints dataset (real, surveyed building outline; not tied to an Assessor parcel).", "digitization_method": "SPLIT 2026-09-16 from the combined blklot 4046001 row (previously one polygon covering Buildings 101, 102, 104, 122, and 123 together, since the real Assessor lot has no further official subdivision -- see status.csv history). User asked why these were kept grouped; split into individual buildings using DataSF's real, surveyed Building Footprints dataset (field mblr=SF4046001), matched to this specific building by direct visual overlay against Pier 70 D4D Figure 6.4.2's own labeled '101' box (pixel position transformed via this site's validated 6-point affine transform, then matched to the nearest real footprint -- 33.9m away, clearly the best match of any candidate footprint in the lot). This footprint's own shape (an L-plan with a stepped notch) visually matches Figure 6.4.2's '101' outline closely. This is a REAL surveyed building outline, not a diagram trace or hand-digitized approximation -- geometry_type is 'real', not 'approximate'.", "accuracy_caveat": "Real, surveyed building footprint (DataSF Building Footprints) -- high confidence in the outline itself. The match to 'Building 101' specifically (as opposed to a neighboring structure) rests on position (33.9m from the diagram's own label, closest of any candidate) and shape correspondence, not an address or explicit building-number tag in the footprint dataset itself, since no such attribute exists there.", "why_no_real_parcel": "This parcel (blklot 4046001) has no street address in DataSF's Assessor roll, and the building's own press addresses do not resolve to any DataSF parcel either. The real Assessor lot groups 5 named buildings (101, 102, 104, 122, 123) into one polygon with no further official subdivision -- this feature uses the real building footprint instead, extracted and matched individually.", "regulatory_context": "Bethlehem Steel HQ, a 1917 neoclassical office building designed by Frederick H. Meyer, ~80,000 sf, 5 floors plus 2 lower levels and a penthouse. Rehabbed by Orton Development Inc. (ODI) starting after a Nov 26 2013 Historic Preservation Commission review (sfplanning.org HPC packet 2013.1168E); per that packet, the seismic upgrade uses shear walls, and the rehab preserves the historic exterior elevations while adapting the interior. Completed in stages ~2017-2020. Now houses RH San Francisco -- 'The Gallery at the Historic Bethlehem Steel Building' (showroom, Palm Court restaurant, rooftop bar), opened May 2022.", "notes": "Split 2026-09-16 from the combined 'Historic Core, north side' entry -- see digitization_method.", "images": [ ], "source_doc_urls": "['https://default.sfplanning.org/meetingarchive/planning_dept/commissions.sfplanning.org/hpcpackets/2013.1168E.pdf'\n 'https://en.wikipedia.org/wiki/Building_101_(San_Francisco)'\n 'https://ir.rh.com/news-events/detail/18/rh-announces-the-opening-of-rh-san-francisco-the-gallery-at-the-historic-bethlehem-steel-building']", "street_clip_exempt": null, "p_number": null }, "geometry": { "type": "Polygon", "coordinates": [ [ [ -122.3863881, 37.7607684 ], [ -122.3863852, 37.7607375 ], [ -122.3868441, 37.7607104 ], [ -122.3868441, 37.7607105 ], [ -122.3868486, 37.7607587 ], [ -122.3868996, 37.7607557 ], [ -122.3868995, 37.7607533 ], [ -122.3868992, 37.7607494 ], [ -122.3869273, 37.7607471 ], [ -122.386924, 37.7607103 ], [ -122.3869238, 37.7607075 ], [ -122.3873577, 37.7606822 ], [ -122.3874253, 37.7607298 ], [ -122.3874539, 37.7610449 ], [ -122.3874556, 37.7610632 ], [ -122.3874838, 37.7610615 ], [ -122.3874849, 37.7610728 ], [ -122.387508682279844, 37.761071649244521 ], [ -122.387533705332004, 37.761335100087003 ], [ -122.3874366, 37.7613405 ], [ -122.3874366, 37.7613404 ], [ -122.3874299, 37.7612647 ], [ -122.3873879, 37.761267 ], [ -122.3873879, 37.7612669 ], [ -122.3873776, 37.7611495 ], [ -122.3874331, 37.7611464 ], [ -122.3874323, 37.7611267 ], [ -122.3874432, 37.7611164 ], [ -122.3874506, 37.761116 ], [ -122.3874502, 37.7611111 ], [ -122.3874055, 37.7611133 ], [ -122.3874062, 37.7611199 ], [ -122.3873238, 37.761125 ], [ -122.3873225, 37.7611119 ], [ -122.3873183, 37.7611121 ], [ -122.3873182, 37.7611109 ], [ -122.3873167, 37.7610788 ], [ -122.3872691, 37.7610806 ], [ -122.3872674, 37.7610625 ], [ -122.3872466, 37.7608359 ], [ -122.3870362, 37.7608488 ], [ -122.3869409, 37.7608551 ], [ -122.3869384, 37.7608195 ], [ -122.3869041, 37.7608215 ], [ -122.386904, 37.7608197 ], [ -122.3868546, 37.7608227 ], [ -122.3868563, 37.7608401 ], [ -122.3863974, 37.7608672 ], [ -122.3863973, 37.7608672 ], [ -122.3863963, 37.7608559 ], [ -122.3863881, 37.7607684 ] ] ] } },
{ "type": "Feature", "properties": { "project_name": "Pier 70 Building 102 (former Power House)", "site": "Pier 70", "status": "complete", "use": "commercial", "geometry_type": "real", "digitized_from": "DataSF Building Footprints dataset (real, surveyed building outline; not tied to an Assessor parcel).", "digitization_method": "SPLIT 2026-09-16 from the combined blklot 4046001 row (see Building 101's digitization_method for the full context of that split). Matched to this building using the same method: Figure 6.4.2's own '102' label position, transformed via this site's validated 6-point affine transform, matched to the nearest real footprint in the lot (23.2m away -- clearly the best match; the next-nearest candidate was over 70m away). Confirmed spatially distinct from Building 101's own footprint (which ends about 88m to the west) rather than one merged structure, despite the two being described as closely adjacent (a 2013 HPC packet notes 'an access ramp or stairs would be provided between Buildings 101 and 102 to navigate the grade change'). This is a REAL surveyed building outline, not a diagram trace.", "accuracy_caveat": "Real, surveyed building footprint -- high confidence in the outline itself. This footprint's area (~1955 m2 / ~21,043 sqft) is roughly double the '11,266 sf' figure this project's own earlier research attached to 'Building 102 (former Compressor House)' -- that figure was not independently re-verified this pass, and could describe interior/leasable area rather than the full building footprint, or could itself be imprecise. Flagging this discrepancy rather than silently picking one number; treat the footprint geometry (real, surveyed) as more reliable than the previously-cited sqft figure.", "why_no_real_parcel": "This parcel (blklot 4046001) has no street address in DataSF's Assessor roll. The real Assessor lot groups 5 named buildings into one polygon with no further official subdivision -- this feature uses the real building footprint instead, extracted and matched individually.", "regulatory_context": "The former Power House, built 1912, part of the same 20th Street Historic Core rehabilitation by Orton Development Inc. (ODI) as Building 101 (HPC packet 2013.1168E, Nov 26 2013 review). Per that packet, Building 102 was 'in fairly good condition' at the time and in use as the powerhouse facility. No confirmed real-world tenant identified by any source found.", "notes": "Split 2026-09-16 from the combined 'Historic Core, north side' entry -- see digitization_method and accuracy_caveat (sqft discrepancy).", "images": [ ], "source_doc_urls": [ "https://default.sfplanning.org/meetingarchive/planning_dept/commissions.sfplanning.org/hpcpackets/2013.1168E.pdf" ], "street_clip_exempt": null, "p_number": null }, "geometry": { "type": "Polygon", "coordinates": [ [ [ -122.3847474, 37.7608954 ], [ -122.3847399, 37.7608098 ], [ -122.3855139, 37.760764 ], [ -122.3855204, 37.7608496 ], [ -122.3855191, 37.7608496 ], [ -122.3855249, 37.7609118 ], [ -122.3855251, 37.7609118 ], [ -122.3855251, 37.7609119 ], [ -122.3855293, 37.7609571 ], [ -122.3855292, 37.7609571 ], [ -122.3855353, 37.7610224 ], [ -122.3852385, 37.7610399 ], [ -122.3851938, 37.7610426 ], [ -122.3847668, 37.7610678 ], [ -122.3847668, 37.7610677 ], [ -122.3847664, 37.7610638 ], [ -122.3847474, 37.7608954 ] ] ] } },
{ "type": "Feature", "properties": { "project_name": "Pier 70 Building 104 (UIW Headquarters)", "site": "Pier 70", "status": "complete", "use": "commercial", "geometry_type": "real", "digitized_from": "DataSF Building Footprints dataset (real, surveyed building outline; not tied to an Assessor parcel).", "digitization_method": "SPLIT 2026-09-16 from the combined blklot 4046001 row (see Building 101's digitization_method for the full context). Matched using Figure 6.4.2's own '104' label position, transformed via this site's validated 6-point affine transform, matched to the nearest real footprint (39.2m away, clearly the best match) -- confirmed by direct visual overlay showing this footprint sitting right under the diagram's '104' box. This is a REAL surveyed building outline, not a diagram trace.", "accuracy_caveat": "Real, surveyed building footprint -- high confidence in the outline itself and its match to Building 104. Buildings 122 and 123 (two small one-story 'check house' buildings flanking Building 104, per the 2013 HPC packet -- 774 GSF and 400 GSF respectively) are NOT separately represented here or anywhere else in this dataset: no footprint of a matching small size was found immediately adjacent to this one, most likely because DataSF's building-footprint extraction merged them into this building's outline (or Building 102's) given how small and closely attached they are. Their combined ~1,174 GSF (~109 m2) is a small fraction of this footprint's ~1,080 m2 total, so if merged in, they would not meaningfully distort this shape -- but their own individual positions are not confirmed and are not claimed here.", "why_no_real_parcel": "This parcel (blklot 4046001) has no street address in DataSF's Assessor roll. The real Assessor lot groups 5 named buildings into one polygon with no further official subdivision -- this feature uses the real building footprint instead, extracted and matched individually.", "regulatory_context": "UIW (Union Iron Works) Headquarters, Building 104, a Renaissance Revival structure built in 1896 with a distinctive clerestory top floor, unreinforced masonry construction. Per the 2013 HPC packet (2013.1168E), it was previously used as a naval hospital/medical office (WWII-era conversion) and was a 'red-tagged,' seismically challenged building at review time; rehab included demolishing demising walls from the WWII conversion. Part of the same 20th Street Historic Core rehabilitation by Orton Development Inc. as Buildings 101/102. ~30,000 sf usable (likely gross floor area across multiple levels, not this footprint's own area). Now houses a confidential corporate office tenant, 300+ employees.", "notes": "Split 2026-09-16 from the combined 'Historic Core, north side' entry -- see accuracy_caveat re: Buildings 122/123.", "images": [ ], "source_doc_urls": [ "https://default.sfplanning.org/meetingarchive/planning_dept/commissions.sfplanning.org/hpcpackets/2013.1168E.pdf" ], "street_clip_exempt": null, "p_number": null }, "geometry": { "type": "Polygon", "coordinates": [ [ [ -122.3857845, 37.7608613 ], [ -122.3857798, 37.7608112 ], [ -122.3856946, 37.7608168 ], [ -122.3856929, 37.7608022 ], [ -122.3856905, 37.7608023 ], [ -122.3856868, 37.7607554 ], [ -122.3856877, 37.7607553 ], [ -122.3856866, 37.7607459 ], [ -122.3856931, 37.7607401 ], [ -122.3857817, 37.7607358 ], [ -122.3857837, 37.7607453 ], [ -122.386308, 37.760714 ], [ -122.386322, 37.7608617 ], [ -122.3863161, 37.7608621 ], [ -122.3863197, 37.7608989 ], [ -122.3860832, 37.7609132 ], [ -122.3860836, 37.760919 ], [ -122.3859578, 37.7609257 ], [ -122.3859578, 37.7609256 ], [ -122.3859574, 37.7609208 ], [ -122.3857994, 37.7609304 ], [ -122.3857994, 37.7609303 ], [ -122.3857994, 37.7609299 ], [ -122.3857307, 37.7609338 ], [ -122.3857244, 37.7608648 ], [ -122.3857845, 37.7608613 ] ] ] } },
{ "type": "Feature", "properties": { "project_name": "Pier 70 Building 113/114/115/116 (Union Iron Works Machine Shop)", "site": "Pier 70", "status": "complete", "use": "commercial", "geometry_type": "real", "digitized_from": "DataSF Building Footprints dataset (real, surveyed building outlines; not tied to an Assessor parcel).", "digitization_method": "SPLIT 2026-09-16 from the combined blklot 4111004 row (previously one polygon covering Buildings 113/114 and 115/116 together, since the real Assessor lot has no further official subdivision). CORRECTED same day: an earlier version of this split attempted to separate '113/114' (3 footprint pieces) from '115/116' (1 more southerly footprint) using area matching alone. A geometry-quality check then found that southerly '115/116' footprint overlapping Pier 70 Parcel C1 (a planned, not-yet-built 90ft residential block) by 2580 sq m. Re-checked against Pier 70 D4D Figure 6.4.2 itself (page171.png in this project's cached source PDF, not the previously mis-cached 'heightplan-247.png' which turned out to be a Potrero Power Station figure): Figure 6.4.2 draws ONE undifferentiated light-gray outline box labeled '113-116' entirely NORTH of '21ST ST (NEW)' (a planned/not-yet-built street), at the same latitude band as Parcel PKN -- it does not distinguish 113/114 from 115/116 as separate shapes at all. Transforming that box's pixel bounds (pixel (643,376)-(1073,724) on page171.png) via this site's validated 6-point affine transform gives real-world bounds of lon -122.3866 to -122.3851, lat 37.7597 to 37.7608. Checking all 8 real footprints tagged mblr=SF4111004 against that box: 4 of them (~6787, ~2273, ~632, and ~59 sq m) fall inside it; the remaining 4 (the previously-misassigned ~3937 sq m piece plus 3 much smaller slivers) sit outside it, to the south, overlapping Parcel C1's footprint instead -- i.e. on land that Figure 6.4.2 treats as a separate, not-yet-built development block, not as part of the historic 113-116 complex. Since the diagram itself does not separate 113/114 from 115/116, and the previous area-based attempt to do so conflicted with the diagram's own drawn position, this feature now combines all 4 in-box footprint pieces into one 'Building 113/114/115/116' MultiPolygon rather than fabricate an unsupported split. This is REAL surveyed building geometry, not a diagram trace. CORRECTED 2026-09-17 (user-flagged: 'should expand south, currently looks like it leaves out part of the building'): the 4 pieces excluded above were dropped specifically because they fell outside Figure 6.4.2's own drawn '113-116' box and instead overlapped Parcel C1's THEN-committed position -- but that C1 position was independently found the same day to be badly mispositioned (overlapping the real, official 21st St by over 100m of its length) and has since been ground-truthed to its correct location, well clear of these pieces. Re-examined the largest excluded piece (mblr SF4111004, ~3935 sq m) directly against satellite imagery: it is visibly the same continuous roof structure as the 3 already-included northern pieces (matching roofline, skylight pattern, no gap or seam) -- unambiguously the building's own southernmost bay, not a separate structure. Re-included all 8 real footprint pieces tagged SF4111004 into this feature (previously only 4 were used); combined area increased from ~9,751 to ~13,927 sq m. This is a case where the diagram's own simplified box undersold the real building's true extent -- the real, surveyed footprint takes priority, consistent with how this project treats real building data everywhere else. Confirmed against the now-corrected C1: still overlaps it by ~1,886 sq m (about half of the re-added piece), which is expected, not an error -- this project already documents that several of Pier 70's D4D blocks are sited on existing buildings slated for demolition, and this specific real building's own historic-preservation sourcing (see regulatory_context) notes 'demolition of later metal additions on the west and south facades,' consistent with this real building's southernmost bay being at least partly removed to make way for C1. REVERSED/REFINED 2026-09-17, SAME DAY (user-flagged: 'should remain north of 21st street and not overlap with C1'): the 'expected overlap' reasoning above was a rationalization, not a validated fact -- no source actually ties the demolished additions to this specific footprint piece or to C1's specific footprint, and Figure 6.4.2 draws 113-116 entirely north of 21st St with no overlap onto any south-of-the-street parcel. Checked precisely where the real 21st St centerline (CNN 15233000/15232000) falls relative to the re-added piece: it straddles the piece -- part of the piece's own real footprint sits north of the street (legitimately part of the historic complex as mapped here) and part sits south of it (in the same space as C1). Since this project maps the D4D's planned future, not a survey of exactly what stands today, split this piece at the real 21st St curb line (6.8m north of centerline, this project's standard curb offset) and kept only the northern portion, discarding ~2,996 sq m south of the street. Confirmed 0 overlap with C1 (13.6m gap now, matching the real street's own width). Removed the EXPECTED_OVERLAP_PAIRS entry for 'Building 113-116 x Parcel C1' in check_geometry_quality.py since there is no longer a legitimate overlap to exempt.", "accuracy_caveat": "Real, surveyed building footprints -- high confidence in each piece's outline and in the group's overall position (confirmed to sit within Figure 6.4.2's own '113-116' box). Individual identification of which piece(s) correspond to Building 113 vs 114 vs 115 vs 116 specifically is NOT possible from the sources checked -- Figure 6.4.2 draws them as one undifferentiated box, and the 2013 HPC packet's textual description ('115 and 116 abut Building 113/114') does not give a precise position. Rather than guess, this feature represents the combined complex, consistent with how it is actually shown in the source diagram. The combined footprint here (~9751 sq m / ~104,957 sqft) is larger than Building 113/114 alone (~86,100 sqft per its documented 492ft x 175ft footprint) and smaller than 113/114 + 115/116's combined documented GSF (~95,000 + ~38,000 = ~133,000 GSF) -- broadly consistent given GSF can include multi-level floor area not captured by a footprint, but not independently verified piece-by-piece.", "why_no_real_parcel": "This parcel (blklot 4111004) has no street address in DataSF's Assessor roll. The real Assessor lot groups Buildings 113/114 and 115/116 into one polygon with no further official subdivision -- this feature uses the real building footprints instead, matched to the specific area of the lot that Figure 6.4.2 itself draws as the historic '113-116' complex.", "regulatory_context": "Union Iron Works Machine Shop and Foundry, Buildings 113/114, on the south side of 20th Street just east of Illinois Street -- 'one of the most valuable and most vulnerable historic resources on the site' per the 2013 HPC packet (2013.1168E). Two unreinforced brick structures (Machine Shop, built 1885, and Foundry, built 1886) joined in 1914 by a reinforced concrete connector; building-length skylights, rows of high arched windows; ~95,000 GSF, 492ft long by 175ft wide, ~62ft tall. Buildings 115 and 116 abut Building 113/114, constructed 1916-1917, ~38,000 GSF, 57ft tall, with 'unusual windows and monitor skylights.' At review time the complex was red-tagged and subject to an engineer's advisory of imminent collapse. Rehab by Orton Development Inc. (ODI) included demolition/relocation of later metal additions on the west and south facades, a new steel seismic system tied into the brick perimeter, and demolition of two minor eastern appendages (Buildings 23/24, ~1,500 GSF). Proposed for industrial/warehouse/maker-space use (food, tech, life science, biotech, education, arts production) with ancillary office, showroom, and retail, alongside Building 14, framing a shared ~45,000 sf courtyard.", "notes": "Split 2026-09-16 from the combined 'Union Iron Works Machine Shop & Foundry' entry; CORRECTED same day to merge back a mistaken 113/114-vs-115/116 sub-split once it was found to conflict with Figure 6.4.2's own undifferentiated box -- see digitization_method.", "images": [ ], "source_doc_urls": "['https://www.structuremag.org/' 'https://savingplaces.org/'\n 'https://default.sfplanning.org/meetingarchive/planning_dept/commissions.sfplanning.org/hpcpackets/2013.1168E.pdf']", "street_clip_exempt": null, "p_number": null }, "geometry": { "type": "MultiPolygon", "coordinates": [ [ [ [ -122.386362177, 37.759460863 ], [ -122.386356981, 37.759461184 ], [ -122.386370411, 37.75960611 ], [ -122.385675962, 37.759646676 ], [ -122.385675927, 37.759646592 ], [ -122.385662737, 37.759504105 ], [ -122.385531883, 37.759512194 ], [ -122.385531872, 37.759512164 ], [ -122.385530964606971, 37.759502315568611 ], [ -122.386361334811383, 37.759452444940081 ], [ -122.386362177, 37.759460863 ] ] ], [ [ [ -122.385265882, 37.759540948 ], [ -122.385237643, 37.759542094 ], [ -122.385236224875356, 37.759520017137845 ], [ -122.385264428467096, 37.759518323277881 ], [ -122.385265882, 37.759540948 ] ] ], [ [ [ -122.385216912, 37.759668221 ], [ -122.385210705, 37.759601452 ], [ -122.385420295, 37.759589171 ], [ -122.385426503, 37.75965594 ], [ -122.385216912, 37.759668221 ] ] ], [ [ [ -122.386372691, 37.759607855 ], [ -122.386387938, 37.759767772 ], [ -122.386385885, 37.759767889 ], [ -122.386402615, 37.759940445 ], [ -122.385712846, 37.759982595 ], [ -122.385712816, 37.759982522 ], [ -122.385695851, 37.759807307 ], [ -122.385696053, 37.759807225 ], [ -122.385696023, 37.759807155 ], [ -122.385680748, 37.759647177 ], [ -122.386372668, 37.759607796 ], [ -122.386372691, 37.759607855 ] ] ], [ [ [ -122.38572049, 37.760086641 ], [ -122.385712187, 37.75999388 ], [ -122.386403635, 37.759954877 ], [ -122.386403652, 37.75995492 ], [ -122.386411953, 37.760047683 ], [ -122.385720514, 37.7600867 ], [ -122.38572049, 37.760086641 ] ] ], [ [ [ -122.385393276, 37.760134362 ], [ -122.385397591, 37.7602135 ], [ -122.385321911, 37.760216097 ], [ -122.385317603, 37.760136966 ], [ -122.385393276, 37.760134362 ] ] ], [ [ [ -122.385515837, 37.760147168 ], [ -122.385515853, 37.760147205 ], [ -122.385522843, 37.760209928 ], [ -122.385732301, 37.760197402 ], [ -122.385722284, 37.760088423 ], [ -122.386411258, 37.760048385 ], [ -122.386411275, 37.760048428 ], [ -122.386421878, 37.760163643 ], [ -122.386422271, 37.76016362 ], [ -122.386422288, 37.760163665 ], [ -122.386440872, 37.760345124 ], [ -122.386456735, 37.760526434 ], [ -122.385773641, 37.760567455 ], [ -122.385773867, 37.760569837 ], [ -122.385488296, 37.760586906 ], [ -122.385488269, 37.760586842 ], [ -122.38548774, 37.760581263 ], [ -122.385486685, 37.760581387 ], [ -122.385471994, 37.760583127 ], [ -122.38480396, 37.760624311 ], [ -122.384803936, 37.760624257 ], [ -122.384768582, 37.76026222 ], [ -122.385420283, 37.760222044 ], [ -122.385412746, 37.760154466 ], [ -122.385412737, 37.760154429 ], [ -122.385515837, 37.760147168 ] ] ] ] } },
{ "type": "Feature", "properties": { "project_name": "Pier 70 Building 14", "site": "Pier 70", "status": "complete", "use": "commercial", "geometry_type": "real", "digitized_from": "DataSF Building Footprints dataset (real, surveyed building outline; not tied to an Assessor parcel).", "digitization_method": "ADDED 2026-09-17 to fix a major, previously-unaddressed real-vs-approximate overlap: this project's status.csv had 'Building 14' joined to blklot 4052001, a giant (~134,945 sq m / ~33-acre) Assessor lot that turns out to underlie almost the ENTIRE eastern two-thirds of the Pier 70 site -- overlapping essentially every D4D approximate parcel there (A, B, D, E1-E4, 21, F/G, H1, H2, Waterfront Open Space, Building 12 Plaza, even Irish Hill Playground), not just Building 14's own footprint. A user noticed persistent visual overlap on the rendered map and asked directly whether the same validation process was being used as elsewhere; investigating with a from-scratch real-vs-approximate overlap check (which this project's check_geometry_quality.py had never actually performed -- it only ever checked approximate-vs-approximate sibling overlaps) surfaced this. The Pier 70 labeled map had separately excluded 4052001 from its own rendering (2026-09-17, 'Always show Building 12' commit) for being oversized, but that was a rendering-only patch on the Pier70-specific map -- it did nothing for the citywide static/interactive maps, which were still rendering 4052001's full extent, and did nothing about the underlying data conflict. ROOT-CAUSE FIX: matched Building 14 to its own specific real footprint the same way Buildings 101/102/104/113-116/21 were already split out of their own oversized blklots. Figure 6.4.2's own '14' label box (pixel bounds ~(947,505)-(1073,613) on page171.png) transforms to real-world centroid lon -122.38532, lat 37.76029; the nearest candidate footprint under mblr=SF4052001 (1556.6 sq m / ~16,754 sqft) sits 39m away -- and its size is a near-exact match (within 3%) to status.csv's own previously-cited '16,315 gsf double-gable metal warehouse' figure for Building 14, which is strong independent confirmation this is the right footprint. Confirmed 0 overlap against the 113/114/115/116 complex (2.1m gap, essentially touching, consistent with the diagram showing them as adjacent structures), Parcel D, Parcel C1, PKN, the 20th Street Plaza, and the Waterfront Open Space.", "accuracy_caveat": "REAL, surveyed building footprint (DataSF Building Footprints) -- high confidence in the outline itself and its match to Building 14: position matches Figure 6.4.2's own label (39m away, the closest and only plausible candidate among the lot's other footprint pieces once 113/114/115/116's own pieces are excluded) and its area independently matches the previously-cited 16,315 GSF within 3%. As with the other buildings split from oversized Assessor lots this project, the match rests on position and size, not an explicit building-number attribute in the footprint dataset itself (no such attribute exists there).", "why_no_real_parcel": "This structure has no street address in DataSF's Assessor roll and sits on the same huge, largely-unsubdivided Assessor lot (blklot 4052001) as Buildings 101/102/104/113-116/21 and other structures across central Pier 70 -- no distinct blklot exists to join for Building 14 specifically, so this feature uses the real building footprint instead, matched individually.", "regulatory_context": "Building 14, a basic heavy warehouse dated to 1941 (per the 2013 HPC packet, 2013.1168E) with approximately 16,000 GSF of space and a 66 foot height, sits immediately east of the Union Iron Works Machine Shop complex (Buildings 113/114/115/116), framing a shared courtyard with them per the D4D's rehabilitation concept. Rehabbed by Orton Development Inc. (ODI) as part of the same 20th Street Historic Core project; proposed for the same industrial/warehouse/maker-space use (food, tech, life science, biotech, education, arts production) with ancillary office, showroom, and retail as its neighbors.", "notes": "Split 2026-09-17 from the oversized combined blklot 4052001 row -- see digitization_method. This resolves a major real-vs-approximate overlap that had gone undetected because check_geometry_quality.py only ever checked approximate-vs-approximate sibling overlaps, never real-vs-approximate ones.", "images": [ ], "source_doc_urls": "['https://plantconstruction.com/projects/pier-70-building-14/'\n 'https://default.sfplanning.org/meetingarchive/planning_dept/commissions.sfplanning.org/hpcpackets/2013.1168E.pdf']", "street_clip_exempt": null, "p_number": null }, "geometry": { "type": "Polygon", "coordinates": [ [ [ -122.384739426, 37.760072072 ], [ -122.384739386, 37.760071983 ], [ -122.384724443, 37.759918994 ], [ -122.385211401, 37.75988894 ], [ -122.385211439, 37.759889027 ], [ -122.38522635, 37.760041597 ], [ -122.385227381, 37.760041536 ], [ -122.385227418, 37.760041623 ], [ -122.385243866, 37.760214026 ], [ -122.384757464, 37.760243338 ], [ -122.384757441, 37.76024325 ], [ -122.384741117, 37.760071968 ], [ -122.384739426, 37.760072072 ] ] ] } },
{ "type": "Feature", "properties": { "project_name": "Potrero Power Station Block 1", "site": "Potrero Power Station", "status": "planned", "use": "mixed", "geometry_type": "approximate", "digitized_from": "Potrero Power Station Design for Development, Figure 6.2.3 - Building Height Plan (p.245).", "digitization_method": "Traced from the Potrero Power Station Design for Development's own Figure 6.2.3 (Building Height Plan, p.245) -- an adopted regulatory diagram with a printed scale bar, north arrow, and real street labels (Illinois St, Georgia St, Louisiana St, Maryland St, Delaware St, 22nd St, Humboldt St, 23rd St), not an illustrative rendering. Georeferenced using 9 real street-intersection control points fetched from OpenStreetMap via this project's own src/fetch_streets.py, fit as a least-squares affine transform. NOTE: an initial attempt also used the real, confirmed positions of the Sophie Maxwell Building and the UCSF Block 2 building as anchors, but they produced 50-60m of error against the street-only fit -- this diagram is dated Feb 26, 2020, predating UCSF's ~2023-24 arrival as a life-science anchor tenant, so those two real buildings likely do not sit where this 2020 figure's own numbered blocks would place them (their own real parcels are used directly elsewhere in this dataset and were NOT re-derived from this diagram). The final transform here uses street intersections only. Residual error against those control points is roughly 8-24m. Traced polygons were additionally clipped against the real, confirmed Sophie Maxwell and UCSF Block 2 parcels (and against Prequel Park's approximate geometry) so this speculative tracing never overrides real or better-sourced geometry. CORRECTED 2026-09-16: user-flagged pattern of blocks encroaching on real streets across the site (Block 3, Block 11, Block 12) led to rebuilding this whole block layer from scratch using proper GCP-based georeferencing (GDAL's gdaltransform with a thin-plate-spline transform, the same technique QGIS's Georeferencer uses) instead of patching individual curbs. Installed GDAL, computed 8 real street-intersection ground control points from OpenStreetMap data (Craig Lane x Maryland St, 22nd St x Maryland/Louisiana St, Humboldt St x Maryland/Delaware/Georgia Lane, 23rd St x Maryland/Georgia Lane), precisely located each in the source diagram (Figure 6.2.3) via programmatic black-pixel border detection cross-checked with visual ruler crops, and fit a TPS transform. Re-traced this block's own corner pixels the same way and ran them through the new transform. This corrected transform disagrees with the original 9-point affine transform by tens of meters in places -- e.g. it revealed the original trace had Blocks 3/4 shifted east into the excavation pit/street area, and Blocks 11/12 roughly 2x too deep -- and the new positions now land within real, distinct site features (buildings, graded lots) visible in satellite imagery rather than straddling roads. Known residual limitation: GCP street positions are centerline-based (matching OSM convention), while a block boundary should sit at the near curb, so any edge close to a GCP street can land a few meters into that street after transformation -- checked for and corrected on this block's street-facing edge(s) where applicable using this project's already-established grid bearing (356.5 deg) and, where available, an independently diagram-measured depth/width. Treat corrected vertex positions as accurate to roughly 10-15m (tighter than the original 8-24m transform, but still not survey-grade). RE-CORRECTED 2026-09-16 (same day, third pass): the independent per-block TPS re-trace (see above) still measured each block's own 4 corners in isolation, which -- despite using the same transform -- left small (3-12m) spurious gaps or misalignments at boundaries the diagram actually draws as shared or tightly-spaced between adjacent blocks (caught after the user pointed out the diagram itself has ~zero wasted space and specifically that the PG&E switchyard polygon sits directly against Block 5 in the diagram, not ~60m away as this dataset had it). Re-measured EVERY block's corners in a single consistent pass using programmatic black-pixel border detection (long contiguous runs = real borders, filtered from text/dimension-arrow strokes by requiring the run to span nearly the full block height/width), cross-validated with fine-pixel-gridline crops, so that shared or consistently-measured boundaries between neighboring blocks now come from the same underlying pixel measurements rather than independent eyeball estimates. Batch-transformed through the same GDAL/TPS fit as before. This pass also corrected several block extents that were measured imprecisely in the prior pass (e.g. Block 5's real stepped/notched south edge, Block 11's true position -- it does NOT sit flush against Block 15, there is real Power Station Park open space between them). GCP CORRECTION 2026-09-16 (fourth pass): user flagged that Block 8/12 should touch Delaware Street with park space between them, and that Block 3/4's shapes looked off -- investigation found the root cause was a single mis-measured ground control point. The 'Delaware St x Humboldt St' GCP used for the whole site's TPS transform had been placed at pixel (2227, 986), which is actually deep inside Building 9's own footprint in the diagram, not on Delaware Street at all -- confirmed by comparing pixel spacing between the three Humboldt-row GCPs (Maryland/Delaware/Georgia Lane): Maryland-to-Georgia-Lane's pixel:real-world ratio implied Delaware should sit at roughly pixel x=2020, not 2227, and a direct color-transition scan at y=986 confirmed the real street gap is at x=1994-2035. Corrected the GCP to (2015, 986) (same real-world coordinate, just the right pixel) and re-ran the TPS transform for the whole site. This produced large corrections concentrated exactly where the user's complaint pointed -- Block 4 shifted 33-60m, Block 3's east corners ~28-33m, Block 8's east corners ~29-31m, Block 12's east corners ~26-27m -- while blocks far from the error (5, 15, 7, 11, PG&E) shifted well under 5m, consistent with a localized GCP error rather than a global transform problem.", "accuracy_caveat": "APPROXIMATE -- this block is not yet built and does not correspond to any subdivided Assessor parcel: it currently sits on vacant/graded land within the former power station site (unaddressed in DataSF's Assessor roll). Traced from an adopted regulatory diagram via multi-point real-street georeferencing (see digitization_method), but this diagram is dated 2020 and may not reflect later design changes (as already found for the UCSF/Sophie Maxwell area -- see digitization_method). Treat vertex positions as accurate to roughly 10-25m, not survey-grade, and treat the block's applicability itself as somewhat more provisional than Mission Rock's or Pier 70's equivalent entries. Rebuilt 2026-09-16 via GDAL GCP/TPS georeferencing -- see digitization_method. Re-measured 2026-09-16 (third pass) in a single consistent pixel-detection pass across the whole block layout -- see digitization_method. Re-corrected 2026-09-16 (fourth pass) after fixing a mis-measured GCP -- see digitization_method.", "why_no_real_parcel": "A real Assessor parcel may exist under this block (part of the site's larger, largely unaddressed footprint), but it has not been subdivided per the masterplan's individual named blocks -- this uses hand-traced approximate geometry instead.", "regulatory_context": "Figure 6.2.3 shows Block 1 (marked '1*', a potential district parking garage/grocery store site) at 85 ft base / 180 ft max upper height -- NOT a 65-100 ft range as sometimes described secondhand. No source found supporting a 'potential SF Public Library branch' at this site -- that claim appears unsupported. No construction-start source found.", "notes": "Approximate polygon for a real, D4D-adopted block -- see accuracy_caveat.", "images": [ ], "source_doc_urls": [ "https://default.sfplanning.org/plans-and-programs/plans-by-neighborhood/potrero-power-plant/potrero_power_D4D_draft-082219.pdf" ], "street_clip_exempt": null, "p_number": null }, "geometry": { "type": "Polygon", "coordinates": [ [ [ -122.384747, 37.757611 ], [ -122.38466, 37.757084 ], [ -122.385515, 37.757021 ], [ -122.385605, 37.757544 ], [ -122.384747, 37.757611 ] ] ] } },
{ "type": "Feature", "properties": { "project_name": "Potrero Power Station Block 3", "site": "Potrero Power Station", "status": "planned", "use": "commercial", "geometry_type": "approximate", "digitized_from": "Potrero Power Station Design for Development, Figure 6.2.3 - Building Height Plan (p.245).", "digitization_method": "Traced from the Potrero Power Station Design for Development's own Figure 6.2.3 (Building Height Plan, p.245) -- an adopted regulatory diagram with a printed scale bar, north arrow, and real street labels (Illinois St, Georgia St, Louisiana St, Maryland St, Delaware St, 22nd St, Humboldt St, 23rd St), not an illustrative rendering. Georeferenced using 9 real street-intersection control points fetched from OpenStreetMap via this project's own src/fetch_streets.py, fit as a least-squares affine transform. Residual error against those control points is roughly 8-24m. CORRECTED 2026-09-16 across five passes: the west edge was found cutting through an active excavation pit and eating into Maryland Street (OSM-confirmed name). Passes 1-4 chased the real curb using pixel color transitions and satellite-measured bearings, but repeatedly landed on a west edge that was either still inside the street, not parallel to it, or -- after fixing the bearing to this project's established 356.5 deg Potrero/Pier 70 grid (see SITE_BEARINGS in bearing_trace.py) -- narrower than it should be, because the east-side 'curb' being chased was actually a gradual dirt/yard fade with no real edge to find. FIFTH PASS (current): went back to the source diagram itself and measured it directly against its own printed scale bar (0-400 ft) -- Block 3 in the diagram spans from Maryland Street's east curb to its shared boundary with Block 4, a width of roughly 250-260 px at the diagram's own ~0.99 px/ft scale, i.e. about 77m. That is far closer to the ORIGINAL west-curb measurement from pass 1 (the dirt/pit-to-pavement transition, independently confirmed with two tight zoomed crops) than to the far/gradual edge chased in passes 2-4. Rebuilt the west edge using the pass-1 curb points with the established 356.5 deg bearing (line_intersection against the unchanged north/south edges), giving a ~92m block width -- within this dataset's normal diagram-transform tolerance of the diagram's own ~77m. Lesson: for a road-adjacent edge with no clean matching feature on the far side, cross-check against the source diagram's own printed scale before assuming the far/conservative reading is correct -- satellite curb-hunting alone doesn't tell you which curb the block boundary is actually supposed to be at. CORRECTED 2026-09-16: user-flagged pattern of blocks encroaching on real streets across the site (Block 3, Block 11, Block 12) led to rebuilding this whole block layer from scratch using proper GCP-based georeferencing (GDAL's gdaltransform with a thin-plate-spline transform, the same technique QGIS's Georeferencer uses) instead of patching individual curbs. Installed GDAL, computed 8 real street-intersection ground control points from OpenStreetMap data (Craig Lane x Maryland St, 22nd St x Maryland/Louisiana St, Humboldt St x Maryland/Delaware/Georgia Lane, 23rd St x Maryland/Georgia Lane), precisely located each in the source diagram (Figure 6.2.3) via programmatic black-pixel border detection cross-checked with visual ruler crops, and fit a TPS transform. Re-traced this block's own corner pixels the same way and ran them through the new transform. This corrected transform disagrees with the original 9-point affine transform by tens of meters in places -- e.g. it revealed the original trace had Blocks 3/4 shifted east into the excavation pit/street area, and Blocks 11/12 roughly 2x too deep -- and the new positions now land within real, distinct site features (buildings, graded lots) visible in satellite imagery rather than straddling roads. Known residual limitation: GCP street positions are centerline-based (matching OSM convention), while a block boundary should sit at the near curb, so any edge close to a GCP street can land a few meters into that street after transformation -- checked for and corrected on this block's street-facing edge(s) where applicable using this project's already-established grid bearing (356.5 deg) and, where available, an independently diagram-measured depth/width. Treat corrected vertex positions as accurate to roughly 10-15m (tighter than the original 8-24m transform, but still not survey-grade). RE-CORRECTED 2026-09-16 (same day, third pass): the independent per-block TPS re-trace (see above) still measured each block's own 4 corners in isolation, which -- despite using the same transform -- left small (3-12m) spurious gaps or misalignments at boundaries the diagram actually draws as shared or tightly-spaced between adjacent blocks (caught after the user pointed out the diagram itself has ~zero wasted space and specifically that the PG&E switchyard polygon sits directly against Block 5 in the diagram, not ~60m away as this dataset had it). Re-measured EVERY block's corners in a single consistent pass using programmatic black-pixel border detection (long contiguous runs = real borders, filtered from text/dimension-arrow strokes by requiring the run to span nearly the full block height/width), cross-validated with fine-pixel-gridline crops, so that shared or consistently-measured boundaries between neighboring blocks now come from the same underlying pixel measurements rather than independent eyeball estimates. Batch-transformed through the same GDAL/TPS fit as before. This pass also corrected several block extents that were measured imprecisely in the prior pass (e.g. Block 5's real stepped/notched south edge, Block 11's true position -- it does NOT sit flush against Block 15, there is real Power Station Park open space between them). GCP CORRECTION 2026-09-16 (fourth pass): user flagged that Block 8/12 should touch Delaware Street with park space between them, and that Block 3/4's shapes looked off -- investigation found the root cause was a single mis-measured ground control point. The 'Delaware St x Humboldt St' GCP used for the whole site's TPS transform had been placed at pixel (2227, 986), which is actually deep inside Building 9's own footprint in the diagram, not on Delaware Street at all -- confirmed by comparing pixel spacing between the three Humboldt-row GCPs (Maryland/Delaware/Georgia Lane): Maryland-to-Georgia-Lane's pixel:real-world ratio implied Delaware should sit at roughly pixel x=2020, not 2227, and a direct color-transition scan at y=986 confirmed the real street gap is at x=1994-2035. Corrected the GCP to (2015, 986) (same real-world coordinate, just the right pixel) and re-ran the TPS transform for the whole site. This produced large corrections concentrated exactly where the user's complaint pointed -- Block 4 shifted 33-60m, Block 3's east corners ~28-33m, Block 8's east corners ~29-31m, Block 12's east corners ~26-27m -- while blocks far from the error (5, 15, 7, 11, PG&E) shifted well under 5m, consistent with a localized GCP error rather than a global transform problem.", "accuracy_caveat": "APPROXIMATE -- this block is not yet built and does not correspond to any subdivided Assessor parcel: it currently sits on vacant/graded land within the former power station site (unaddressed in DataSF's Assessor roll). Traced from an adopted regulatory diagram via multi-point real-street georeferencing (see digitization_method), but this diagram is dated 2020 and may not reflect later design changes. Treat vertex positions as accurate to roughly 10-25m, not survey-grade. West edge corrected 2026-09-16 (fifth pass) against Maryland Street's real, directly-measured near curb, cross-validated against the source diagram's own printed scale (which independently implies a similar block width) -- treat that edge as accurate to roughly 5-10m. The north, south, and east edges still carry the original 10-25m diagram-transform tolerance and have not been independently re-verified against satellite imagery. Rebuilt 2026-09-16 via GDAL GCP/TPS georeferencing -- see digitization_method. Re-measured 2026-09-16 (third pass) in a single consistent pixel-detection pass across the whole block layout -- see digitization_method. Re-corrected 2026-09-16 (fourth pass) after fixing a mis-measured GCP -- see digitization_method.", "why_no_real_parcel": "A real Assessor parcel may exist under this block (part of the site's larger, largely unaddressed footprint), but it has not been subdivided per the masterplan's individual named blocks -- this uses hand-traced approximate geometry instead.", "regulatory_context": "Flat 130 ft max height per Figure 6.2.3. The D4D's own Permitted Uses table marks residential NOT PERMITTED on this block, while Laboratory and Life Science uses ARE permitted -- i.e., this is planned as an office/lab block, not residential, contrary to a sometimes-cited secondhand description. It does not front the Louisiana Paseo (a separate, physically distant open space between Blocks 15 and 7). No construction-start source found.", "notes": "Approximate polygon for a real, D4D-adopted block -- see accuracy_caveat.", "images": [ ], "source_doc_urls": [ "https://default.sfplanning.org/plans-and-programs/plans-by-neighborhood/potrero-power-plant/potrero_power_D4D_draft-082219.pdf" ], "street_clip_exempt": null, "p_number": null }, "geometry": { "type": "Polygon", "coordinates": [ [ [ -122.382572, 37.757746 ], [ -122.382522, 37.757207 ], [ -122.383384, 37.757162 ], [ -122.383446, 37.757724 ], [ -122.382572, 37.757746 ] ] ] } },
{ "type": "Feature", "properties": { "project_name": "Potrero Power Station Block 4", "site": "Potrero Power Station", "status": "planned", "use": "residential", "geometry_type": "approximate", "digitized_from": "Potrero Power Station Design for Development, Figure 6.2.3 - Building Height Plan (p.245).", "digitization_method": "Traced from the Potrero Power Station Design for Development's own Figure 6.2.3 (Building Height Plan, p.245) -- an adopted regulatory diagram with a printed scale bar, north arrow, and real street labels (Illinois St, Georgia St, Louisiana St, Maryland St, Delaware St, 22nd St, Humboldt St, 23rd St), not an illustrative rendering. Georeferenced using 9 real street-intersection control points fetched from OpenStreetMap via this project's own src/fetch_streets.py, fit as a least-squares affine transform. NOTE: an initial attempt also used the real, confirmed positions of the Sophie Maxwell Building and the UCSF Block 2 building as anchors, but they produced 50-60m of error against the street-only fit -- this diagram is dated Feb 26, 2020, predating UCSF's ~2023-24 arrival as a life-science anchor tenant, so those two real buildings likely do not sit where this 2020 figure's own numbered blocks would place them (their own real parcels are used directly elsewhere in this dataset and were NOT re-derived from this diagram). The final transform here uses street intersections only. Residual error against those control points is roughly 8-24m. Traced polygons were additionally clipped against the real, confirmed Sophie Maxwell and UCSF Block 2 parcels (and against Prequel Park's approximate geometry) so this speculative tracing never overrides real or better-sourced geometry. CORRECTED 2026-09-16: user-flagged pattern of blocks encroaching on real streets across the site (Block 3, Block 11, Block 12) led to rebuilding this whole block layer from scratch using proper GCP-based georeferencing (GDAL's gdaltransform with a thin-plate-spline transform, the same technique QGIS's Georeferencer uses) instead of patching individual curbs. Installed GDAL, computed 8 real street-intersection ground control points from OpenStreetMap data (Craig Lane x Maryland St, 22nd St x Maryland/Louisiana St, Humboldt St x Maryland/Delaware/Georgia Lane, 23rd St x Maryland/Georgia Lane), precisely located each in the source diagram (Figure 6.2.3) via programmatic black-pixel border detection cross-checked with visual ruler crops, and fit a TPS transform. Re-traced this block's own corner pixels the same way and ran them through the new transform. This corrected transform disagrees with the original 9-point affine transform by tens of meters in places -- e.g. it revealed the original trace had Blocks 3/4 shifted east into the excavation pit/street area, and Blocks 11/12 roughly 2x too deep -- and the new positions now land within real, distinct site features (buildings, graded lots) visible in satellite imagery rather than straddling roads. Known residual limitation: GCP street positions are centerline-based (matching OSM convention), while a block boundary should sit at the near curb, so any edge close to a GCP street can land a few meters into that street after transformation -- checked for and corrected on this block's street-facing edge(s) where applicable using this project's already-established grid bearing (356.5 deg) and, where available, an independently diagram-measured depth/width. Treat corrected vertex positions as accurate to roughly 10-15m (tighter than the original 8-24m transform, but still not survey-grade). RE-CORRECTED 2026-09-16 (same day, third pass): the independent per-block TPS re-trace (see above) still measured each block's own 4 corners in isolation, which -- despite using the same transform -- left small (3-12m) spurious gaps or misalignments at boundaries the diagram actually draws as shared or tightly-spaced between adjacent blocks (caught after the user pointed out the diagram itself has ~zero wasted space and specifically that the PG&E switchyard polygon sits directly against Block 5 in the diagram, not ~60m away as this dataset had it). Re-measured EVERY block's corners in a single consistent pass using programmatic black-pixel border detection (long contiguous runs = real borders, filtered from text/dimension-arrow strokes by requiring the run to span nearly the full block height/width), cross-validated with fine-pixel-gridline crops, so that shared or consistently-measured boundaries between neighboring blocks now come from the same underlying pixel measurements rather than independent eyeball estimates. Batch-transformed through the same GDAL/TPS fit as before. This pass also corrected several block extents that were measured imprecisely in the prior pass (e.g. Block 5's real stepped/notched south edge, Block 11's true position -- it does NOT sit flush against Block 15, there is real Power Station Park open space between them). GCP CORRECTION 2026-09-16 (fourth pass): user flagged that Block 8/12 should touch Delaware Street with park space between them, and that Block 3/4's shapes looked off -- investigation found the root cause was a single mis-measured ground control point. The 'Delaware St x Humboldt St' GCP used for the whole site's TPS transform had been placed at pixel (2227, 986), which is actually deep inside Building 9's own footprint in the diagram, not on Delaware Street at all -- confirmed by comparing pixel spacing between the three Humboldt-row GCPs (Maryland/Delaware/Georgia Lane): Maryland-to-Georgia-Lane's pixel:real-world ratio implied Delaware should sit at roughly pixel x=2020, not 2227, and a direct color-transition scan at y=986 confirmed the real street gap is at x=1994-2035. Corrected the GCP to (2015, 986) (same real-world coordinate, just the right pixel) and re-ran the TPS transform for the whole site. This produced large corrections concentrated exactly where the user's complaint pointed -- Block 4 shifted 33-60m, Block 3's east corners ~28-33m, Block 8's east corners ~29-31m, Block 12's east corners ~26-27m -- while blocks far from the error (5, 15, 7, 11, PG&E) shifted well under 5m, consistent with a localized GCP error rather than a global transform problem.", "accuracy_caveat": "APPROXIMATE -- this block is not yet built and does not correspond to any subdivided Assessor parcel: it currently sits on vacant/graded land within the former power station site (unaddressed in DataSF's Assessor roll). Traced from an adopted regulatory diagram via multi-point real-street georeferencing (see digitization_method), but this diagram is dated 2020 and may not reflect later design changes (as already found for the UCSF/Sophie Maxwell area -- see digitization_method). Treat vertex positions as accurate to roughly 10-25m, not survey-grade, and treat the block's applicability itself as somewhat more provisional than Mission Rock's or Pier 70's equivalent entries. Rebuilt 2026-09-16 via GDAL GCP/TPS georeferencing -- see digitization_method. Re-measured 2026-09-16 (third pass) in a single consistent pixel-detection pass across the whole block layout -- see digitization_method. Re-corrected 2026-09-16 (fourth pass) after fixing a mis-measured GCP -- see digitization_method.", "why_no_real_parcel": "A real Assessor parcel may exist under this block (part of the site's larger, largely unaddressed footprint), but it has not been subdivided per the masterplan's individual named blocks -- this uses hand-traced approximate geometry instead.", "regulatory_context": "The D4D's Permitted Uses table confirms residential IS permitted here. Figure 6.2.3 shows a split height: 65 ft / 100 ft max (a '100' MAX' callout) -- not an 85-125 ft range as sometimes described secondhand. No source found using the nickname 'Differentiated Building' for this specific block. No construction-start source found.", "notes": "Approximate polygon for a real, D4D-adopted block -- see accuracy_caveat.", "images": [ ], "source_doc_urls": [ "https://default.sfplanning.org/plans-and-programs/plans-by-neighborhood/potrero-power-plant/potrero_power_D4D_draft-082219.pdf" ], "street_clip_exempt": null, "p_number": null }, "geometry": { "type": "Polygon", "coordinates": [ [ [ -122.38185, 37.757771 ], [ -122.381801, 37.757235 ], [ -122.382378, 37.757213 ], [ -122.382427, 37.757752 ], [ -122.38185, 37.757771 ] ] ] } },
{ "type": "Feature", "properties": { "project_name": "Potrero Power Station Block 5", "site": "Potrero Power Station", "status": "planned", "use": "mixed", "geometry_type": "approximate", "digitized_from": "Potrero Power Station Design for Development, Figure 6.2.3 - Building Height Plan (p.245).", "digitization_method": "Traced from the Potrero Power Station Design for Development's own Figure 6.2.3 (Building Height Plan, p.245) -- an adopted regulatory diagram with a printed scale bar, north arrow, and real street labels (Illinois St, Georgia St, Louisiana St, Maryland St, Delaware St, 22nd St, Humboldt St, 23rd St), not an illustrative rendering. Georeferenced using 9 real street-intersection control points fetched from OpenStreetMap via this project's own src/fetch_streets.py, fit as a least-squares affine transform. NOTE: an initial attempt also used the real, confirmed positions of the Sophie Maxwell Building and the UCSF Block 2 building as anchors, but they produced 50-60m of error against the street-only fit -- this diagram is dated Feb 26, 2020, predating UCSF's ~2023-24 arrival as a life-science anchor tenant, so those two real buildings likely do not sit where this 2020 figure's own numbered blocks would place them (their own real parcels are used directly elsewhere in this dataset and were NOT re-derived from this diagram). The final transform here uses street intersections only. Residual error against those control points is roughly 8-24m. Traced polygons were additionally clipped against the real, confirmed Sophie Maxwell and UCSF Block 2 parcels (and against Prequel Park's approximate geometry) so this speculative tracing never overrides real or better-sourced geometry. OVERLAP FIX 2026-09-14: Clipped against Station A (Block 15) -- Station A is a real, well-documented historic building with an approved reuse project, taking priority over this generic numbered block's speculative boundary. CORRECTED 2026-09-16: user-flagged pattern of blocks encroaching on real streets across the site (Block 3, Block 11, Block 12) led to rebuilding this whole block layer from scratch using proper GCP-based georeferencing (GDAL's gdaltransform with a thin-plate-spline transform, the same technique QGIS's Georeferencer uses) instead of patching individual curbs. Installed GDAL, computed 8 real street-intersection ground control points from OpenStreetMap data (Craig Lane x Maryland St, 22nd St x Maryland/Louisiana St, Humboldt St x Maryland/Delaware/Georgia Lane, 23rd St x Maryland/Georgia Lane), precisely located each in the source diagram (Figure 6.2.3) via programmatic black-pixel border detection cross-checked with visual ruler crops, and fit a TPS transform. Re-traced this block's own corner pixels the same way and ran them through the new transform. This corrected transform disagrees with the original 9-point affine transform by tens of meters in places -- e.g. it revealed the original trace had Blocks 3/4 shifted east into the excavation pit/street area, and Blocks 11/12 roughly 2x too deep -- and the new positions now land within real, distinct site features (buildings, graded lots) visible in satellite imagery rather than straddling roads. Known residual limitation: GCP street positions are centerline-based (matching OSM convention), while a block boundary should sit at the near curb, so any edge close to a GCP street can land a few meters into that street after transformation -- checked for and corrected on this block's street-facing edge(s) where applicable using this project's already-established grid bearing (356.5 deg) and, where available, an independently diagram-measured depth/width. Treat corrected vertex positions as accurate to roughly 10-15m (tighter than the original 8-24m transform, but still not survey-grade). RE-CORRECTED 2026-09-16 (same day, third pass): the independent per-block TPS re-trace (see above) still measured each block's own 4 corners in isolation, which -- despite using the same transform -- left small (3-12m) spurious gaps or misalignments at boundaries the diagram actually draws as shared or tightly-spaced between adjacent blocks (caught after the user pointed out the diagram itself has ~zero wasted space and specifically that the PG&E switchyard polygon sits directly against Block 5 in the diagram, not ~60m away as this dataset had it). Re-measured EVERY block's corners in a single consistent pass using programmatic black-pixel border detection (long contiguous runs = real borders, filtered from text/dimension-arrow strokes by requiring the run to span nearly the full block height/width), cross-validated with fine-pixel-gridline crops, so that shared or consistently-measured boundaries between neighboring blocks now come from the same underlying pixel measurements rather than independent eyeball estimates. Batch-transformed through the same GDAL/TPS fit as before. This pass also corrected several block extents that were measured imprecisely in the prior pass (e.g. Block 5's real stepped/notched south edge, Block 11's true position -- it does NOT sit flush against Block 15, there is real Power Station Park open space between them). GCP CORRECTION 2026-09-16 (fourth pass): user flagged that Block 8/12 should touch Delaware Street with park space between them, and that Block 3/4's shapes looked off -- investigation found the root cause was a single mis-measured ground control point. The 'Delaware St x Humboldt St' GCP used for the whole site's TPS transform had been placed at pixel (2227, 986), which is actually deep inside Building 9's own footprint in the diagram, not on Delaware Street at all -- confirmed by comparing pixel spacing between the three Humboldt-row GCPs (Maryland/Delaware/Georgia Lane): Maryland-to-Georgia-Lane's pixel:real-world ratio implied Delaware should sit at roughly pixel x=2020, not 2227, and a direct color-transition scan at y=986 confirmed the real street gap is at x=1994-2035. Corrected the GCP to (2015, 986) (same real-world coordinate, just the right pixel) and re-ran the TPS transform for the whole site. This produced large corrections concentrated exactly where the user's complaint pointed -- Block 4 shifted 33-60m, Block 3's east corners ~28-33m, Block 8's east corners ~29-31m, Block 12's east corners ~26-27m -- while blocks far from the error (5, 15, 7, 11, PG&E) shifted well under 5m, consistent with a localized GCP error rather than a global transform problem.", "accuracy_caveat": "APPROXIMATE -- this block is not yet built and does not correspond to any subdivided Assessor parcel: it currently sits on vacant/graded land within the former power station site (unaddressed in DataSF's Assessor roll). Traced from an adopted regulatory diagram via multi-point real-street georeferencing (see digitization_method), but this diagram is dated 2020 and may not reflect later design changes (as already found for the UCSF/Sophie Maxwell area -- see digitization_method). Treat vertex positions as accurate to roughly 10-25m, not survey-grade, and treat the block's applicability itself as somewhat more provisional than Mission Rock's or Pier 70's equivalent entries. Rebuilt 2026-09-16 via GDAL GCP/TPS georeferencing -- see digitization_method. Re-measured 2026-09-16 (third pass) in a single consistent pixel-detection pass across the whole block layout -- see digitization_method. Re-corrected 2026-09-16 (fourth pass) after fixing a mis-measured GCP -- see digitization_method.", "why_no_real_parcel": "A real Assessor parcel may exist under this block (part of the site's larger, largely unaddressed footprint), but it has not been subdivided per the masterplan's individual named blocks -- this uses hand-traced approximate geometry instead.", "regulatory_context": "Figure 6.2.3 shows Block 5 (marked '5*', a potential district parking garage/grocery store site, like Block 1) with an 85 ft base and a 220 ft max upper height, with a '111' MAX' sub-callout -- a notably tall potential tower for this site. Program and construction status not independently confirmed by any source found beyond this figure.", "notes": "Approximate polygon for a real, D4D-adopted block -- see accuracy_caveat.", "images": [ ], "source_doc_urls": [ "https://default.sfplanning.org/plans-and-programs/plans-by-neighborhood/potrero-power-plant/potrero_power_D4D_draft-082219.pdf" ], "street_clip_exempt": null, "p_number": null }, "geometry": { "type": "Polygon", "coordinates": [ [ [ -122.385197, 37.756845 ], [ -122.385118, 37.756043 ], [ -122.385423, 37.756024 ], [ -122.385432, 37.756128 ], [ -122.385963, 37.756091 ], [ -122.38604, 37.756772 ], [ -122.385197, 37.756845 ] ] ] } },
{ "type": "Feature", "properties": { "project_name": "Potrero Power Station Block 7 (remaining portion)", "site": "Potrero Power Station", "status": "planned", "use": "mixed", "geometry_type": "approximate", "digitized_from": "Potrero Power Station Design for Development, Figure 6.2.3 - Building Height Plan (p.245).", "digitization_method": "Traced from the Potrero Power Station Design for Development's own Figure 6.2.3 (Building Height Plan, p.245) -- an adopted regulatory diagram with a printed scale bar, north arrow, and real street labels (Illinois St, Georgia St, Louisiana St, Maryland St, Delaware St, 22nd St, Humboldt St, 23rd St), not an illustrative rendering. Georeferenced using 9 real street-intersection control points fetched from OpenStreetMap via this project's own src/fetch_streets.py, fit as a least-squares affine transform. NOTE: an initial attempt also used the real, confirmed positions of the Sophie Maxwell Building and the UCSF Block 2 building as anchors, but they produced 50-60m of error against the street-only fit -- this diagram is dated Feb 26, 2020, predating UCSF's ~2023-24 arrival as a life-science anchor tenant, so those two real buildings likely do not sit where this 2020 figure's own numbered blocks would place them (their own real parcels are used directly elsewhere in this dataset and were NOT re-derived from this diagram). The final transform here uses street intersections only. Residual error against those control points is roughly 8-24m. Traced polygons were additionally clipped against the real, confirmed Sophie Maxwell and UCSF Block 2 parcels (and against Prequel Park's approximate geometry) so this speculative tracing never overrides real or better-sourced geometry. CORRECTED 2026-09-16: user-flagged pattern of blocks encroaching on real streets across the site (Block 3, Block 11, Block 12) led to rebuilding this whole block layer from scratch using proper GCP-based georeferencing (GDAL's gdaltransform with a thin-plate-spline transform, the same technique QGIS's Georeferencer uses) instead of patching individual curbs. Installed GDAL, computed 8 real street-intersection ground control points from OpenStreetMap data (Craig Lane x Maryland St, 22nd St x Maryland/Louisiana St, Humboldt St x Maryland/Delaware/Georgia Lane, 23rd St x Maryland/Georgia Lane), precisely located each in the source diagram (Figure 6.2.3) via programmatic black-pixel border detection cross-checked with visual ruler crops, and fit a TPS transform. Re-traced this block's own corner pixels the same way and ran them through the new transform. This corrected transform disagrees with the original 9-point affine transform by tens of meters in places -- e.g. it revealed the original trace had Blocks 3/4 shifted east into the excavation pit/street area, and Blocks 11/12 roughly 2x too deep -- and the new positions now land within real, distinct site features (buildings, graded lots) visible in satellite imagery rather than straddling roads. Known residual limitation: GCP street positions are centerline-based (matching OSM convention), while a block boundary should sit at the near curb, so any edge close to a GCP street can land a few meters into that street after transformation -- checked for and corrected on this block's street-facing edge(s) where applicable using this project's already-established grid bearing (356.5 deg) and, where available, an independently diagram-measured depth/width. Treat corrected vertex positions as accurate to roughly 10-15m (tighter than the original 8-24m transform, but still not survey-grade). RE-CORRECTED 2026-09-16 (same day, third pass): the independent per-block TPS re-trace (see above) still measured each block's own 4 corners in isolation, which -- despite using the same transform -- left small (3-12m) spurious gaps or misalignments at boundaries the diagram actually draws as shared or tightly-spaced between adjacent blocks (caught after the user pointed out the diagram itself has ~zero wasted space and specifically that the PG&E switchyard polygon sits directly against Block 5 in the diagram, not ~60m away as this dataset had it). Re-measured EVERY block's corners in a single consistent pass using programmatic black-pixel border detection (long contiguous runs = real borders, filtered from text/dimension-arrow strokes by requiring the run to span nearly the full block height/width), cross-validated with fine-pixel-gridline crops, so that shared or consistently-measured boundaries between neighboring blocks now come from the same underlying pixel measurements rather than independent eyeball estimates. Batch-transformed through the same GDAL/TPS fit as before. This pass also corrected several block extents that were measured imprecisely in the prior pass (e.g. Block 5's real stepped/notched south edge, Block 11's true position -- it does NOT sit flush against Block 15, there is real Power Station Park open space between them). GCP CORRECTION 2026-09-16 (fourth pass): user flagged that Block 8/12 should touch Delaware Street with park space between them, and that Block 3/4's shapes looked off -- investigation found the root cause was a single mis-measured ground control point. The 'Delaware St x Humboldt St' GCP used for the whole site's TPS transform had been placed at pixel (2227, 986), which is actually deep inside Building 9's own footprint in the diagram, not on Delaware Street at all -- confirmed by comparing pixel spacing between the three Humboldt-row GCPs (Maryland/Delaware/Georgia Lane): Maryland-to-Georgia-Lane's pixel:real-world ratio implied Delaware should sit at roughly pixel x=2020, not 2227, and a direct color-transition scan at y=986 confirmed the real street gap is at x=1994-2035. Corrected the GCP to (2015, 986) (same real-world coordinate, just the right pixel) and re-ran the TPS transform for the whole site. This produced large corrections concentrated exactly where the user's complaint pointed -- Block 4 shifted 33-60m, Block 3's east corners ~28-33m, Block 8's east corners ~29-31m, Block 12's east corners ~26-27m -- while blocks far from the error (5, 15, 7, 11, PG&E) shifted well under 5m, consistent with a localized GCP error rather than a global transform problem.", "accuracy_caveat": "APPROXIMATE -- this block is not yet built and does not correspond to any subdivided Assessor parcel: it currently sits on vacant/graded land within the former power station site (unaddressed in DataSF's Assessor roll). Traced from an adopted regulatory diagram via multi-point real-street georeferencing (see digitization_method), but this diagram is dated 2020 and may not reflect later design changes (as already found for the UCSF/Sophie Maxwell area -- see digitization_method). Treat vertex positions as accurate to roughly 10-25m, not survey-grade, and treat the block's applicability itself as somewhat more provisional than Mission Rock's or Pier 70's equivalent entries. Rebuilt 2026-09-16 via GDAL GCP/TPS georeferencing -- see digitization_method. Re-measured 2026-09-16 (third pass) in a single consistent pixel-detection pass across the whole block layout -- see digitization_method. Re-corrected 2026-09-16 (fourth pass) after fixing a mis-measured GCP -- see digitization_method. CLIPPED 2026-09-17 (real-vs-approximate overlap audit, prompted by a user question about validation consistency): despite this file's own regulatory_context already stating it was 'clipped to exclude Sophie Maxwell's real footprint,' a from-scratch real-vs-approximate overlap check found this polygon still overlapped Sophie Maxwell (blklot 4232020) by 1,082 sq m -- the clip described in that text was apparently never actually applied to (or was lost from) the committed geometry. Re-clipped now via shapely difference() against blklot 4232020's real parcel boundary; area dropped from ~4,965 to ~3,883 sq m. This overlap had gone undetected because check_geometry_quality.py only ever checks approximate-vs-approximate sibling overlaps, never real-vs-approximate ones.", "why_no_real_parcel": "A real Assessor parcel may exist under this block (part of the site's larger, largely unaddressed footprint), but it has not been subdivided per the masterplan's individual named blocks -- this uses hand-traced approximate geometry instead.", "regulatory_context": "Figure 6.2.3 shows Block 7 as ONE combined parcel (150 ft base / 240 ft max upper height on its east side, 150 ft max on its west side) -- 'Block 7A' and 'Block 7B' are informal press/developer labels for the two buildings actually being built on it, not the D4D's own numbering. The Sophie Maxwell Building (informally '7B', real blklot 4232020, already mapped separately in this dataset) occupies part of this block; this polygon is the REMAINING portion, clipped to exclude Sophie Maxwell's real footprint. The remainder is presumed to correspond to the informally-named 'Block 7A' (Foster + Partners-designed rental tower, real press-reported heights of 240-264 ft depending on source, closely matching this figure's 240 ft max) -- design review approved, no construction-start source found.", "notes": "Approximate polygon for a real, D4D-adopted block -- see accuracy_caveat.", "images": [ ], "source_doc_urls": [ "https://default.sfplanning.org/plans-and-programs/plans-by-neighborhood/potrero-power-plant/potrero_power_D4D_draft-082219.pdf" ], "street_clip_exempt": null, "p_number": null }, "geometry": { "type": "Polygon", "coordinates": [ [ [ -122.383980813, 37.756915671 ], [ -122.383959748, 37.756713125 ], [ -122.383808977, 37.756722181 ], [ -122.383794802, 37.756586011 ], [ -122.383560677890102, 37.756600071287878 ], [ -122.383535, 37.756348 ], [ -122.384389, 37.756303 ], [ -122.384451, 37.756894 ], [ -122.383782475996455, 37.756927582397374 ], [ -122.383980813, 37.756915671 ] ] ] } },
{ "type": "Feature", "properties": { "project_name": "Potrero Power Station Block 9", "site": "Potrero Power Station", "status": "planned", "use": "mixed", "geometry_type": "approximate", "digitized_from": "Potrero Power Station Design for Development, Figure 6.2.3 - Building Height Plan (p.245).", "digitization_method": "Traced from the Potrero Power Station Design for Development's own Figure 6.2.3 (Building Height Plan, p.245) -- an adopted regulatory diagram with a printed scale bar, north arrow, and real street labels (Illinois St, Georgia St, Louisiana St, Maryland St, Delaware St, 22nd St, Humboldt St, 23rd St), not an illustrative rendering. Georeferenced using 9 real street-intersection control points fetched from OpenStreetMap via this project's own src/fetch_streets.py, fit as a least-squares affine transform. NOTE: an initial attempt also used the real, confirmed positions of the Sophie Maxwell Building and the UCSF Block 2 building as anchors, but they produced 50-60m of error against the street-only fit -- this diagram is dated Feb 26, 2020, predating UCSF's ~2023-24 arrival as a life-science anchor tenant, so those two real buildings likely do not sit where this 2020 figure's own numbered blocks would place them (their own real parcels are used directly elsewhere in this dataset and were NOT re-derived from this diagram). The final transform here uses street intersections only. Residual error against those control points is roughly 8-24m. Traced polygons were additionally clipped against the real, confirmed Sophie Maxwell and UCSF Block 2 parcels (and against Prequel Park's approximate geometry) so this speculative tracing never overrides real or better-sourced geometry. REBUILT 2026-09-16: this block was the one Potrero feature never re-transformed during this site's GDAL/TPS overhaul (see Block 1/3/4/etc.'s own digitization_method), and a user-flagged visual check (Humboldt Street Plaza appearing to sit 'east of Block 9' instead of between Block 4 and Block 9) traced back to Block 9 still using the old, less accurate transform -- it had drifted enough to overlap Block 4 (97 m2) after Block 4's own GDAL/TPS correction. Re-traced this block's actual notched building outline (10 vertices, following the real jogs in the diagram's own thin-line outline -- a stepped-out notch on the NE side, a stepped-in notch on the SW side) via programmatic black-pixel detection, then ran it through the same (GCP-corrected) TPS transform as the rest of the site.", "accuracy_caveat": "APPROXIMATE -- this block is not yet built and does not correspond to any subdivided Assessor parcel: it currently sits on vacant/graded land within the former power station site (unaddressed in DataSF's Assessor roll). Traced from an adopted regulatory diagram via multi-point real-street georeferencing (see digitization_method), but this diagram is dated 2020 and may not reflect later design changes (as already found for the UCSF/Sophie Maxwell area -- see digitization_method). Treat vertex positions as accurate to roughly 10-15m (rebuilt 2026-09-16 via the site's GDAL/TPS pass -- see digitization_method), and treat the block's applicability itself as somewhat more provisional than Mission Rock's or Pier 70's equivalent entries. Its overlap with the real, under-construction UCSF Block 2 area (a separate, better-sourced feature elsewhere in this dataset) has not been independently re-checked in this pass.", "why_no_real_parcel": "A real Assessor parcel may exist under this block (part of the site's larger, largely unaddressed footprint), but it has not been subdivided per the masterplan's individual named blocks -- this uses hand-traced approximate geometry instead.", "regulatory_context": "Flexible commercial/hotel/residential per the D4D. Figure 6.2.3's own 'Block 9 Building Configurations' inset shows heights up to 177 ft max (in the 'with Unit 3' configuration) -- exceeding an 85-145 ft range sometimes cited secondhand. This block's real-world area overlaps where Unit 3 and the Stack physically stand (mapped separately, both real/existing) and where Prequel Park's approximate interim-park geometry sits (also mapped separately, and excluded here via clipping) -- treat this polygon as the block's outer development envelope, not a claim that all of it is buildable independent of those other real features.", "notes": "Approximate polygon for a real, D4D-adopted block -- see accuracy_caveat.", "images": [ ], "source_doc_urls": [ "https://default.sfplanning.org/plans-and-programs/plans-by-neighborhood/potrero-power-plant/potrero_power_D4D_draft-082219.pdf" ], "street_clip_exempt": null, "p_number": null }, "geometry": { "type": "Polygon", "coordinates": [ [ [ -122.381751, 37.757038 ], [ -122.381723, 37.756744 ], [ -122.381616, 37.756749 ], [ -122.381576, 37.756326 ], [ -122.381603, 37.756325 ], [ -122.38158, 37.756088 ], [ -122.382024, 37.75606 ], [ -122.382062, 37.75645 ], [ -122.382234, 37.75644 ], [ -122.38229, 37.757015 ], [ -122.381751, 37.757038 ] ] ] } },
{ "type": "Feature", "properties": { "project_name": "Potrero Power Station Block 11", "site": "Potrero Power Station", "status": "planned", "use": "commercial", "geometry_type": "approximate", "digitized_from": "Potrero Power Station Design for Development, Figure 6.2.3 - Building Height Plan (p.245).", "digitization_method": "Traced from the Potrero Power Station Design for Development's own Figure 6.2.3 (Building Height Plan, p.245) -- an adopted regulatory diagram with a printed scale bar, north arrow, and real street labels (Illinois St, Georgia St, Louisiana St, Maryland St, Delaware St, 22nd St, Humboldt St, 23rd St), not an illustrative rendering. Georeferenced using 9 real street-intersection control points fetched from OpenStreetMap via this project's own src/fetch_streets.py, fit as a least-squares affine transform. NOTE: an initial attempt also used the real, confirmed positions of the Sophie Maxwell Building and the UCSF Block 2 building as anchors, but they produced 50-60m of error against the street-only fit -- this diagram is dated Feb 26, 2020, predating UCSF's ~2023-24 arrival as a life-science anchor tenant, so those two real buildings likely do not sit where this 2020 figure's own numbered blocks would place them (their own real parcels are used directly elsewhere in this dataset and were NOT re-derived from this diagram). The final transform here uses street intersections only. Residual error against those control points is roughly 8-24m. Traced polygons were additionally clipped against the real, confirmed Sophie Maxwell and UCSF Block 2 parcels (and against Prequel Park's approximate geometry) so this speculative tracing never overrides real or better-sourced geometry. CORRECTED 2026-09-16 (first pass, superseded): user-flagged check of this block's south edge found the SW corner sitting directly on top of a real existing building's roof, well south of 23rd Street. Since the yard here has no visible dirt/pavement curb to measure, used the building's own roofline (measured at two points 33m apart) as a hard constraint, with a 3m clearance -- this only guaranteed no more building overlap, not that the edge sat at the street's true curb. SECOND PASS: user re-flagged the block as still eating the street even after that fix. Went back to the source diagram (Figure 6.2.3) and measured it directly against its own printed scale bar -- this block's own north-south depth (from its shared boundary with Power Station Park to 23rd Street) is roughly 100px at the diagram's ~0.99px/ft scale, i.e. about 31m. This block's committed depth (north edge to first-pass south edge) was 66-67m, more than DOUBLE the diagram's own dimension -- meaning the original diagram-transform trace was badly wrong in an entirely different way than the curb question (a shape/scale error, not just a position error), and no amount of satellite curb-hunting on the south edge could have fixed it, since the real problem was the block being stretched roughly 2x too deep in the first place. Rebuilt the south edge by keeping the (unmodified, more trustworthy) north edge corners fixed and moving south exactly 30.8m along the established 356.5 deg grid bearing, matching the diagram's own measured depth. Note: this block's WIDTH also disagrees with the diagram (currently ~55m vs a diagram-implied ~92m) -- NOT corrected in this pass since it would require moving the east or west edge (shared boundaries with other features not re-verified here); flagged as a known follow-up. CORRECTED 2026-09-16: user-flagged pattern of blocks encroaching on real streets across the site (Block 3, Block 11, Block 12) led to rebuilding this whole block layer from scratch using proper GCP-based georeferencing (GDAL's gdaltransform with a thin-plate-spline transform, the same technique QGIS's Georeferencer uses) instead of patching individual curbs. Installed GDAL, computed 8 real street-intersection ground control points from OpenStreetMap data (Craig Lane x Maryland St, 22nd St x Maryland/Louisiana St, Humboldt St x Maryland/Delaware/Georgia Lane, 23rd St x Maryland/Georgia Lane), precisely located each in the source diagram (Figure 6.2.3) via programmatic black-pixel border detection cross-checked with visual ruler crops, and fit a TPS transform. Re-traced this block's own corner pixels the same way and ran them through the new transform. This corrected transform disagrees with the original 9-point affine transform by tens of meters in places -- e.g. it revealed the original trace had Blocks 3/4 shifted east into the excavation pit/street area, and Blocks 11/12 roughly 2x too deep -- and the new positions now land within real, distinct site features (buildings, graded lots) visible in satellite imagery rather than straddling roads. Known residual limitation: GCP street positions are centerline-based (matching OSM convention), while a block boundary should sit at the near curb, so any edge close to a GCP street can land a few meters into that street after transformation -- checked for and corrected on this block's street-facing edge(s) where applicable using this project's already-established grid bearing (356.5 deg) and, where available, an independently diagram-measured depth/width. Treat corrected vertex positions as accurate to roughly 10-15m (tighter than the original 8-24m transform, but still not survey-grade). RE-CORRECTED 2026-09-16 (same day, third pass): the independent per-block TPS re-trace (see above) still measured each block's own 4 corners in isolation, which -- despite using the same transform -- left small (3-12m) spurious gaps or misalignments at boundaries the diagram actually draws as shared or tightly-spaced between adjacent blocks (caught after the user pointed out the diagram itself has ~zero wasted space and specifically that the PG&E switchyard polygon sits directly against Block 5 in the diagram, not ~60m away as this dataset had it). Re-measured EVERY block's corners in a single consistent pass using programmatic black-pixel border detection (long contiguous runs = real borders, filtered from text/dimension-arrow strokes by requiring the run to span nearly the full block height/width), cross-validated with fine-pixel-gridline crops, so that shared or consistently-measured boundaries between neighboring blocks now come from the same underlying pixel measurements rather than independent eyeball estimates. Batch-transformed through the same GDAL/TPS fit as before. This pass also corrected several block extents that were measured imprecisely in the prior pass (e.g. Block 5's real stepped/notched south edge, Block 11's true position -- it does NOT sit flush against Block 15, there is real Power Station Park open space between them). GCP CORRECTION 2026-09-16 (fourth pass): user flagged that Block 8/12 should touch Delaware Street with park space between them, and that Block 3/4's shapes looked off -- investigation found the root cause was a single mis-measured ground control point. The 'Delaware St x Humboldt St' GCP used for the whole site's TPS transform had been placed at pixel (2227, 986), which is actually deep inside Building 9's own footprint in the diagram, not on Delaware Street at all -- confirmed by comparing pixel spacing between the three Humboldt-row GCPs (Maryland/Delaware/Georgia Lane): Maryland-to-Georgia-Lane's pixel:real-world ratio implied Delaware should sit at roughly pixel x=2020, not 2227, and a direct color-transition scan at y=986 confirmed the real street gap is at x=1994-2035. Corrected the GCP to (2015, 986) (same real-world coordinate, just the right pixel) and re-ran the TPS transform for the whole site. This produced large corrections concentrated exactly where the user's complaint pointed -- Block 4 shifted 33-60m, Block 3's east corners ~28-33m, Block 8's east corners ~29-31m, Block 12's east corners ~26-27m -- while blocks far from the error (5, 15, 7, 11, PG&E) shifted well under 5m, consistent with a localized GCP error rather than a global transform problem.", "accuracy_caveat": "APPROXIMATE -- this block is not yet built and does not correspond to any subdivided Assessor parcel: it currently sits on vacant/graded land within the former power station site (unaddressed in DataSF's Assessor roll). Traced from an adopted regulatory diagram via multi-point real-street georeferencing (see digitization_method), but this diagram is dated 2020 and may not reflect later design changes. Treat vertex positions as accurate to roughly 10-25m, not survey-grade. South edge corrected 2026-09-16 (second pass) using the source diagram's own measured depth rather than a satellite curb search (see digitization_method) -- the diagram-derived depth should be reliable to within a few meters, but this edge has NOT been independently confirmed against a visible real-world curb. This block's WEST-EAST WIDTH is also known to disagree with the diagram (~55m actual vs ~92m implied) and has NOT been corrected -- flagged as an open follow-up, not resolved. Rebuilt 2026-09-16 via GDAL GCP/TPS georeferencing -- see digitization_method. Re-measured 2026-09-16 (third pass) in a single consistent pixel-detection pass across the whole block layout -- see digitization_method. Re-corrected 2026-09-16 (fourth pass) after fixing a mis-measured GCP -- see digitization_method.", "why_no_real_parcel": "A real Assessor parcel may exist under this block (part of the site's larger, largely unaddressed footprint), but it has not been subdivided per the masterplan's individual named blocks -- this uses hand-traced approximate geometry instead.", "regulatory_context": "Flat 130 ft max height per Figure 6.2.3, within an 85-145 ft range sometimes cited secondhand. The D4D's Permitted Uses table confirms Lab/Life Science uses are permitted here (paired with Block 12 as a life-science campus in some secondary sources, combined at roughly 430,000 sq ft per a Keyser Marston Associates estimate -- notably less than a sometimes-cited '~500,000 GSF' figure). No source found specifically tying Herzog & de Meuron to this block (their confirmed Potrero work is Blocks 2 and 15/Station A). No construction-start source found.", "notes": "Approximate polygon for a real, D4D-adopted block -- see accuracy_caveat.", "images": [ ], "source_doc_urls": [ "https://default.sfplanning.org/plans-and-programs/plans-by-neighborhood/potrero-power-plant/potrero_power_D4D_draft-082219.pdf" ], "street_clip_exempt": null, "p_number": null }, "geometry": { "type": "Polygon", "coordinates": [ [ [ -122.383501, 37.75602 ], [ -122.383472017004451, 37.755707527079217 ], [ -122.383791986, 37.755705265 ], [ -122.383795215, 37.755705156 ], [ -122.384304469109551, 37.755674578727771 ], [ -122.384304617, 37.755674848 ], [ -122.384305115, 37.755675576 ], [ -122.384305681, 37.755676251 ], [ -122.384306312, 37.755676868 ], [ -122.384306999, 37.75567742 ], [ -122.384307737, 37.755677901 ], [ -122.384308519, 37.755678308 ], [ -122.384309337, 37.755678637 ], [ -122.384310184, 37.755678884 ], [ -122.38431105, 37.755679046 ], [ -122.384311928, 37.755679123 ], [ -122.38431281, 37.755679113 ], [ -122.384329832284109, 37.755678090405915 ], [ -122.384356, 37.755971 ], [ -122.383501, 37.75602 ] ] ] } },
{ "type": "Feature", "properties": { "project_name": "Potrero Power Station Block 12", "site": "Potrero Power Station", "status": "planned", "use": "commercial", "geometry_type": "approximate", "digitized_from": "Potrero Power Station Design for Development, Figure 6.2.3 - Building Height Plan (p.245).", "digitization_method": "Traced from the Potrero Power Station Design for Development's own Figure 6.2.3 (Building Height Plan, p.245) -- an adopted regulatory diagram with a printed scale bar, north arrow, and real street labels (Illinois St, Georgia St, Louisiana St, Maryland St, Delaware St, 22nd St, Humboldt St, 23rd St), not an illustrative rendering. Georeferenced using 9 real street-intersection control points fetched from OpenStreetMap via this project's own src/fetch_streets.py, fit as a least-squares affine transform. Residual error against those control points is roughly 8-24m. CORRECTED 2026-09-16: user-flagged check found this block (along with neighboring Block 11) still appearing to encroach on 23rd Street despite Block 11's building-overlap fix. This block's own south edge visually tracked a real curb reasonably well, but measuring the source diagram directly against its own printed scale bar showed this block's north-south depth should be about 30.8m (100px at ~0.99px/ft) -- its committed depth was 75m, more than DOUBLE that, meaning the original diagram-transform trace had a shape/scale error (not a curb-position error) inherited from the same transform issue found on Block 11. Rebuilt the south edge by keeping the north edge corners fixed and moving south exactly 30.8m along this project's established 356.5 deg grid bearing. This block's WIDTH (76.6m) already closely matches the diagram's own implied width (~72m) and was left unchanged. CORRECTED 2026-09-16: user-flagged pattern of blocks encroaching on real streets across the site (Block 3, Block 11, Block 12) led to rebuilding this whole block layer from scratch using proper GCP-based georeferencing (GDAL's gdaltransform with a thin-plate-spline transform, the same technique QGIS's Georeferencer uses) instead of patching individual curbs. Installed GDAL, computed 8 real street-intersection ground control points from OpenStreetMap data (Craig Lane x Maryland St, 22nd St x Maryland/Louisiana St, Humboldt St x Maryland/Delaware/Georgia Lane, 23rd St x Maryland/Georgia Lane), precisely located each in the source diagram (Figure 6.2.3) via programmatic black-pixel border detection cross-checked with visual ruler crops, and fit a TPS transform. Re-traced this block's own corner pixels the same way and ran them through the new transform. This corrected transform disagrees with the original 9-point affine transform by tens of meters in places -- e.g. it revealed the original trace had Blocks 3/4 shifted east into the excavation pit/street area, and Blocks 11/12 roughly 2x too deep -- and the new positions now land within real, distinct site features (buildings, graded lots) visible in satellite imagery rather than straddling roads. Known residual limitation: GCP street positions are centerline-based (matching OSM convention), while a block boundary should sit at the near curb, so any edge close to a GCP street can land a few meters into that street after transformation -- checked for and corrected on this block's street-facing edge(s) where applicable using this project's already-established grid bearing (356.5 deg) and, where available, an independently diagram-measured depth/width. Treat corrected vertex positions as accurate to roughly 10-15m (tighter than the original 8-24m transform, but still not survey-grade). RE-CORRECTED 2026-09-16 (same day, third pass): the independent per-block TPS re-trace (see above) still measured each block's own 4 corners in isolation, which -- despite using the same transform -- left small (3-12m) spurious gaps or misalignments at boundaries the diagram actually draws as shared or tightly-spaced between adjacent blocks (caught after the user pointed out the diagram itself has ~zero wasted space and specifically that the PG&E switchyard polygon sits directly against Block 5 in the diagram, not ~60m away as this dataset had it). Re-measured EVERY block's corners in a single consistent pass using programmatic black-pixel border detection (long contiguous runs = real borders, filtered from text/dimension-arrow strokes by requiring the run to span nearly the full block height/width), cross-validated with fine-pixel-gridline crops, so that shared or consistently-measured boundaries between neighboring blocks now come from the same underlying pixel measurements rather than independent eyeball estimates. Batch-transformed through the same GDAL/TPS fit as before. This pass also corrected several block extents that were measured imprecisely in the prior pass (e.g. Block 5's real stepped/notched south edge, Block 11's true position -- it does NOT sit flush against Block 15, there is real Power Station Park open space between them). GCP CORRECTION 2026-09-16 (fourth pass): user flagged that Block 8/12 should touch Delaware Street with park space between them, and that Block 3/4's shapes looked off -- investigation found the root cause was a single mis-measured ground control point. The 'Delaware St x Humboldt St' GCP used for the whole site's TPS transform had been placed at pixel (2227, 986), which is actually deep inside Building 9's own footprint in the diagram, not on Delaware Street at all -- confirmed by comparing pixel spacing between the three Humboldt-row GCPs (Maryland/Delaware/Georgia Lane): Maryland-to-Georgia-Lane's pixel:real-world ratio implied Delaware should sit at roughly pixel x=2020, not 2227, and a direct color-transition scan at y=986 confirmed the real street gap is at x=1994-2035. Corrected the GCP to (2015, 986) (same real-world coordinate, just the right pixel) and re-ran the TPS transform for the whole site. This produced large corrections concentrated exactly where the user's complaint pointed -- Block 4 shifted 33-60m, Block 3's east corners ~28-33m, Block 8's east corners ~29-31m, Block 12's east corners ~26-27m -- while blocks far from the error (5, 15, 7, 11, PG&E) shifted well under 5m, consistent with a localized GCP error rather than a global transform problem.", "accuracy_caveat": "APPROXIMATE -- this block is not yet built and does not correspond to any subdivided Assessor parcel: it currently sits on vacant/graded land within the former power station site (unaddressed in DataSF's Assessor roll). Traced from an adopted regulatory diagram via multi-point real-street georeferencing (see digitization_method), but this diagram is dated 2020 and may not reflect later design changes. Treat vertex positions as accurate to roughly 10-25m, not survey-grade. South edge corrected 2026-09-16 using the source diagram's own measured depth (see digitization_method) -- should be reliable to within a few meters, but has NOT been independently confirmed against a visible real-world curb. Rebuilt 2026-09-16 via GDAL GCP/TPS georeferencing -- see digitization_method. Re-measured 2026-09-16 (third pass) in a single consistent pixel-detection pass across the whole block layout -- see digitization_method. Re-corrected 2026-09-16 (fourth pass) after fixing a mis-measured GCP -- see digitization_method.", "why_no_real_parcel": "A real Assessor parcel may exist under this block (part of the site's larger, largely unaddressed footprint), but it has not been subdivided per the masterplan's individual named blocks -- this uses hand-traced approximate geometry instead.", "regulatory_context": "Flat 100 ft max height per Figure 6.2.3. Paired with Block 11 in some secondary sources as a combined life-science campus (see that entry for the combined GSF estimate). No construction-start source found.", "notes": "Approximate polygon for a real, D4D-adopted block -- see accuracy_caveat.", "images": [ ], "source_doc_urls": [ "https://default.sfplanning.org/plans-and-programs/plans-by-neighborhood/potrero-power-plant/potrero_power_D4D_draft-082219.pdf" ], "street_clip_exempt": null, "p_number": null }, "geometry": { "type": "Polygon", "coordinates": [ [ [ -122.382408, 37.756096 ], [ -122.382374689384719, 37.75576289384724 ], [ -122.382932149, 37.755729437 ], [ -122.382932151, 37.755729437 ], [ -122.38322650150171, 37.755711758487926 ], [ -122.383257, 37.756038 ], [ -122.382408, 37.756096 ] ] ] } },
{ "type": "Feature", "properties": { "project_name": "Potrero Power Station Block 13", "site": "Potrero Power Station", "status": "planned", "use": "mixed", "geometry_type": "approximate", "digitized_from": "Potrero Power Station Design for Development, Figure 6.2.3 - Building Height Plan (p.245).", "digitization_method": "Traced from the Potrero Power Station Design for Development's own Figure 6.2.3 (Building Height Plan, p.245) -- an adopted regulatory diagram with a printed scale bar, north arrow, and real street labels (Illinois St, Georgia St, Louisiana St, Maryland St, Delaware St, 22nd St, Humboldt St, 23rd St), not an illustrative rendering. Georeferenced using 9 real street-intersection control points fetched from OpenStreetMap via this project's own src/fetch_streets.py, fit as a least-squares affine transform. NOTE: an initial attempt also used the real, confirmed positions of the Sophie Maxwell Building and the UCSF Block 2 building as anchors, but they produced 50-60m of error against the street-only fit -- this diagram is dated Feb 26, 2020, predating UCSF's ~2023-24 arrival as a life-science anchor tenant, so those two real buildings likely do not sit where this 2020 figure's own numbered blocks would place them (their own real parcels are used directly elsewhere in this dataset and were NOT re-derived from this diagram). The final transform here uses street intersections only. Residual error against those control points is roughly 8-24m. Traced polygons were additionally clipped against the real, confirmed Sophie Maxwell and UCSF Block 2 parcels (and against Prequel Park's approximate geometry) so this speculative tracing never overrides real or better-sourced geometry. CORRECTED 2026-09-16: user-flagged pattern of blocks encroaching on real streets across the site (Block 3, Block 11, Block 12) led to rebuilding this whole block layer from scratch using proper GCP-based georeferencing (GDAL's gdaltransform with a thin-plate-spline transform, the same technique QGIS's Georeferencer uses) instead of patching individual curbs. Installed GDAL, computed 8 real street-intersection ground control points from OpenStreetMap data (Craig Lane x Maryland St, 22nd St x Maryland/Louisiana St, Humboldt St x Maryland/Delaware/Georgia Lane, 23rd St x Maryland/Georgia Lane), precisely located each in the source diagram (Figure 6.2.3) via programmatic black-pixel border detection cross-checked with visual ruler crops, and fit a TPS transform. Re-traced this block's own corner pixels the same way and ran them through the new transform. This corrected transform disagrees with the original 9-point affine transform by tens of meters in places -- e.g. it revealed the original trace had Blocks 3/4 shifted east into the excavation pit/street area, and Blocks 11/12 roughly 2x too deep -- and the new positions now land within real, distinct site features (buildings, graded lots) visible in satellite imagery rather than straddling roads. Known residual limitation: GCP street positions are centerline-based (matching OSM convention), while a block boundary should sit at the near curb, so any edge close to a GCP street can land a few meters into that street after transformation -- checked for and corrected on this block's street-facing edge(s) where applicable using this project's already-established grid bearing (356.5 deg) and, where available, an independently diagram-measured depth/width. Treat corrected vertex positions as accurate to roughly 10-15m (tighter than the original 8-24m transform, but still not survey-grade). RE-CORRECTED 2026-09-16 (same day, third pass): the independent per-block TPS re-trace (see above) still measured each block's own 4 corners in isolation, which -- despite using the same transform -- left small (3-12m) spurious gaps or misalignments at boundaries the diagram actually draws as shared or tightly-spaced between adjacent blocks (caught after the user pointed out the diagram itself has ~zero wasted space and specifically that the PG&E switchyard polygon sits directly against Block 5 in the diagram, not ~60m away as this dataset had it). Re-measured EVERY block's corners in a single consistent pass using programmatic black-pixel border detection (long contiguous runs = real borders, filtered from text/dimension-arrow strokes by requiring the run to span nearly the full block height/width), cross-validated with fine-pixel-gridline crops, so that shared or consistently-measured boundaries between neighboring blocks now come from the same underlying pixel measurements rather than independent eyeball estimates. Batch-transformed through the same GDAL/TPS fit as before. This pass also corrected several block extents that were measured imprecisely in the prior pass (e.g. Block 5's real stepped/notched south edge, Block 11's true position -- it does NOT sit flush against Block 15, there is real Power Station Park open space between them). GCP CORRECTION 2026-09-16 (fourth pass): user flagged that Block 8/12 should touch Delaware Street with park space between them, and that Block 3/4's shapes looked off -- investigation found the root cause was a single mis-measured ground control point. The 'Delaware St x Humboldt St' GCP used for the whole site's TPS transform had been placed at pixel (2227, 986), which is actually deep inside Building 9's own footprint in the diagram, not on Delaware Street at all -- confirmed by comparing pixel spacing between the three Humboldt-row GCPs (Maryland/Delaware/Georgia Lane): Maryland-to-Georgia-Lane's pixel:real-world ratio implied Delaware should sit at roughly pixel x=2020, not 2227, and a direct color-transition scan at y=986 confirmed the real street gap is at x=1994-2035. Corrected the GCP to (2015, 986) (same real-world coordinate, just the right pixel) and re-ran the TPS transform for the whole site. This produced large corrections concentrated exactly where the user's complaint pointed -- Block 4 shifted 33-60m, Block 3's east corners ~28-33m, Block 8's east corners ~29-31m, Block 12's east corners ~26-27m -- while blocks far from the error (5, 15, 7, 11, PG&E) shifted well under 5m, consistent with a localized GCP error rather than a global transform problem.", "accuracy_caveat": "APPROXIMATE -- this block is not yet built and does not correspond to any subdivided Assessor parcel: it currently sits on vacant/graded land within the former power station site (unaddressed in DataSF's Assessor roll). Traced from an adopted regulatory diagram via multi-point real-street georeferencing (see digitization_method), but this diagram is dated 2020 and may not reflect later design changes (as already found for the UCSF/Sophie Maxwell area -- see digitization_method). Treat vertex positions as accurate to roughly 10-25m, not survey-grade, and treat the block's applicability itself as somewhat more provisional than Mission Rock's or Pier 70's equivalent entries. Rebuilt 2026-09-16 via GDAL GCP/TPS georeferencing -- see digitization_method. Re-measured 2026-09-16 (third pass) in a single consistent pixel-detection pass across the whole block layout -- see digitization_method. Re-corrected 2026-09-16 (fourth pass) after fixing a mis-measured GCP -- see digitization_method.", "why_no_real_parcel": "A real Assessor parcel may exist under this block (part of the site's larger, largely unaddressed footprint), but it has not been subdivided per the masterplan's individual named blocks -- this uses hand-traced approximate geometry instead.", "regulatory_context": "The D4D's own Permitted Uses table shows Block 13 permits Residential, Institutional, Retail, Entertainment, AND PDR -- NOT limited to 'infrastructure, utility, and PDR preservation' as sometimes described secondhand. Figure 6.2.3 itself shows a notably tall envelope here: an 85 ft/125 ft base split with 300 ft and 280 ft max upper-height callouts on its two halves -- the tallest permitted heights found anywhere on this site, which is itself worth double-checking against a more current source before treating as final, since it doesn't match this block's 'infrastructure/utility' reputation in casual references at all. No construction-start source found.", "notes": "Approximate polygon for a real, D4D-adopted block -- see accuracy_caveat.", "images": [ ], "source_doc_urls": [ "https://default.sfplanning.org/plans-and-programs/plans-by-neighborhood/potrero-power-plant/potrero_power_D4D_draft-082219.pdf" ], "street_clip_exempt": null, "p_number": null }, "geometry": { "type": "Polygon", "coordinates": [ [ [ -122.38593, 37.757962 ], [ -122.385765, 37.756998 ], [ -122.386209715992734, 37.756958616843903 ], [ -122.387045260981722, 37.756913857131437 ], [ -122.387186, 37.757867 ], [ -122.38593, 37.757962 ] ] ] } },
{ "type": "Feature", "properties": { "project_name": "Potrero Power Station Block 14", "site": "Potrero Power Station", "status": "planned", "use": "mixed", "geometry_type": "approximate", "digitized_from": "Potrero Power Station Design for Development, Figure 6.2.3 - Building Height Plan (p.245).", "digitization_method": "Traced from the Potrero Power Station Design for Development's own Figure 6.2.3 (Building Height Plan, p.245) -- an adopted regulatory diagram with a printed scale bar, north arrow, and real street labels (Illinois St, Georgia St, Louisiana St, Maryland St, Delaware St, 22nd St, Humboldt St, 23rd St), not an illustrative rendering. Georeferenced using 9 real street-intersection control points fetched from OpenStreetMap via this project's own src/fetch_streets.py, fit as a least-squares affine transform. NOTE: an initial attempt also used the real, confirmed positions of the Sophie Maxwell Building and the UCSF Block 2 building as anchors, but they produced 50-60m of error against the street-only fit -- this diagram is dated Feb 26, 2020, predating UCSF's ~2023-24 arrival as a life-science anchor tenant, so those two real buildings likely do not sit where this 2020 figure's own numbered blocks would place them (their own real parcels are used directly elsewhere in this dataset and were NOT re-derived from this diagram). The final transform here uses street intersections only. Residual error against those control points is roughly 8-24m. Traced polygons were additionally clipped against the real, confirmed Sophie Maxwell and UCSF Block 2 parcels (and against Prequel Park's approximate geometry) so this speculative tracing never overrides real or better-sourced geometry. CORRECTED 2026-09-16: user-flagged pattern of blocks encroaching on real streets across the site (Block 3, Block 11, Block 12) led to rebuilding this whole block layer from scratch using proper GCP-based georeferencing (GDAL's gdaltransform with a thin-plate-spline transform, the same technique QGIS's Georeferencer uses) instead of patching individual curbs. Installed GDAL, computed 8 real street-intersection ground control points from OpenStreetMap data (Craig Lane x Maryland St, 22nd St x Maryland/Louisiana St, Humboldt St x Maryland/Delaware/Georgia Lane, 23rd St x Maryland/Georgia Lane), precisely located each in the source diagram (Figure 6.2.3) via programmatic black-pixel border detection cross-checked with visual ruler crops, and fit a TPS transform. Re-traced this block's own corner pixels the same way and ran them through the new transform. This corrected transform disagrees with the original 9-point affine transform by tens of meters in places -- e.g. it revealed the original trace had Blocks 3/4 shifted east into the excavation pit/street area, and Blocks 11/12 roughly 2x too deep -- and the new positions now land within real, distinct site features (buildings, graded lots) visible in satellite imagery rather than straddling roads. Known residual limitation: GCP street positions are centerline-based (matching OSM convention), while a block boundary should sit at the near curb, so any edge close to a GCP street can land a few meters into that street after transformation -- checked for and corrected on this block's street-facing edge(s) where applicable using this project's already-established grid bearing (356.5 deg) and, where available, an independently diagram-measured depth/width. Treat corrected vertex positions as accurate to roughly 10-15m (tighter than the original 8-24m transform, but still not survey-grade). RE-CHECKED 2026-09-16 (same day, second pass): this block's post-TPS shape failed this project's own geometry-quality check (a corner ~30 deg off square). Went back to the source diagram and found the discrepancy was a genuine mis-trace, not a transform artifact -- Block 14 has a real chamfered (angled) NE corner in the diagram, where its boundary is cut on a diagonal, and the first pass picked pixel points that didn't follow that diagonal correctly (grabbed a point off the true boundary). Re-measured the diagram directly with a fine-gridded pixel crop and re-ran the corrected 4 corners through the same TPS transform. The block's real shape is a quadrilateral with one long slanted edge (the chamfer), not a rectangle -- the non-square corner this produces is expected and correct, not an error. RE-RUN 2026-09-16 (fourth pass) after a mis-measured GCP was corrected elsewhere on this site (see Block 8/12's own digitization_method) -- this block sits far enough from that error that its position shifted well under 1m; re-run for consistency, not because it was wrong.", "accuracy_caveat": "APPROXIMATE -- this block is not yet built and does not correspond to any subdivided Assessor parcel: it currently sits on vacant/graded land within the former power station site (unaddressed in DataSF's Assessor roll). Traced from an adopted regulatory diagram via multi-point real-street georeferencing (see digitization_method), but this diagram is dated 2020 and may not reflect later design changes (as already found for the UCSF/Sophie Maxwell area -- see digitization_method). Treat vertex positions as accurate to roughly 10-25m, not survey-grade, and treat the block's applicability itself as somewhat more provisional than Mission Rock's or Pier 70's equivalent entries. Rebuilt 2026-09-16 via GDAL GCP/TPS georeferencing, then corrected same-day after a mis-traced chamfer corner was caught by this project's geometry-quality check -- see digitization_method. This block's NE corner is genuinely angled (chamfered) per the source diagram, not a tracing artifact -- do not treat that corner's non-90-degree angle as an error.", "why_no_real_parcel": "A real Assessor parcel may exist under this block (part of the site's larger, largely unaddressed footprint), but it has not been subdivided per the masterplan's individual named blocks -- this uses hand-traced approximate geometry instead.", "regulatory_context": "Flat 90 ft max height per Figure 6.2.3. Program/use not independently confirmed by any source found beyond this figure; recorded here as 'mixed' as a neutral default rather than guessing a specific use.", "notes": "Approximate polygon for a real, D4D-adopted block -- see accuracy_caveat.", "images": [ ], "source_doc_urls": [ "https://default.sfplanning.org/plans-and-programs/plans-by-neighborhood/potrero-power-plant/potrero_power_D4D_draft-082219.pdf" ], "street_clip_exempt": null, "p_number": null }, "geometry": { "type": "Polygon", "coordinates": [ [ [ -122.385634, 37.757985 ], [ -122.385233, 37.75765 ], [ -122.385626, 37.757619 ], [ -122.385692, 37.757981 ], [ -122.385634, 37.757985 ] ] ] } },
{ "type": "Feature", "properties": { "project_name": "Potrero Power Station Block 15 / Station A", "site": "Potrero Power Station", "status": "existing", "use": "commercial", "geometry_type": "approximate", "digitized_from": "Potrero Power Station Design for Development, Figure 6.2.3 - Building Height Plan (p.245).", "digitization_method": "Traced from the Potrero Power Station Design for Development's own Figure 6.2.3 (Building Height Plan, p.245) -- an adopted regulatory diagram with a printed scale bar, north arrow, and real street labels (Illinois St, Georgia St, Louisiana St, Maryland St, Delaware St, 22nd St, Humboldt St, 23rd St), not an illustrative rendering. Georeferenced using 9 real street-intersection control points fetched from OpenStreetMap via this project's own src/fetch_streets.py, fit as a least-squares affine transform. NOTE: an initial attempt also used the real, confirmed positions of the Sophie Maxwell Building and the UCSF Block 2 building as anchors, but they produced 50-60m of error against the street-only fit -- this diagram is dated Feb 26, 2020, predating UCSF's ~2023-24 arrival as a life-science anchor tenant, so those two real buildings likely do not sit where this 2020 figure's own numbered blocks would place them (their own real parcels are used directly elsewhere in this dataset and were NOT re-derived from this diagram). The final transform here uses street intersections only. Residual error against those control points is roughly 8-24m. Traced polygons were additionally clipped against the real, confirmed Sophie Maxwell and UCSF Block 2 parcels (and against Prequel Park's approximate geometry) so this speculative tracing never overrides real or better-sourced geometry. CORRECTED 2026-09-16: user-flagged pattern of blocks encroaching on real streets across the site (Block 3, Block 11, Block 12) led to rebuilding this whole block layer from scratch using proper GCP-based georeferencing (GDAL's gdaltransform with a thin-plate-spline transform, the same technique QGIS's Georeferencer uses) instead of patching individual curbs. Installed GDAL, computed 8 real street-intersection ground control points from OpenStreetMap data (Craig Lane x Maryland St, 22nd St x Maryland/Louisiana St, Humboldt St x Maryland/Delaware/Georgia Lane, 23rd St x Maryland/Georgia Lane), precisely located each in the source diagram (Figure 6.2.3) via programmatic black-pixel border detection cross-checked with visual ruler crops, and fit a TPS transform. Re-traced this block's own corner pixels the same way and ran them through the new transform. This corrected transform disagrees with the original 9-point affine transform by tens of meters in places -- e.g. it revealed the original trace had Blocks 3/4 shifted east into the excavation pit/street area, and Blocks 11/12 roughly 2x too deep -- and the new positions now land within real, distinct site features (buildings, graded lots) visible in satellite imagery rather than straddling roads. Known residual limitation: GCP street positions are centerline-based (matching OSM convention), while a block boundary should sit at the near curb, so any edge close to a GCP street can land a few meters into that street after transformation -- checked for and corrected on this block's street-facing edge(s) where applicable using this project's already-established grid bearing (356.5 deg) and, where available, an independently diagram-measured depth/width. Treat corrected vertex positions as accurate to roughly 10-15m (tighter than the original 8-24m transform, but still not survey-grade). RE-CORRECTED 2026-09-16 (same day, third pass): the independent per-block TPS re-trace (see above) still measured each block's own 4 corners in isolation, which -- despite using the same transform -- left small (3-12m) spurious gaps or misalignments at boundaries the diagram actually draws as shared or tightly-spaced between adjacent blocks (caught after the user pointed out the diagram itself has ~zero wasted space and specifically that the PG&E switchyard polygon sits directly against Block 5 in the diagram, not ~60m away as this dataset had it). Re-measured EVERY block's corners in a single consistent pass using programmatic black-pixel border detection (long contiguous runs = real borders, filtered from text/dimension-arrow strokes by requiring the run to span nearly the full block height/width), cross-validated with fine-pixel-gridline crops, so that shared or consistently-measured boundaries between neighboring blocks now come from the same underlying pixel measurements rather than independent eyeball estimates. Batch-transformed through the same GDAL/TPS fit as before. This pass also corrected several block extents that were measured imprecisely in the prior pass (e.g. Block 5's real stepped/notched south edge, Block 11's true position -- it does NOT sit flush against Block 15, there is real Power Station Park open space between them). GCP CORRECTION 2026-09-16 (fourth pass): user flagged that Block 8/12 should touch Delaware Street with park space between them, and that Block 3/4's shapes looked off -- investigation found the root cause was a single mis-measured ground control point. The 'Delaware St x Humboldt St' GCP used for the whole site's TPS transform had been placed at pixel (2227, 986), which is actually deep inside Building 9's own footprint in the diagram, not on Delaware Street at all -- confirmed by comparing pixel spacing between the three Humboldt-row GCPs (Maryland/Delaware/Georgia Lane): Maryland-to-Georgia-Lane's pixel:real-world ratio implied Delaware should sit at roughly pixel x=2020, not 2227, and a direct color-transition scan at y=986 confirmed the real street gap is at x=1994-2035. Corrected the GCP to (2015, 986) (same real-world coordinate, just the right pixel) and re-ran the TPS transform for the whole site. This produced large corrections concentrated exactly where the user's complaint pointed -- Block 4 shifted 33-60m, Block 3's east corners ~28-33m, Block 8's east corners ~29-31m, Block 12's east corners ~26-27m -- while blocks far from the error (5, 15, 7, 11, PG&E) shifted well under 5m, consistent with a localized GCP error rather than a global transform problem.", "accuracy_caveat": "APPROXIMATE -- this block is not yet built and does not correspond to any subdivided Assessor parcel: it currently sits on vacant/graded land within the former power station site (unaddressed in DataSF's Assessor roll). Traced from an adopted regulatory diagram via multi-point real-street georeferencing (see digitization_method), but this diagram is dated 2020 and may not reflect later design changes (as already found for the UCSF/Sophie Maxwell area -- see digitization_method). Treat vertex positions as accurate to roughly 10-25m, not survey-grade, and treat the block's applicability itself as somewhat more provisional than Mission Rock's or Pier 70's equivalent entries. Rebuilt 2026-09-16 via GDAL GCP/TPS georeferencing -- see digitization_method. Re-measured 2026-09-16 (third pass) in a single consistent pixel-detection pass across the whole block layout -- see digitization_method. Re-corrected 2026-09-16 (fourth pass) after fixing a mis-measured GCP -- see digitization_method.", "why_no_real_parcel": "A real Assessor parcel may exist under this block (part of the site's larger, largely unaddressed footprint), but it has not been subdivided per the masterplan's individual named blocks -- this uses hand-traced approximate geometry instead.", "regulatory_context": "Station A: the site's historic 1901 unreinforced-brick turbine hall, standing vacant/unused. Adaptive reuse into ~403,750 GSF office/R&D (plus 16,225 sf of terraces and a public 'Turbine Hall'/mid-block passage to Power Station Park) via 8 new floors built above the retained historic shell, designed by Herzog & de Meuron with Adamson Associates, approved by the SF Planning Commission Oct 22, 2020 -- all confirmed directly against the actual Planning Commission approval packet. Max height 205 ft (historic base + addition). Construction had NOT started as of an August 2025 source -- the site's flagship preservation project, reversing an original demolition plan after Historic Preservation Commission/SF Heritage advocacy.", "notes": "Approximate polygon for a real, D4D-adopted block -- see accuracy_caveat.", "images": [ ], "source_doc_urls": [ "https://default.sfplanning.org/plans-and-programs/plans-by-neighborhood/potrero-power-plant/potrero_power_D4D_draft-082219.pdf" ], "street_clip_exempt": null, "p_number": null }, "geometry": { "type": "Polygon", "coordinates": [ [ [ -122.384656, 37.756883 ], [ -122.384540848441972, 37.755665413853635 ], [ -122.384925842145748, 37.755642285800967 ], [ -122.385041743596659, 37.756858951147343 ], [ -122.384656, 37.756883 ] ] ] } },
{ "type": "Feature", "properties": { "project_name": "Potrero Power Station Block 8", "site": "Potrero Power Station", "status": "planned", "use": "residential", "geometry_type": "approximate", "digitized_from": "Potrero Power Station Design for Development, Figure 6.2.3 - Building Height Plan (p.245).", "digitization_method": "Traced from the Potrero Power Station Design for Development's own Figure 6.2.3 (Building Height Plan, p.245) -- an adopted regulatory diagram with a printed scale bar, north arrow, and real street labels (Illinois St, Georgia St, Louisiana St, Maryland St, Delaware St, 22nd St, Humboldt St, 23rd St), not an illustrative rendering. Georeferenced using 9 real street-intersection control points fetched from OpenStreetMap via this project's own src/fetch_streets.py, fit as a least-squares affine transform (the same transform used for this site's other blocks -- see e.g. Block 11's entry for the full discussion of why real-building anchors were tried and discarded for this particular site). Residual error against the fitted control points is roughly 8-24m. ADDED 2026-09-14: this block was accidentally omitted from the initial pass through Figure 6.2.3 -- Blocks 1, 3, 4, 5, 9, 11, 12, 13, 14, 15, and the remainder of Block 7 were traced and added, but Block 8 (positioned between them, south of Humboldt St) was skipped by oversight. Traced polygon additionally clipped against the real, confirmed Sophie Maxwell and UCSF Block 2 parcels and Prequel Park's approximate geometry, per this project's standard practice. CORRECTED 2026-09-16: user-flagged pattern of blocks encroaching on real streets across the site (Block 3, Block 11, Block 12) led to rebuilding this whole block layer from scratch using proper GCP-based georeferencing (GDAL's gdaltransform with a thin-plate-spline transform, the same technique QGIS's Georeferencer uses) instead of patching individual curbs. Installed GDAL, computed 8 real street-intersection ground control points from OpenStreetMap data (Craig Lane x Maryland St, 22nd St x Maryland/Louisiana St, Humboldt St x Maryland/Delaware/Georgia Lane, 23rd St x Maryland/Georgia Lane), precisely located each in the source diagram (Figure 6.2.3) via programmatic black-pixel border detection cross-checked with visual ruler crops, and fit a TPS transform. Re-traced this block's own corner pixels the same way and ran them through the new transform. This corrected transform disagrees with the original 9-point affine transform by tens of meters in places -- e.g. it revealed the original trace had Blocks 3/4 shifted east into the excavation pit/street area, and Blocks 11/12 roughly 2x too deep -- and the new positions now land within real, distinct site features (buildings, graded lots) visible in satellite imagery rather than straddling roads. Known residual limitation: GCP street positions are centerline-based (matching OSM convention), while a block boundary should sit at the near curb, so any edge close to a GCP street can land a few meters into that street after transformation -- checked for and corrected on this block's street-facing edge(s) where applicable using this project's already-established grid bearing (356.5 deg) and, where available, an independently diagram-measured depth/width. Treat corrected vertex positions as accurate to roughly 10-15m (tighter than the original 8-24m transform, but still not survey-grade). RE-CORRECTED 2026-09-16 (same day, third pass): the independent per-block TPS re-trace (see above) still measured each block's own 4 corners in isolation, which -- despite using the same transform -- left small (3-12m) spurious gaps or misalignments at boundaries the diagram actually draws as shared or tightly-spaced between adjacent blocks (caught after the user pointed out the diagram itself has ~zero wasted space and specifically that the PG&E switchyard polygon sits directly against Block 5 in the diagram, not ~60m away as this dataset had it). Re-measured EVERY block's corners in a single consistent pass using programmatic black-pixel border detection (long contiguous runs = real borders, filtered from text/dimension-arrow strokes by requiring the run to span nearly the full block height/width), cross-validated with fine-pixel-gridline crops, so that shared or consistently-measured boundaries between neighboring blocks now come from the same underlying pixel measurements rather than independent eyeball estimates. Batch-transformed through the same GDAL/TPS fit as before. This pass also corrected several block extents that were measured imprecisely in the prior pass (e.g. Block 5's real stepped/notched south edge, Block 11's true position -- it does NOT sit flush against Block 15, there is real Power Station Park open space between them). GCP CORRECTION 2026-09-16 (fourth pass): user flagged that Block 8/12 should touch Delaware Street with park space between them, and that Block 3/4's shapes looked off -- investigation found the root cause was a single mis-measured ground control point. The 'Delaware St x Humboldt St' GCP used for the whole site's TPS transform had been placed at pixel (2227, 986), which is actually deep inside Building 9's own footprint in the diagram, not on Delaware Street at all -- confirmed by comparing pixel spacing between the three Humboldt-row GCPs (Maryland/Delaware/Georgia Lane): Maryland-to-Georgia-Lane's pixel:real-world ratio implied Delaware should sit at roughly pixel x=2020, not 2227, and a direct color-transition scan at y=986 confirmed the real street gap is at x=1994-2035. Corrected the GCP to (2015, 986) (same real-world coordinate, just the right pixel) and re-ran the TPS transform for the whole site. This produced large corrections concentrated exactly where the user's complaint pointed -- Block 4 shifted 33-60m, Block 3's east corners ~28-33m, Block 8's east corners ~29-31m, Block 12's east corners ~26-27m -- while blocks far from the error (5, 15, 7, 11, PG&E) shifted well under 5m, consistent with a localized GCP error rather than a global transform problem.", "accuracy_caveat": "APPROXIMATE -- this block is not yet built and does not correspond to any subdivided Assessor parcel: it currently sits on vacant/graded land within the former power station site (unaddressed in DataSF's Assessor roll). Traced from an adopted regulatory diagram via multi-point real-street georeferencing (see digitization_method), but this diagram is dated Feb 2020 and may not reflect later design changes (as already found for the adjacent UCSF/Sophie Maxwell area). Treat vertex positions as accurate to roughly 10-25m, not survey-grade. Rebuilt 2026-09-16 via GDAL GCP/TPS georeferencing -- see digitization_method. Re-measured 2026-09-16 (third pass) in a single consistent pixel-detection pass across the whole block layout -- see digitization_method. Re-corrected 2026-09-16 (fourth pass) after fixing a mis-measured GCP -- see digitization_method.", "why_no_real_parcel": "A real Assessor parcel may exist under this block (part of the site's larger, largely unaddressed footprint), but it has not been subdivided per the masterplan's individual named blocks -- this uses hand-traced approximate geometry instead.", "regulatory_context": "Figure 6.2.3 shows Block 8 with a split height: 90 ft (base, small corner) / 125 ft / 85 ft across its width -- the D4D's Permitted Uses table confirms residential is permitted here. Foster + Partners-designed residential building per press coverage, warm metallic patina and rhythmic facade modulation facing Power Station Park per some sources; unit count reported inconsistently across sources (249 vs. 339 vs. a separately-cited 355 units in one SF OEWD pipeline-forecast document, est. start Mar 2027-end May 2029, ~$275M) and height reported inconsistently too (140 ft vs. 156 ft in different press articles) -- confirmed as of a Feb 2026 source that construction had not started.", "notes": "Approximate polygon for a real, D4D-adopted block -- see accuracy_caveat.", "images": [ ], "source_doc_urls": [ "https://default.sfplanning.org/plans-and-programs/plans-by-neighborhood/potrero-power-plant/potrero_power_D4D_draft-082219.pdf" ], "street_clip_exempt": null, "p_number": null }, "geometry": { "type": "Polygon", "coordinates": [ [ [ -122.3825, 37.757005 ], [ -122.382443, 37.756421 ], [ -122.383291, 37.756365 ], [ -122.383351, 37.756954 ], [ -122.3825, 37.757005 ] ] ] } },
{ "type": "Feature", "properties": { "project_name": "PG&E Switchyard (retained, not part of redevelopment)", "site": "Potrero Power Station", "status": "existing", "use": "commercial", "geometry_type": "approximate", "digitized_from": "Potrero Power Station Design for Development, Figure 6.2.3 - Building Height Plan (p.245).", "digitization_method": "Figure 6.2.3 itself labels a large blank area west of Illinois Street, outside its own dash-dot 'Project Site Boundary' line, as 'SWITCHYARDS (PG&E)' -- explicitly marking it as PG&E-retained land excluded from the D4D redevelopment (consistent with public reporting that PG&E retains an active electrical switchyard here and it was not included in the site sale). This polygon traces the full blank rectangular area shown on the diagram (bounded by 3rd St, Illinois St, 22nd St, and 23rd St), georeferenced using the same 8-point affine transform used for this site's open-space entries (Block 1 and Block 12 corners; residual error 15-24m). OVERLAP FIX 2026-09-14: Clipped against Block 13 -- resolved a 5225 m2 overlap found in a project-wide overlap audit; Block 13 (a numbered D4D block) takes priority over this switchyard marker's own already-acknowledged low-confidence placement. OVERLAP RE-FIX 2026-09-16: Block 13 was rebuilt via GDAL GCP/TPS georeferencing (see that block's own digitization_method) and its west edge shifted, re-creating a small (~143 m2) overlap with this polygon at Block 13's SW corner. Re-clipped against Block 13's new geometry -- same precedence rule as the 2026-09-14 fix (Block 13, a numbered D4D block, takes priority over this switchyard marker's own already-acknowledged low-confidence placement). Removed 0.24% of this polygon's area. REPOSITIONED 2026-09-16: the user flagged that the D4D diagram shows the switchyards directly adjacent to Block 5 (sharing a boundary, not separated by any street), while this polygon's east edge sat roughly 60m west of Block 5's new TPS-derived position -- a real positioning error, not just a scale issue. Went back to the diagram with precise pixel measurement (programmatic black-pixel border detection): the 'SWITCHYARDS (PG&E)' label and its dash-dot Project Site Boundary actually start at the same north-south line as Humboldt Street (aligned with Block 13's south edge), NOT as far north as 22nd Street as the original digitization_method claimed -- that over-extension northward is also why this polygon kept needing to be re-clipped against Block 13 after every Block 13 geometry update. The diagram's true switchyard boundary is a small notched/stepped shape hugging Block 5's own west and south edges; simplified here to a clean rectangle sharing Block 5's exact west edge (so they genuinely touch, matching the diagram) and bounded north by the Humboldt St line, south by 23rd St, west by Illinois St -- dropping a ~15m-wide, minor notch near the NW corner for simplicity. This also shrinks the polygon from the previous ~13-acre box down to roughly the diagram's true footprint (closer to the ~4.8-acre real switchyard size cited in public reporting -- see below), so it should now double as a materially better area estimate too, though it's still a diagram-shaped placeholder, not a surveyed fenceline. RE-RUN 2026-09-16 (fourth pass) after correcting a mis-measured GCP elsewhere on this site (see Block 8/12's digitization_method) -- this polygon shifted a few meters, well within its already-stated low-confidence tolerance; Block 5 shifted by a similar small amount, so they remain in contact. RESHAPED 2026-09-16 (fifth pass): user pointed out the switchyard should stretch to the corner of 23rd Street and Georgia Lane per the diagram -- re-examining the same pixel crop used for the fourth-pass reposition showed the dash-dot Project Site Boundary does NOT stop at Block 5's own south edge (where the prior pass's simplified rectangle stopped); it continues south along Block 5's east edge all the way to 23rd Street, meaning the switchyard also wraps around Block 5's south side, not just its west side. Rebuilt as a 9-vertex polygon: the north and west edges are unchanged, but it now follows Block 5's own west-then-south boundary (reusing Block 5's already-committed vertices directly, so it shares an exact edge and cannot overlap Block 5) out to Block 5's own SE corner, then drops straight down to 23rd Street, then back west to close. Block 5's SE corner lands within real Georgia Lane's own OSM-measured longitude range, confirming this reaches that corner as the user described. This also happens to bring the polygon's area to ~4.6 acres, very close to the ~4.8-acre real switchyard size cited in public reporting -- a good independent sanity check, though still coincidental rather than a survey match.", "accuracy_caveat": "LOW CONFIDENCE, DIRECTIONAL ONLY -- this is a materially weaker approximation than this site's numbered blocks. Public reporting describes PG&E's retained switchyard as a ~4.8 acre parcel at the corner of 22nd and Illinois; earlier passes of this polygon ranged from ~13 acres down to a simplified ~rectangle -- this reshaped version (see digitization_method) is now ~4.6 acres, close to that figure. The D4D diagram does not further subdivide this area (it is entirely outside the project site boundary, so the D4D had no reason to draw its actual fenceline), so the true switchyard footprint may still differ in detail from this trace. Treat this polygon as marking the correct general block and rough shape (including wrapping around Block 5's south side to 23rd St/Georgia Lane), not the switchyard's real surveyed boundary.", "why_no_real_parcel": "No DataSF Assessor parcel search (by address, by zoning code, or by proximity) turned up a distinctly-shaped, plausibly-switchyard-sized real parcel here -- parcels.geojson's records in this area are either large undifferentiated placeholder shapes (shared across many of this site's D4D blocks, per this dataset's other Potrero entries) or small unrelated lots. Real ownership and the 'not part of the sale' status are well-documented in secondary sources, but a precise Assessor-parcel-level boundary was not found.", "regulatory_context": "PG&E's electrical switchyard, serving the wider grid, at approximately 22nd St and Illinois St. Explicitly NOT part of the Potrero Power Station redevelopment site or its 2020 D4D -- retained by PG&E when the former power plant property was sold for redevelopment. Recorded as status='existing' (a real, active utility use, not something this masterplan touches).", "notes": "Directional placeholder only -- see accuracy_caveat. Do not treat the polygon shape as the switchyard's real fenceline.", "images": [ ], "source_doc_urls": "['https://default.sfplanning.org/plans-and-programs/plans-by-neighborhood/potrero-power-plant/potrero_power_D4D_draft-082219.pdf'\n 'https://ia.cpuc.ca.gov/environment/info/esa/divest-pge-two/eir/chapters/02-projd.htm']", "street_clip_exempt": null, "p_number": null }, "geometry": { "type": "Polygon", "coordinates": [ [ [ -122.38604, 37.756772 ], [ -122.385963, 37.756091 ], [ -122.385432, 37.756128 ], [ -122.385423, 37.756024 ], [ -122.385118, 37.756043 ], [ -122.385118, 37.755630742139523 ], [ -122.386943672, 37.755521067 ], [ -122.386944304, 37.755521034 ], [ -122.386944901, 37.75552101 ], [ -122.386945499, 37.755520995 ], [ -122.386946101, 37.755520988 ], [ -122.386946701, 37.75552099 ], [ -122.386947301, 37.755520999 ], [ -122.386947901, 37.755521017 ], [ -122.386948497, 37.755521044 ], [ -122.386949095, 37.755521079 ], [ -122.386949693, 37.755521121 ], [ -122.386950289, 37.755521173 ], [ -122.386950884, 37.755521232 ], [ -122.386951477, 37.7555213 ], [ -122.386952066, 37.755521375 ], [ -122.386952654, 37.755521459 ], [ -122.386953241, 37.755521551 ], [ -122.386953825, 37.755521651 ], [ -122.386954406, 37.755521759 ], [ -122.386954981, 37.755521874 ], [ -122.386955557, 37.755521998 ], [ -122.386956129, 37.75552213 ], [ -122.386956693, 37.755522268 ], [ -122.386957258, 37.755522416 ], [ -122.386957819, 37.75552257 ], [ -122.386958372, 37.755522732 ], [ -122.386958922, 37.755522901 ], [ -122.386959469, 37.755523078 ], [ -122.386960009, 37.755523261 ], [ -122.386960545, 37.755523452 ], [ -122.386961077, 37.755523651 ], [ -122.386961603, 37.755523856 ], [ -122.38696212, 37.755524067 ], [ -122.386962634, 37.755524286 ], [ -122.386963143, 37.755524511 ], [ -122.386963643, 37.755524742 ], [ -122.386964142, 37.755524981 ], [ -122.386964629, 37.755525225 ], [ -122.38696511, 37.755525474 ], [ -122.386965586, 37.755525731 ], [ -122.386966055, 37.755525993 ], [ -122.386966515, 37.75552626 ], [ -122.386966969, 37.755526534 ], [ -122.386967417, 37.755526814 ], [ -122.386967856, 37.755527097 ], [ -122.386968286, 37.755527386 ], [ -122.386968711, 37.755527681 ], [ -122.386969125, 37.755527978 ], [ -122.386969533, 37.755528283 ], [ -122.386969934, 37.755528592 ], [ -122.386970324, 37.755528903 ], [ -122.386970708, 37.75552922 ], [ -122.386971081, 37.755529541 ], [ -122.386971448, 37.755529866 ], [ -122.386971805, 37.755530193 ], [ -122.386972152, 37.755530525 ], [ -122.386972494, 37.755530861 ], [ -122.386972824, 37.755531199 ], [ -122.386973147, 37.755531541 ], [ -122.386973461, 37.755531886 ], [ -122.386973765, 37.755532235 ], [ -122.386974062, 37.755532586 ], [ -122.386974346, 37.755532934 ], [ -122.386974622, 37.755533289 ], [ -122.386974893, 37.755533649 ], [ -122.386975153, 37.755534008 ], [ -122.386975403, 37.755534369 ], [ -122.386975645, 37.755534733 ], [ -122.386975877, 37.755535097 ], [ -122.386976099, 37.755535461 ], [ -122.386976312, 37.755535828 ], [ -122.386976519, 37.755536199 ], [ -122.386976715, 37.755536568 ], [ -122.3869769, 37.755536937 ], [ -122.386977079, 37.75553731 ], [ -122.386977249, 37.755537684 ], [ -122.386977409, 37.755538056 ], [ -122.38697756, 37.75553843 ], [ -122.386977704, 37.755538807 ], [ -122.386977837, 37.75553918 ], [ -122.386977961, 37.755539553 ], [ -122.386978079, 37.755539932 ], [ -122.386978187, 37.755540309 ], [ -122.386978286, 37.755540685 ], [ -122.386978377, 37.755541064 ], [ -122.386978459, 37.755541439 ], [ -122.386978533, 37.755541817 ], [ -122.386978599, 37.755542194 ], [ -122.386978655, 37.755542571 ], [ -122.386978705, 37.755542952 ], [ -122.386978746, 37.75554334 ], [ -122.387089922878346, 37.756688933424527 ], [ -122.38604, 37.756772 ] ] ] } },
{ "type": "Feature", "properties": { "project_name": "The Stack (Unit 3 smokestack) -- existing structure", "site": "Potrero Power Station", "status": "existing", "use": "entertainment", "geometry_type": "approximate", "digitized_from": "Potrero Power Station Design for Development, Figure 6.2.3 - Building Height Plan (p.245).", "digitization_method": "Traced from the Potrero Power Station Design for Development's own Figure 6.2.3 (Building Height Plan, p.245), which labels this feature directly (not inferred). Georeferenced using an affine transform fit from 8 control points -- the 4 real-world corners of Block 1 and the 4 real-world corners of Block 12 (both already independently traced and committed elsewhere in this dataset), matched to their pixel positions in this same diagram. Residual error against those 8 control points is roughly 15-24m, consistent with this site's other entries. This is a DIFFERENT (but equivalent-precision) point set than the 9 street-intersection points used for Blocks 1-15 -- both were derived from the same source diagram. CORRECTED 2026-09-16: user-flagged visual check found this marker sitting in the bay, roughly 120m from the real stack -- far beyond this entry's own stated 15-25m transform tolerance, so likely a control-point or corner-reading error rather than ordinary transform noise. Located the real stack directly in satellite imagery instead of trusting the diagram transform: at this zoom/provider, the ~300ft stack is tall enough that Esri's imagery (not true-nadir here) shows it 'leaning' -- a long tapering dark shape roughly 100m long running from its true ground base (against the old Unit 3 power block's surviving equipment/frames) to its own flue opening, which is directly visible as a distinct circular rim at the far end of that lean. Identified the ground base as the point where the lean originates at the equipment cluster, at (-122.3818588, 37.7564147), and centered a new same-size (~20m) marker square there. This is a materially larger correction (~120m) than this dataset's usual 15-25m tolerance band, so don't assume other entries sharing this same 8-point transform have similarly large errors -- this one was caught precisely because the stack is visually unmistakable (a literal hole in the roof of the imagery), which most other traced features are not. RE-CORRECTED 2026-09-16 (same day, second pass): user pushed back on the 'leaning tower/parallax' explanation above with a fresh screenshot pointing directly at the visible feature, identifying it as a fallen/lowered stack lying on the ground -- not an upright tower photographed at an angle. On closer inspection this reading fits the image better: the elongated shape has a consistent width along its whole length, a distinct rounded rim at its far (south) end matching a flue opening now lying at grade, and no consistent shadow offset you'd expect from a true parallax lean. Rebuilt this polygon as a long, narrow quadrilateral tracing the full visible fallen structure (via a precise lon/lat grid overlaid on the same satellite render) from where it emerges near the old equipment cluster (~-122.38196, 37.75608) down to the round open end (~-122.38178, 37.75570) -- roughly 45m long -- rather than a small square at one end. This supersedes the previous pass's 'base point' reasoning; if this is later found to be wrong too, don't re-derive a base/lean theory again without directly consulting current, high-resolution satellite imagery.", "accuracy_caveat": "APPROXIMATE -- Figure 6.2.3 marks this with a single point symbol and the label 'STACK / EXISTING STRUCTURE (~300')', not a footprint outline, but this polygon has been rebuilt 2026-09-16 (second pass) to trace the structure's actual visible footprint in satellite imagery (a fallen/lowered stack lying on the ground) rather than a diagram-derived placeholder. Treat as accurate to roughly 5-10m -- limited mainly by how precisely the lon/lat grid overlay could be read against the image, not by diagram-transform error.", "why_no_real_parcel": "This is an existing structure without its own subdivided Assessor parcel -- it sits within the larger, largely unaddressed former power-station site.", "regulatory_context": "The historic ~300 ft tall smokestack from the power station's Unit 3 generating block, explicitly called out on the D4D's own Figure 6.2.3 as an 'Existing Structure' the plan retains (unlike the rest of the demolished power block) -- a literal, physical landmark left standing amid the redevelopment, sitting within Block 9's mapped development envelope (see potrero_block_9.geojson) at the site's waterfront edge. The Block 9 Building Configurations inset on the same figure shows two alternate massing options labeled 'WITH UNIT 3' and 'WITHOUT UNIT 3' -- suggesting the adjacent Unit 3 power block building (distinct from the Stack itself) may or may not be retained; the diagram does not draw Unit 3's own footprint distinctly enough to trace separately, so it is not mapped here as its own feature.", "notes": "Point/marker feature traced from Figure 6.2.3 -- see accuracy_caveat. Not a true footprint.", "images": [ ], "source_doc_urls": [ "https://default.sfplanning.org/plans-and-programs/plans-by-neighborhood/potrero-power-plant/potrero_power_D4D_draft-082219.pdf" ], "street_clip_exempt": null, "p_number": null }, "geometry": { "type": "Polygon", "coordinates": [ [ [ -122.38191, 37.75609 ], [ -122.38175, 37.7557 ], [ -122.38183, 37.75568 ], [ -122.382, 37.75606 ], [ -122.38191, 37.75609 ] ] ] } },
{ "type": "Feature", "properties": { "project_name": "Power Station Park", "site": "Potrero Power Station", "status": "planned", "use": "park", "geometry_type": "approximate", "digitized_from": "Potrero Power Station Design for Development, Figure 6.2.3 - Building Height Plan (p.245).", "digitization_method": "Traced from the Potrero Power Station Design for Development's own Figure 6.2.3 (Building Height Plan, p.245), which labels this feature directly (not inferred). Georeferenced using an affine transform fit from 8 control points -- the 4 real-world corners of Block 1 and the 4 real-world corners of Block 12 (both already independently traced and committed elsewhere in this dataset), matched to their pixel positions in this same diagram. Residual error against those 8 control points is roughly 15-24m, consistent with this site's other entries. This is a DIFFERENT (but equivalent-precision) point set than the 9 street-intersection points used for Blocks 1-15 -- both were derived from the same source diagram. CORRECTED 2026-09-16: user-flagged visual check found this polygon crossing back and forth over the same real paved road (Maryland Street) identified and fixed on Potrero Power Station Block 3 (see that file's digitization_method for the full curb-finding method) -- a thin north-south finger of this polygon ran right down the middle of the road next to the site office building, and the polygon's southern boundary crossed the road again further south. FIRST PASS (superseded): measured this stretch's own west and east curb points independently (two points per curb, 47m apart) and derived each curb's own bearing from its own two points -- produced curbs 1.7 degrees off-parallel from each other. SECOND PASS (superseded): reused Block 3's own directly-measured curb bearing (168.9 deg), reasoning it was the same physical street. THIRD PASS: user re-flagged the result as still not parallel to the road. Root cause found: Block 3's own 168.9 deg bearing (from the SECOND PASS) was itself wrong -- derived from only a 45m baseline, it violates this project's own bearing_trace.py guidance against narrow-baseline bearings. Checked it against three independent long-baseline references that all agreed with each other within 1 degree: the real OSM Maryland Street geometry itself (already sitting unused in data/raw/streets.geojson, bearing ~355 deg over multiple segments spanning both Block 3's and this polygon's latitude ranges, and ~355.3 deg over its full 220m length), and Pier 70's already-validated site grid bearing (356.5 deg, SITE_BEARINGS in bearing_trace.py) -- both point to ~356 deg, not 168.9/348.9 deg, a real 7-degree miss that the project's own check_bearing_sane() helper would have flagged immediately had it been run. Rebuilt the ribbon using 356.5 deg (this project's established Potrero/Pier 70 grid bearing) through the same directly-measured curb points from the second pass, extended 80m past them, and re-subtracted from the ORIGINAL (pre-any-clip) polygon via shapely's difference() -- removed about 20% of the polygon's area. Lesson for this dataset: added 'potrero': 356.5 to SITE_BEARINGS in bearing_trace.py so future bearing measurements at this site get sanity-checked automatically instead of relying on a fresh, possibly narrow-baseline read. FOURTH PASS: user pointed out the polygon's north and south caps (the two short segments connecting the new street-edge cut back to the rest of the park, next to the site office building and near the bottom of the L-shape) weren't perpendicular to the street -- both were leftover from the original diagram transform and had never been touched by any of the street-crossing passes above. Measured: north cap ran at 80.8 deg, south cap at 260.8 deg, both off by 5.7 deg from the correct perpendicular (86.5/266.5, i.e. 90 deg off the established 356.5 deg grid). Fixed by keeping the street-edge (ribbon-cut) endpoint of each cap fixed and rotating the other endpoint onto the perpendicular bearing, preserving each segment's original length (a 2.6-3.7m shift) -- a targeted local correction rather than a global re-trace, since only these two segments were flagged and the rest of the polygon's shape (against Blocks 7/8/9/11/12) has not been independently re-verified. REBUILT 2026-09-16: user-flagged that the diagram shows this park sharing sides directly with Blocks 7 and 11 (and, per the same diagram crop, 8 and 12 too), with zero gap -- this polygon's prior boundary (itself a MultiPolygon that had accumulated ~200 vertices across four rounds of street-crossing/perpendicularity patches) sat 5-21m away from Blocks 8/11/12 after those blocks were re-measured in the 2026-09-16 pixel pass, since this park file was never touched in that pass. A fresh pixel check of the diagram (crop of the Block 7/8/11/12/park area) confirmed the park is one simple contiguous rectangle bounded exactly by those four blocks -- Maryland Street does not continue south of Humboldt's row into this space in the plan. Replaced the whole accumulated shape with a clean quadrilateral built directly from Block 7's SW corner, Block 8's SE corner, Block 12's NE corner, and Block 11's NW corner (the exact, already-committed coordinates from those four files' own 2026-09-16 re-measurement), so the park now shares an exact vertex with each of the four blocks by construction rather than by a separate, error-prone measurement. This drops the old file's hard-won manual fix for a real paved road (Maryland Street, or a site access road) that currently physically cuts through part of this still-undeveloped area -- rather than re-deriving that by hand again, this now relies on this project's own standard src/join_approximate.py street-clipping step (already applied to every approximate polygon in this dataset) to automatically cut out any real, currently-mapped street from the published layer. The org's own build log should show the resulting clipped percentage. REFINED 2026-09-16 (same day, second pass): the first rebuild (4-corner quadrilateral) created small (20-40 m2) slivers of overlap with Block 7 and Block 8, because a straight line from Block 7's SW corner to Block 8's SE corner cuts across the small real jog between those two blocks' own bottom edges rather than following them. Switched to an 8-vertex polygon that walks Block 7's own SW-to-SE edge, then Block 8's own SW-to-SE edge, then down to Block 12's NE-to-NW edge, then Block 11's own NE-to-NW edge, and back -- using only coordinates already committed in those 4 blocks' own files, so the park's boundary now coincides exactly with each block's real edge with zero overlap and zero gap by construction. REFINED 2026-09-16 (same day, second pass): the first rebuild (4-corner quadrilateral) created small (20-40 m2) slivers of overlap with Block 7 and Block 8, because a straight line from Block 7's SW corner to Block 8's SE corner cuts across the small real jog between those two blocks' own bottom edges rather than following them. Switched to an 8-vertex polygon that walks Block 7's own SW-to-SE edge, then Block 8's own SW-to-SE edge, then down to Block 12's NE-to-NW edge, then Block 11's own NE-to-NW edge, and back -- using only coordinates already committed in those 4 blocks' own files, so the park's boundary now coincides exactly with each block's real edge with zero overlap and zero gap by construction. SPLIT 2026-09-16 (sixth pass): user pointed out this park's east edge (the 7/11 side) was eating into the real street corridor instead of stopping at Block 7/11's own edge, and that the park should continue as a SEPARATE piece east of that street, between Block 8 and Block 12. Checked data/raw/streets.geojson directly: Maryland Street's real OSM geometry does continue south through this exact area (down to lat 37.6557, spanning the full Block 11/12 row), confirming a real street genuinely separates the two halves -- this wasn't just an over-generous single rectangle. Also found and fixed the real bug that had been silently hiding this: src/join_approximate.py's automatic street-clipping discarded whichever fragment was smaller when a street split a polygon into two pieces, assuming any second piece was a tiny corner sliver -- here it was throwing away roughly half the park's real area (the whole Block 8/12 side). Fixed that function to keep any fragment at least 5% of the largest one, and rebuilt this feature from scratch as a MultiPolygon with two parts, each built directly from its own pair of blocks' own already-committed corners (Block 7's SW/SE + Block 11's NW/NE for the west part; Block 8's SW/SE + Block 12's NW/NE for the east part) -- so each part's edges are exact against its own blocks, with no encroachment into Maryland Street between them.", "accuracy_caveat": "APPROXIMATE -- Figure 6.2.3 labels this open space directly but shows it as an irregular, non-rectangular shape woven between Blocks 7, 8, 9, 11, and 12; this is a simplified two-part rectangular approximation (split 2026-09-16 by the real Maryland Street corridor that separates the Block 7/11 side from the Block 8/12 side -- see digitization_method), not a precise trace of the diagram's own organic outline. Each part shares an exact edge with its own two blocks by construction, so accuracy tracks whatever those block files carry.", "why_no_real_parcel": "Open space with no subdivided Assessor parcel of its own within the largely unaddressed former power-station site.", "regulatory_context": "The site's central public open space, per the D4D's own Figure 6.2.3 label -- sits between the Humboldt St row of blocks (7/8/9) and the 23rd St row (11/12). Not yet built (the blocks around it are still 'planned').", "notes": "Simplified rectangular approximation of a labeled but irregularly-shaped open space -- see accuracy_caveat.", "images": [ ], "source_doc_urls": [ "https://default.sfplanning.org/plans-and-programs/plans-by-neighborhood/potrero-power-plant/potrero_power_D4D_draft-082219.pdf" ], "street_clip_exempt": null, "p_number": null }, "geometry": { "type": "MultiPolygon", "coordinates": [ [ [ [ -122.384389, 37.756303 ], [ -122.383535, 37.756348 ], [ -122.383501, 37.75602 ], [ -122.384356, 37.755971 ], [ -122.384389, 37.756303 ] ] ], [ [ [ -122.383291, 37.756365 ], [ -122.382443, 37.756421 ], [ -122.382408, 37.756096 ], [ -122.383257, 37.756038 ], [ -122.383291, 37.756365 ] ] ] ] } },
{ "type": "Feature", "properties": { "project_name": "Waterfront Park", "site": "Potrero Power Station", "status": "planned", "use": "park", "geometry_type": "approximate", "digitized_from": "Potrero Power Station Design for Development, Figure 6.2.3 - Building Height Plan (p.245).", "digitization_method": "Traced from the Potrero Power Station Design for Development's own Figure 6.2.3 (Building Height Plan, p.245), which labels this feature directly (not inferred). Georeferenced using an affine transform fit from 8 control points -- the 4 real-world corners of Block 1 and the 4 real-world corners of Block 12 (both already independently traced and committed elsewhere in this dataset), matched to their pixel positions in this same diagram. Residual error against those 8 control points is roughly 15-24m, consistent with this site's other entries. This is a DIFFERENT (but equivalent-precision) point set than the 9 street-intersection points used for Blocks 1-15 -- both were derived from the same source diagram. CORRECTED 2026-09-15: user-flagged visual check found this polygon sitting mostly in the water, not on the real shoreline -- confirmed by pixel-sampling the actual water/land color transition along the coast at several latitudes, which showed the traced strip running consistently ~12m east of the true shoreline (the 8-control-point transforms residual error, landing on the water side rather than the land side). Shifted the entire polygon 12m west (bearing 266.5, this site's established grid west direction) as a uniform correction, preserving the traced shape's relative geometry -- overlay-confirmed afterward that the shifted strip now sits on the real paved/rocky shoreline strip for its full length, including through the point/breakwater curve at the south end. Not a full re-trace of the curve's own shape -- see accuracy_caveat. SECOND CORRECTION 2026-09-15: user confirmed the 12m uniform shift still left most of the shape (especially the southern point/breakwater curve) sitting in the water -- a single uniform shift could not fix a curving coastline traced from a diagram. Re-traced from scratch directly off satellite color: classified water vs. land per-pixel (water reads distinctly greener/cyan relative to red -- G-R > 12 -- versus this industrial sites darker, warmer-toned dirt and pavement) at zoom 19, scanned every ~8th row for the first sustained water run to get a raw shoreline point per row, then smoothed with a median filter (window 15, then 9) to cancel wave-texture noise while preserving the real curve including the point at the south end. Built the park as an 8m-wide ribbon (this sites established grid bearing, 266.5 degrees, for the inland offset) along that traced shoreline. Overlay-confirmed the full length, including the point curve, now sits on real land. RE-CLIPPED 2026-09-16: user spotted this feature still visibly cutting into Block 9 on the rendered map -- the earlier same-day fix only avoided reusing this trace's bad segment when building the new Prequel Park (Power Station sub-area) connector, but never corrected this file's own geometry, so the original notch (dipping into Block 9's now-corrected footprint) was still here. Clipped this polygon directly against Block 9's own current geometry via shapely difference() -- Block 9's boundary cuts all the way through this thin ribbon at that point, so the result is a MultiPolygon (the ribbon north of Block 9 and the ribbon south of it, both real portions, now with zero overlap into Block 9 by construction rather than by hand-editing vertices).", "accuracy_caveat": "APPROXIMATE -- Figure 6.2.3 labels this as a long, curving shoreline strip running the full length of the site's bay frontage (continuing north and south beyond this figure's own page crop in the source PDF). This polygon traces only the portion visible on Figure 6.2.3 itself as a simplified strip (not the full shoreline extent, and not precisely following the actual curving shore/site-boundary line, which was simplified to a handful of vertices). Treat as directionally correct but incomplete and shape-approximate. Same 15-25m positional tolerance as this site's other entries. Position corrected 2026-09-15 (12m uniform shift onto the real shoreline, see digitization_method) -- the strip's own curve/shape still was not independently re-verified vertex-by-vertex against the coastline, only its overall position. Second position correction 2026-09-15: re-traced directly from satellite imagery color (water vs. land pixel classification), not the diagram transform -- now an 8m-wide ribbon on the real shoreline, including the southern point/breakwater curve. Still simplified (does not capture the D4D-labeled strips full north-south extent beyond what is visible here) and the exact width (8m) is an assumption, not measured from any park-design source. NOTE 2026-09-16: this feature's own outer-shoreline trace turned out to substantially overlap the newly-added 'Prequel Park (Power Station sub-area)' -- evidence (a Spring 2026 construction-pipeline document independently describing the same corridor as a '2-acre Waterfront Park') suggests both features describe the same physical shoreline strip: this one as the D4D's own long-term planning label, Prequel Park as the actual interim-construction project now underway. The overlap is expected, not a tracing error -- see Prequel Park (Power Station sub-area)'s own digitization_method. Not merged into one feature since the two have different sourcing/status and either could be independently corrected later.", "why_no_real_parcel": "Open space with no subdivided Assessor parcel of its own within the largely unaddressed former power-station site.", "regulatory_context": "The site's shoreline public-access open space, per the D4D's own Figure 6.2.3 label, running along the bay side of Blocks 9 and the Stack, connecting toward Warm Water Cove Park to the south (shown on the same figure, outside the project site boundary).", "notes": "Simplified partial trace of a long shoreline open space -- see accuracy_caveat; does not capture the strip's full north-south extent.", "images": [ ], "source_doc_urls": [ "https://default.sfplanning.org/plans-and-programs/plans-by-neighborhood/potrero-power-plant/potrero_power_D4D_draft-082219.pdf" ], "street_clip_exempt": null, "p_number": null }, "geometry": { "type": "MultiPolygon", "coordinates": [ [ [ [ -122.381325066089602, 37.758119672804156 ], [ -122.38134384155272, 37.75805181478993 ], [ -122.381408214569092, 37.75798395671346 ], [ -122.381432354450212, 37.757916098574746 ], [ -122.381644248962402, 37.757848240373789 ], [ -122.381644248962402, 37.757780382110582 ], [ -122.381684482097626, 37.757712523785138 ], [ -122.381644248962402, 37.757644665397443 ], [ -122.381542325019822, 37.757576806947505 ], [ -122.381432354450212, 37.757508948435316 ], [ -122.381432354450212, 37.75744108986089 ], [ -122.381443083286285, 37.757373231224229 ], [ -122.381485998630524, 37.757305372525302 ], [ -122.381485998630524, 37.757237513764139 ], [ -122.381453812122345, 37.757169654940732 ], [ -122.381405532360077, 37.757101796055075 ], [ -122.381400167942019, 37.757033937107181 ], [ -122.381394803524017, 37.756966078097037 ], [ -122.381394803524017, 37.756898219024656 ], [ -122.381370663642883, 37.756830359890017 ], [ -122.381370663642883, 37.756762500693149 ], [ -122.381365299224825, 37.756694641434024 ], [ -122.381367981433868, 37.756626782112662 ], [ -122.381601142057775, 37.756591877260995 ], [ -122.381601998604353, 37.756600935241039 ], [ -122.3814587, 37.7566224 ], [ -122.381456, 37.7566903 ], [ -122.3814614, 37.7567581 ], [ -122.3814614, 37.756826 ], [ -122.3814855, 37.7568938 ], [ -122.3814855, 37.7569617 ], [ -122.3814909, 37.7570295 ], [ -122.3814963, 37.7570974 ], [ -122.3815445, 37.7571653 ], [ -122.3815767, 37.7572331 ], [ -122.3815767, 37.757301 ], [ -122.3815338, 37.7573688 ], [ -122.3815231, 37.7574367 ], [ -122.3815231, 37.7575046 ], [ -122.3816331, 37.7575724 ], [ -122.381735, 37.7576403 ], [ -122.3817752, 37.7577081 ], [ -122.381735, 37.757776 ], [ -122.381735, 37.7578439 ], [ -122.3815231, 37.7579117 ], [ -122.3814989, 37.7579796 ], [ -122.3814346, 37.7580474 ], [ -122.3814158, 37.7581153 ], [ -122.3814024, 37.7581831 ], [ -122.38131165504457, 37.758187530756132 ], [ -122.381325066089602, 37.758119672804156 ] ] ], [ [ [ -122.381365299224825, 37.756287484572177 ], [ -122.381365299224825, 37.756219624877346 ], [ -122.38134920597075, 37.756151765120265 ], [ -122.38134920597075, 37.756083905300954 ], [ -122.38134384155272, 37.756016045419393 ], [ -122.381327748298645, 37.755948185475589 ], [ -122.381295561790452, 37.755880325469541 ], [ -122.381247282028198, 37.755812465401242 ], [ -122.381169497966766, 37.755744605270699 ], [ -122.381169497966766, 37.75567674507792 ], [ -122.381397485733018, 37.755608884822891 ], [ -122.381397485733018, 37.755541024505618 ], [ -122.380946874618544, 37.755473164126109 ], [ -122.380914688110352, 37.755405303684348 ], [ -122.380954921245575, 37.755337443180359 ], [ -122.380997836589813, 37.755269582614112 ], [ -122.381346523761735, 37.755201721985628 ], [ -122.3814372, 37.7551973 ], [ -122.3810886, 37.7552652 ], [ -122.3810456, 37.7553331 ], [ -122.3810054, 37.7554009 ], [ -122.3810376, 37.7554688 ], [ -122.3814882, 37.7555366 ], [ -122.3814882, 37.7556045 ], [ -122.3812602, 37.7556724 ], [ -122.3812602, 37.7557402 ], [ -122.381338, 37.7558081 ], [ -122.3813863, 37.7558759 ], [ -122.3814185, 37.7559438 ], [ -122.3814346, 37.7560117 ], [ -122.3814399, 37.7560795 ], [ -122.3814399, 37.7561474 ], [ -122.381456, 37.7562152 ], [ -122.381456, 37.7562831 ], [ -122.381600826130366, 37.756302599691161 ], [ -122.381602456517626, 37.75631939976855 ], [ -122.381365299224825, 37.756287484572177 ] ] ] ] } },
{ "type": "Feature", "properties": { "project_name": "Louisiana Paseo", "site": "Potrero Power Station", "status": "planned", "use": "park", "geometry_type": "approximate", "digitized_from": "Potrero Power Station Design for Development, Figure 6.2.3 - Building Height Plan (p.245).", "digitization_method": "NEWLY ADDED 2026-09-16 -- user-flagged that this feature, though already referenced in this dataset's own text (an earlier Block 3 note calls it 'a separate, physically distant open space between Blocks 15 and 7'), was never actually digitized as its own tracked polygon. Figure 6.2.3 labels 'LOUISIANA PASEO' directly as a landscaped pedestrian path running the full north-south length between Block 15 (west) and Blocks 7/11 (east), from Humboldt Street down to 23rd Street, opening into Power Station Park where Block 7 ends. Built here as a 6-vertex polygon using this project's own already-committed, GDAL/TPS-corrected corners for Block 15's east edge and Block 7/Block 11's west edges directly (not independently re-measured), so it shares an exact boundary with all three blocks by construction -- zero gap, zero overlap -- and its south end sits flush with Power Station Park's own west edge (also built from Block 11's same NW corner), so the two connect exactly as the diagram shows.", "accuracy_caveat": "APPROXIMATE -- a simplified straight-sided approximation of a landscaped pedestrian paseo; the diagram does not show this as a simple rectangle (it likely has planting/path detail not captured here). Positional accuracy matches whatever the adjoining Block 15/7/11 files currently carry (see their own accuracy_caveat) since this polygon is built directly from their vertices.", "why_no_real_parcel": "Open space with no subdivided Assessor parcel of its own within the largely unaddressed former power-station site.", "regulatory_context": "A landscaped pedestrian paseo per the D4D's own Figure 6.2.3 label, connecting Humboldt Street to 23rd Street and opening into Power Station Park.", "notes": "Newly added 2026-09-16; previously mentioned only in passing in other blocks' notes, never tracked as its own feature.", "images": [ ], "source_doc_urls": [ "https://default.sfplanning.org/plans-and-programs/plans-by-neighborhood/potrero-power-plant/potrero_power_D4D_draft-082219.pdf" ], "street_clip_exempt": null, "p_number": null }, "geometry": { "type": "Polygon", "coordinates": [ [ [ -122.384451, 37.756894 ], [ -122.384389, 37.756303 ], [ -122.384356, 37.755971 ], [ -122.384329832284109, 37.755678090405915 ], [ -122.384540848441972, 37.755665413853635 ], [ -122.384656, 37.756883 ], [ -122.384451, 37.756894 ] ] ] } },
{ "type": "Feature", "properties": { "project_name": "Humboldt Street Plaza", "site": "Potrero Power Station", "status": "planned", "use": "park", "geometry_type": "approximate", "digitized_from": "Potrero Power Station Design for Development, Figure 6.2.3 - Building Height Plan (p.245).", "digitization_method": "Traced from the Potrero Power Station Design for Development's own Figure 6.2.3 (Building Height Plan, p.245), which labels this feature directly (not inferred). Georeferenced using an affine transform fit from 8 control points -- the 4 real-world corners of Block 1 and the 4 real-world corners of Block 12 (both already independently traced and committed elsewhere in this dataset), matched to their pixel positions in this same diagram. Residual error against those 8 control points is roughly 15-24m, consistent with this site's other entries. This is a DIFFERENT (but equivalent-precision) point set than the 9 street-intersection points used for Blocks 1-15 -- both were derived from the same source diagram. RE-CORRECTED 2026-09-16: a user-requested full re-check of block positions against real streets found this polygon sitting ~55m east of Delaware Street/Block 4's own east edge, i.e. past the street entirely -- this file was never re-transformed when Blocks 1-15 were rebuilt earlier the same day via the GDAL/TPS pixel-detection pass (it still referenced Block 1/12's OLD, superseded corners as control points). Re-measured this plaza's own pixel footprint directly from the diagram (a thin strip between Block 4's south edge and Building 9's north edge, bounded west by Delaware Street/Block 4's east edge) and ran it through the same TPS transform as the rest of the site. The plaza's precise east extent (toward Waterfront Park) is not sharply drawn in the diagram -- no hard boundary line separates the two labels, just a continuous green wash -- so the east edge here is a reasonable estimate, not a measured line. RE-RUN 2026-09-16 (fourth pass, same day): the GCP used for this transform (Delaware St x Humboldt St) turned out to be mis-measured by ~190 pixels -- see Block 8/12's digitization_method for the full root-cause. This plaza's own pixel footprint sits close to that GCP, so it moved a further ~60m east after the correction, now sharing an exact vertex with Block 4's own (also corrected) SE corner. RE-INTERPRETED 2026-09-16 (fifth pass, same day): user pointed out the plaza should sit BETWEEN Block 4 and Block 9 (i.e. as a horizontal strip north-to-south), not as a thin vertical strip east of Block 4 as the prior passes modeled it -- that was a real misreading of the diagram on my part, not just a transform issue. Once Block 9 itself was finally re-traced and re-transformed (it had never been touched by the GDAL/TPS pass at all -- see its own digitization_method), it became clear the diagram's Humboldt Street Plaza spans roughly Block 4's own full width, sitting directly in the gap between Block 4's south edge and Block 9's north edge. Rebuilt as a quadrilateral using Block 4's own SW/SE corners (north edge) and Block 9's own NW/NE corners (south edge) directly, so it shares an exact edge with both by construction.", "accuracy_caveat": "APPROXIMATE -- Figure 6.2.3 labels this open space directly, shown as a small plaza area between Block 4 (north) and Block 9 (south). This polygon is a simplified rectangular approximation of that labeled area, built directly from Block 4 and Block 9's own already-committed corners (see digitization_method) so it shares an exact edge with both -- its accuracy now tracks whatever those two files carry.", "why_no_real_parcel": "Open space with no subdivided Assessor parcel of its own within the largely unaddressed former power-station site.", "regulatory_context": "A small public plaza per the D4D's own Figure 6.2.3 label, between Block 4 and Block 9 near the site's waterfront edge.", "notes": "Simplified rectangular approximation of a labeled open space -- see accuracy_caveat.", "images": [ ], "source_doc_urls": [ "https://default.sfplanning.org/plans-and-programs/plans-by-neighborhood/potrero-power-plant/potrero_power_D4D_draft-082219.pdf" ], "street_clip_exempt": null, "p_number": null }, "geometry": { "type": "Polygon", "coordinates": [ [ [ -122.381801, 37.757235 ], [ -122.381751, 37.757038 ], [ -122.38229, 37.757015 ], [ -122.382378, 37.757213 ], [ -122.381801, 37.757235 ] ] ] } },
{ "type": "Feature", "properties": { "project_name": "1215 Michigan St -- proposed data center (adjacent to Potrero Power Station)", "site": "Potrero Power Station", "status": "planned", "use": "data_center", "geometry_type": "real", "digitized_from": "The real DataSF Assessor parcel for blklot 4241004 (1215 Michigan St, 4.07 acres, zoned PDR-1-G), fetched directly from the DataSF Socrata API (data.sfgov.org/resource/acdm-wktn.json, dataset 'Parcels - Active and Retired') on 2026-09-21. Routed through this table, not status.csv, only because the parcel sits just south of data/raw/parcels.geojson's cached bounding box (src/config.py's BBOX_SOUTH=37.7545; this parcel's northern edge is ~37.7542) and so isn't in that local extract -- the polygon itself is the real, unmodified Assessor shape, not hand-traced or approximated. A small blklot 4241003 (~0.25 acres) immediately west, also addressed 1215 Michigan St, is not included: the Chronicle's reporting and the Assessor's own lot_area (177,223 sq ft = 4.07 acres) both point to 4241004 as 'the' 4-acre parcel in question.", "digitization_method": null, "accuracy_caveat": "REAL Assessor parcel geometry (not approximate), but the local basemap (data/raw/parcels.geojson, buildings.geojson) was fetched to an older, slightly smaller bounding box that stops just north of this parcel, so the grey basemap land/building texture is blank immediately around this shape on the map -- cosmetic only; the parcel's own outline and position are exact. Fix: widen src/config.py's BBOX_SOUTH and re-fetch the raw layers.", "why_no_real_parcel": null, "regulatory_context": null, "notes": "Sheedy Drayage, a crane rental and heavy-hauling company, currently operates on the site under owner R.P. Stagg & Co. LLC (as reported by the San Francisco Chronicle; not independently confirmed against a Recorder deed). No formal application has been filed with SF Planning as of the Chronicle's reporting (Sept 2026) -- see the record file for what's sourced about the proposal itself.", "images": null, "source_doc_urls": [ "https://www.sfchronicle.com/sf/article/data-center-waterfront-ai-dogpatch-22438639.php" ], "street_clip_exempt": null, "p_number": null }, "geometry": { "type": "Polygon", "coordinates": [ [ [ -122.384569699, 37.753552032 ], [ -122.384775977, 37.753358395 ], [ -122.385742343, 37.753302638 ], [ -122.385816633, 37.754049704 ], [ -122.383198506, 37.754204649 ], [ -122.383141819, 37.753634398 ], [ -122.384569699, 37.753552032 ] ] ] } },
{ "type": "Feature", "properties": { "project_name": "Mission Creek Park", "site": "Mission Bay South", "status": "complete", "use": "park", "geometry_type": "real", "digitized_from": "OpenStreetMap (way 56656116, leisure=park, sfrecpark.org facility page)", "digitization_method": "ADDED 2026-09-18 for Mission Bay's real-site pass: real, community-surveyed OpenStreetMap boundary (way 56656116), the same pattern already used for Pier 70's Crane Cove Park (data/manual/pier70_crane_cove_park.geojson) -- not a hand trace or plan-diagram estimate. HIGH CONFIDENCE -- real, community-surveyed OSM polygon (matches SF Rec & Park's own facility listing). OSM also carries other, smaller/overlapping ways for parts of this same park (e.g. way 579664205 further east, and way 27369705); this feature uses the single most detailed, currently-tagged way covering the park's main extent along Mission Creek's south bank. A second pass could merge the full multi-segment shoreline extent. CORRECTED 2026-09-19: adding a new real record for the Channel Pump Station (status.csv blklot 3806006, 455 Berry St -- the owner identified plan label X1 as this real SFPUC facility) surfaced a 7212 sqm overlap this OSM way's own southwest corner has always had with that facility's real Assessor parcel boundary -- the OSM way overreaches into the pump station's own fenced site (its main building, tennis court and round pump structure, confirmed against satellite), which is not park land. Trimmed to mcp_poly.difference(pump_parcel)'s largest piece (35,009 sqm of the original 46,851 sqm), dropping a negligible ~300 sqm disconnected sliver along with the overlap. This did NOT resolve the pre-existing 'area falls inside the buffered real-street layer' warning check_geometry_quality.py --strict already flagged for this record -- re-ran after the trim and the flagged fraction actually rose from 15% to 21% (the pump-station corner removed was mostly non-street area, so trimming it didn't shrink the street-overlap; this remains a known, accepted warning per docs/site-definition-of-done.md, not a new issue). UNIONED 2026-09-20 with P1 (Mission Creek Park -- east reach, Pavilion to 4th St bridge, data/manual/mission_bay_creek_park_p1_p3.geojson), P2 (data/manual/mission_bay_p2_creek_channel.geojson) and P8 (data/manual/mission_bay_p8_open_space.geojson) per the owner's own framing that Mission Creek Park will evolve to encompass P1+P2+P8. Geometrically, this record's real OSM boundary and P1 sit on the creek's north/west bank; P2 and P8 sit on the south/east bank (opposite side) -- P2/P8 barely touch this record's original shape (~80 sqm overlap, near where P8 crosses under I-280 close to the pump station), while P1 is a separate, non-adjacent segment further northeast along the same north/west bank. The union is therefore a MultiPolygon of largely separate pieces (7 after merging touching parts), not one continuous shape -- flagged here rather than assumed, since it changes what this 'union' means in practice.", "accuracy_caveat": "HIGH CONFIDENCE -- real, community-surveyed OSM polygon (matches SF Rec & Park's own facility listing). OSM also carries other, smaller/overlapping ways for parts of this same park (e.g. way 579664205 further east, and way 27369705); this feature uses the single most detailed, currently-tagged way covering the park's main extent along Mission Creek's south bank. A second pass could merge the full multi-segment shoreline extent. Updated 2026-09-20: now a MultiPolygon that also includes P1, P2 and P8's geometry (P1 a separate segment further along the same north/west bank; P2/P8 real scraps of land on the creek's opposite/south-east bank, not contiguous with this record's original OSM shape). Each sub-piece keeps its own sourcing/confidence as documented in its own original record (P1, P2, P8) -- this union does not upgrade their confidence to this record's own 'HIGH CONFIDENCE, real OSM' rating.", "why_no_real_parcel": null, "regulatory_context": null, "notes": "One of the parks completed as part of Mission Bay's original 1998 plan; open by fall 2010 per Wikipedia's Mission Bay article (citing the neighborhood's own park-completion history) and SF Rec & Park's facility page.", "images": null, "source_doc_urls": "['https://www.openstreetmap.org/way/56656116'\n 'https://sfrecpark.org/Facilities/Facility/Details/Mission-Creek-Park-North-and-South-449'\n 'https://en.wikipedia.org/wiki/Mission_Bay,_San_Francisco']", "street_clip_exempt": null, "p_number": "P1 (Amphitheater, built 2002) and P3 (built) per OCII's Nov 2024 CAC 'Remaining Mission Bay Open Space Parcels Update'; P2 and P8, part of the same named park in OCII's numbering, are separately listed there as unbuilt ('coming soon') and are NOT represented by this record's real, community-surveyed OSM boundary (way 56656116), which reflects only what is actually built. INFERRED which built segment maps to which of P1/P3 -- not explicitly matched in the source. (https://sfocii.org/sites/default/files/2024-11/Item%205%20-%20Remaining%20Mission%20Bay%20Open%20Space%20Parcels%20Update.pdf)" }, "geometry": { "type": "MultiPolygon", "coordinates": [ [ [ [ -122.396554308, 37.771391724 ], [ -122.39655507, 37.771392167 ], [ -122.396555872, 37.771392532 ], [ -122.396556707, 37.771392817 ], [ -122.396557565, 37.771393019 ], [ -122.396558438, 37.771393136 ], [ -122.39655932, 37.771393167 ], [ -122.396560199, 37.771393111 ], [ -122.396561069, 37.77139297 ], [ -122.396561322603745, 37.77139290243187 ], [ -122.396425335472529, 37.7715 ], [ -122.396425335472514, 37.7715 ], [ -122.394520710555582, 37.773 ], [ -122.394485714285722, 37.773 ], [ -122.3949, 37.7727 ], [ -122.392, 37.7748 ], [ -122.39174, 37.774475 ], [ -122.393597945485553, 37.773129591200117 ], [ -122.3936452, 37.7731669 ], [ -122.3936044, 37.7731995 ], [ -122.3936681, 37.7732636 ], [ -122.3938257, 37.7731386 ], [ -122.3938257, 37.7731379 ], [ -122.393713655885094, 37.773045800910786 ], [ -122.393997162496888, 37.772840503019488 ], [ -122.393992907, 37.77283954 ], [ -122.393991252, 37.77283919 ], [ -122.393977009, 37.772836379 ], [ -122.393975364, 37.772836078 ], [ -122.393961009, 37.772833651 ], [ -122.393959352, 37.772833394 ], [ -122.393944901, 37.772831357 ], [ -122.393943261, 37.772831148 ], [ -122.393928734, 37.7728295 ], [ -122.393927082, 37.772829336 ], [ -122.39391249, 37.772828081 ], [ -122.393910843, 37.772827961 ], [ -122.393896207, 37.7728271 ], [ -122.393894556, 37.772827026 ], [ -122.393886109, 37.772826758 ], [ -122.39397762, 37.772754479 ], [ -122.393977629, 37.772754472 ], [ -122.39397763, 37.772754472 ], [ -122.3958905, 37.771243563 ], [ -122.395890702, 37.771243402 ], [ -122.395892862, 37.771241681 ], [ -122.395893269, 37.771241354 ], [ -122.39589541, 37.771239618 ], [ -122.395895851, 37.771239257 ], [ -122.395897971, 37.771237505 ], [ -122.395898352, 37.771237188 ], [ -122.395900454, 37.771235422 ], [ -122.395900879, 37.771235061 ], [ -122.39590296, 37.77123328 ], [ -122.395903338, 37.771232954 ], [ -122.395905401, 37.771231159 ], [ -122.395905821, 37.77123079 ], [ -122.395907862, 37.771228981 ], [ -122.395908272, 37.771228614 ], [ -122.395910293, 37.77122679 ], [ -122.395910689, 37.77122643 ], [ -122.39591269, 37.771224592 ], [ -122.395913083, 37.771224227 ], [ -122.395915064, 37.771222375 ], [ -122.395915479, 37.771221984 ], [ -122.395917438, 37.771220118 ], [ -122.395917828, 37.771219743 ], [ -122.395919767, 37.771217863 ], [ -122.395920144, 37.771217494 ], [ -122.395922062, 37.771215602 ], [ -122.39592246, 37.771215206 ], [ -122.395924358, 37.771213299 ], [ -122.395924754, 37.771212898 ], [ -122.395926629, 37.771210979 ], [ -122.395927034, 37.771210561 ], [ -122.395928887, 37.771208628 ], [ -122.395929255, 37.771208239 ], [ -122.395931088, 37.771206293 ], [ -122.395931489, 37.771205864 ], [ -122.395933299, 37.771203905 ], [ -122.395933654, 37.771203517 ], [ -122.395935443, 37.771201547 ], [ -122.395935838, 37.771201108 ], [ -122.395937605, 37.771199124 ], [ -122.395937999, 37.771198678 ], [ -122.395939743, 37.771196681 ], [ -122.395940093, 37.771196277 ], [ -122.395941815, 37.77119427 ], [ -122.395942192, 37.771193826 ], [ -122.395943892, 37.771191806 ], [ -122.395944277, 37.771191343 ], [ -122.395945954, 37.77118931 ], [ -122.395946297, 37.771188891 ], [ -122.395947952, 37.771186848 ], [ -122.395948343, 37.77118636 ], [ -122.395949974, 37.771184304 ], [ -122.395950323, 37.77118386 ], [ -122.395951931, 37.771181794 ], [ -122.395952284, 37.771181336 ], [ -122.39595387, 37.771179258 ], [ -122.395954222, 37.771178792 ], [ -122.395955785, 37.771176703 ], [ -122.395956146, 37.771176216 ], [ -122.395957685, 37.771174116 ], [ -122.395958033, 37.771173635 ], [ -122.395959548, 37.771171525 ], [ -122.395959899, 37.771171032 ], [ -122.395961391, 37.77116891 ], [ -122.395961718, 37.771168441 ], [ -122.395963186, 37.771166311 ], [ -122.39596354, 37.771165791 ], [ -122.395964984, 37.771163649 ], [ -122.395965308, 37.771163164 ], [ -122.395966729, 37.771161012 ], [ -122.395967071, 37.771160487 ], [ -122.395968467, 37.771158325 ], [ -122.395968777, 37.77115784 ], [ -122.39597015, 37.771155669 ], [ -122.395970495, 37.771155117 ], [ -122.395971842, 37.771152936 ], [ -122.395972134, 37.771152459 ], [ -122.395973459, 37.771150269 ], [ -122.395973785, 37.771149724 ], [ -122.395975085, 37.771147524 ], [ -122.395975404, 37.771146976 ], [ -122.395976678, 37.771144768 ], [ -122.395976985, 37.771144231 ], [ -122.395978235, 37.771142013 ], [ -122.395978536, 37.771141473 ], [ -122.395979761, 37.771139247 ], [ -122.395980047, 37.771138721 ], [ -122.395981248, 37.771136487 ], [ -122.395981565, 37.771135889 ], [ -122.395981813674226, 37.771135413892438 ], [ -122.396236605499126, 37.771338522093643 ], [ -122.396339468, 37.771257188 ], [ -122.396343849, 37.771253372 ], [ -122.396347848, 37.771249157 ], [ -122.396351428, 37.771244581 ], [ -122.396354557, 37.771239685 ], [ -122.396357154234352, 37.771234617942788 ], [ -122.396553592, 37.771391209 ], [ -122.396554308, 37.771391724 ] ] ], [ [ [ -122.3952753, 37.7734388 ], [ -122.3957277, 37.7737947 ], [ -122.3952797, 37.774141 ], [ -122.394842, 37.7737789 ], [ -122.3942783, 37.7742369 ], [ -122.3941654, 37.7743195 ], [ -122.3936209, 37.7747518 ], [ -122.3935399, 37.7748423 ], [ -122.3935219, 37.7748305 ], [ -122.3934449, 37.774893 ], [ -122.3933009, 37.7750136 ], [ -122.3932279, 37.7750703 ], [ -122.3930194, 37.7752359 ], [ -122.3929459, 37.7752953 ], [ -122.3928201, 37.7751967 ], [ -122.3927739, 37.7751595 ], [ -122.3927816, 37.7751282 ], [ -122.3928091, 37.7751019 ], [ -122.3928519, 37.7750791 ], [ -122.3930862, 37.7749936 ], [ -122.3931457, 37.7749597 ], [ -122.3932158, 37.7749071 ], [ -122.3934308, 37.7746826 ], [ -122.3947519, 37.7736818 ], [ -122.3947949, 37.7735995 ], [ -122.3948364, 37.7735452 ], [ -122.3948793, 37.7735022 ], [ -122.3949551, 37.7734518 ], [ -122.3949736, 37.7734661 ], [ -122.3950972, 37.7733952 ], [ -122.3952282, 37.7732908 ], [ -122.3962309, 37.7725192 ], [ -122.3970866, 37.7718488 ], [ -122.3970405, 37.7718078 ], [ -122.3976384, 37.7713509 ], [ -122.398203815983024, 37.770883191458438 ], [ -122.398780664, 37.771343325 ], [ -122.399410511065767, 37.770845782620626 ], [ -122.3993944, 37.7708674 ], [ -122.3992503, 37.770979 ], [ -122.3992458, 37.7710076 ], [ -122.3984132, 37.7716675 ], [ -122.3976389, 37.7722832 ], [ -122.3971938, 37.7719325 ], [ -122.3968768, 37.7721721 ], [ -122.3965706, 37.7724198 ], [ -122.3959286, 37.7729267 ], [ -122.3958301, 37.7730018 ], [ -122.3952753, 37.7734388 ] ] ], [ [ [ -122.396695841830009, 37.771286960922012 ], [ -122.39669601, 37.771286671 ], [ -122.396696376, 37.771285868 ], [ -122.396696661, 37.771285034 ], [ -122.396696863, 37.771284176 ], [ -122.39669698, 37.771283302 ], [ -122.396697011, 37.771282421 ], [ -122.396696955, 37.771281542 ], [ -122.396696813, 37.771280671 ], [ -122.396696587, 37.771279819 ], [ -122.396696278, 37.771278994 ], [ -122.39669589, 37.771278202 ], [ -122.396695426, 37.771277453 ], [ -122.39669489, 37.771276752 ], [ -122.396694289, 37.771276107 ], [ -122.396693628, 37.771275525 ], [ -122.396458379, 37.771088012 ], [ -122.396486273, 37.771065961 ], [ -122.396486937, 37.771065381 ], [ -122.396487541, 37.771064739 ], [ -122.396488079, 37.771064041 ], [ -122.396488546, 37.771063293 ], [ -122.396488937, 37.771062503 ], [ -122.39648925, 37.771061678 ], [ -122.396489479, 37.771060827 ], [ -122.396489625, 37.771059958 ], [ -122.396489684, 37.771059078 ], [ -122.396489657, 37.771058197 ], [ -122.396489543, 37.771057323 ], [ -122.396489345, 37.771056464 ], [ -122.396489063, 37.771055629 ], [ -122.396488701, 37.771054825 ], [ -122.396488262, 37.771054061 ], [ -122.39648775, 37.771053343 ], [ -122.39648717, 37.771052679 ], [ -122.396486527, 37.771052075 ], [ -122.396485829, 37.771051537 ], [ -122.396485081, 37.77105107 ], [ -122.396484291, 37.771050679 ], [ -122.396483467, 37.771050367 ], [ -122.396482616, 37.771050137 ], [ -122.396481746, 37.771049992 ], [ -122.396480867, 37.771049932 ], [ -122.396479986, 37.77104996 ], [ -122.396479111, 37.771050073 ], [ -122.396478252, 37.771050271 ], [ -122.396477417, 37.771050553 ], [ -122.396476613, 37.771050916 ], [ -122.396475849, 37.771051355 ], [ -122.396475132, 37.771051867 ], [ -122.396438359, 37.771080936 ], [ -122.396437684, 37.771081527 ], [ -122.39643707, 37.771082183 ], [ -122.396436526, 37.771082897 ], [ -122.396436055, 37.771083661 ], [ -122.396435663, 37.771084469 ], [ -122.396435353, 37.771085312 ], [ -122.39643513, 37.771086181 ], [ -122.396434994, 37.771087068 ], [ -122.396434947, 37.771087965 ], [ -122.39643499, 37.771088862 ], [ -122.396435122, 37.77108975 ], [ -122.396435343, 37.77109062 ], [ -122.396435649, 37.771091464 ], [ -122.396436038, 37.771092273 ], [ -122.396436505, 37.77109304 ], [ -122.396437047, 37.771093756 ], [ -122.396437658, 37.771094414 ], [ -122.396438331, 37.771095008 ], [ -122.396682429, 37.771289574 ], [ -122.396683145, 37.771290089 ], [ -122.396683907, 37.771290531 ], [ -122.396684709, 37.771290897 ], [ -122.396685544, 37.771291182 ], [ -122.396686402, 37.771291384 ], [ -122.396687275, 37.771291501 ], [ -122.396688156, 37.771291532 ], [ -122.396689036, 37.771291476 ], [ -122.396689906, 37.771291334 ], [ -122.396690483685745, 37.771291180764109 ], [ -122.396567182423126, 37.771388287492208 ], [ -122.396567539, 37.771387504 ], [ -122.396567824, 37.77138667 ], [ -122.396568026, 37.771385812 ], [ -122.396568143, 37.771384938 ], [ -122.396568174, 37.771384057 ], [ -122.396568118, 37.771383177 ], [ -122.396567976, 37.771382307 ], [ -122.39656775, 37.771381455 ], [ -122.396567441, 37.77138063 ], [ -122.396567053, 37.771379838 ], [ -122.396566589, 37.771379088 ], [ -122.396566054, 37.771378388 ], [ -122.396565453, 37.771377743 ], [ -122.396564791, 37.771377161 ], [ -122.396362353083973, 37.771215786898694 ], [ -122.396378923, 37.771098679 ], [ -122.39637947, 37.771092709 ], [ -122.39637943, 37.771086715 ], [ -122.396378803, 37.771080753 ], [ -122.396377594, 37.771074882 ], [ -122.396375815, 37.771069157 ], [ -122.396373484, 37.771063634 ], [ -122.396370623, 37.771058366 ], [ -122.396367259, 37.771053405 ], [ -122.396363425, 37.771048796 ], [ -122.396359158, 37.771044586 ], [ -122.396354499, 37.771040814 ], [ -122.396349492, 37.771037517 ], [ -122.396344187, 37.771034727 ], [ -122.396338633, 37.77103247 ], [ -122.396332885, 37.771030768 ], [ -122.396326998, 37.771029638 ], [ -122.396321028, 37.771029091 ], [ -122.396315034, 37.771029131 ], [ -122.396309072, 37.771029758 ], [ -122.396303201, 37.771030967 ], [ -122.396297476, 37.771032746 ], [ -122.396291953, 37.771035077 ], [ -122.396286685, 37.771037938 ], [ -122.396281724, 37.771041302 ], [ -122.396277115, 37.771045136 ], [ -122.396272905, 37.771049403 ], [ -122.396269133, 37.771054062 ], [ -122.396265836, 37.771059069 ], [ -122.396263046, 37.771064374 ], [ -122.396260789, 37.771069928 ], [ -122.396259087, 37.771075676 ], [ -122.396257957, 37.771081563 ], [ -122.396251471765254, 37.77112739746299 ], [ -122.395989900556799, 37.770918885048324 ], [ -122.395990904, 37.770916642 ], [ -122.39599117, 37.770916039 ], [ -122.395992168, 37.770913742 ], [ -122.395992411, 37.770913173 ], [ -122.395993384, 37.77091087 ], [ -122.395993639, 37.770910259 ], [ -122.395994586, 37.770907948 ], [ -122.395994824, 37.770907358 ], [ -122.395995745, 37.770905042 ], [ -122.395995984, 37.770904431 ], [ -122.395996879, 37.770902108 ], [ -122.395997101, 37.770901523 ], [ -122.395997971, 37.770899194 ], [ -122.395998196, 37.770898583 ], [ -122.39599904, 37.770896248 ], [ -122.395999258, 37.770895633 ], [ -122.396000076, 37.770893292 ], [ -122.396000303, 37.770892629 ], [ -122.396001093, 37.770890282 ], [ -122.39600129, 37.770889689 ], [ -122.396002055, 37.770887337 ], [ -122.396002248, 37.770886734 ], [ -122.396002988, 37.770884376 ], [ -122.396003189, 37.770883722 ], [ -122.396003901, 37.770881361 ], [ -122.396004083, 37.770880744 ], [ -122.39600477, 37.770878376 ], [ -122.39600496, 37.770877708 ], [ -122.396005619, 37.770875336 ], [ -122.396005739, 37.770874898 ], [ -122.396007303, 37.770869102 ], [ -122.396007372, 37.770868845 ], [ -122.39600891, 37.770863045 ], [ -122.396008979, 37.770862782 ], [ -122.396010491, 37.770856976 ], [ -122.396010561, 37.770856702 ], [ -122.396012045, 37.770850893 ], [ -122.396012111, 37.770850634 ], [ -122.396013569, 37.770844821 ], [ -122.396013636, 37.77084455 ], [ -122.396015067, 37.770838732 ], [ -122.39601513, 37.770838474 ], [ -122.396016535, 37.770832653 ], [ -122.396016602, 37.770832372 ], [ -122.396017979, 37.770826546 ], [ -122.396018042, 37.770826278 ], [ -122.396019392, 37.770820449 ], [ -122.396019452, 37.770820185 ], [ -122.396020776, 37.770814351 ], [ -122.396020837, 37.77081408 ], [ -122.396022134, 37.770808242 ], [ -122.396022194, 37.770807972 ], [ -122.396023464, 37.770802131 ], [ -122.396023522, 37.770801861 ], [ -122.396024765, 37.770796017 ], [ -122.396024822, 37.770795743 ], [ -122.396026038, 37.770789894 ], [ -122.396026094, 37.770789623 ], [ -122.396027283, 37.770783771 ], [ -122.396027336, 37.770783509 ], [ -122.396028499, 37.770777654 ], [ -122.396028552, 37.770777382 ], [ -122.396029688, 37.770771524 ], [ -122.396029742, 37.77077124 ], [ -122.396030059459193, 37.770769560445999 ], [ -122.396316263, 37.770997709 ], [ -122.396316961, 37.770998212 ], [ -122.396317704, 37.770998647 ], [ -122.396318485, 37.770999008 ], [ -122.396319297, 37.770999293 ], [ -122.396320133, 37.770999499 ], [ -122.396320984, 37.770999624 ], [ -122.396321844, 37.770999667 ], [ -122.396322704, 37.770999628 ], [ -122.396323556, 37.770999506 ], [ -122.396324392, 37.770999304 ], [ -122.396325206, 37.770999022 ], [ -122.396325988, 37.770998664 ], [ -122.396326733, 37.770998232 ], [ -122.396327433, 37.770997731 ], [ -122.396364205, 37.770968662 ], [ -122.396364869, 37.770968082 ], [ -122.396365473, 37.77096744 ], [ -122.396366011, 37.770966742 ], [ -122.396366478, 37.770965994 ], [ -122.396366869, 37.770965204 ], [ -122.396367182, 37.77096438 ], [ -122.396367411, 37.770963529 ], [ -122.396367557, 37.770962659 ], [ -122.396367616, 37.77096178 ], [ -122.396367589, 37.770960898 ], [ -122.396367475, 37.770960024 ], [ -122.396367277, 37.770959165 ], [ -122.396366995, 37.77095833 ], [ -122.396366633, 37.770957526 ], [ -122.396366194, 37.770956762 ], [ -122.396365681, 37.770956044 ], [ -122.396365102, 37.77095538 ], [ -122.396364459, 37.770954777 ], [ -122.396363761, 37.770954239 ], [ -122.396363013, 37.770953772 ], [ -122.396362223, 37.77095338 ], [ -122.396361399, 37.770953068 ], [ -122.396360548, 37.770952838 ], [ -122.396359678, 37.770952693 ], [ -122.396358799, 37.770952634 ], [ -122.396357918, 37.770952661 ], [ -122.396357043, 37.770952774 ], [ -122.396356184, 37.770952973 ], [ -122.396355349, 37.770953254 ], [ -122.396354545, 37.770953617 ], [ -122.396353781, 37.770954056 ], [ -122.396353064, 37.770954568 ], [ -122.396321885, 37.770979215 ], [ -122.396049216962325, 37.770761856303771 ], [ -122.39604951, 37.770761827 ], [ -122.396052141, 37.770761551 ], [ -122.396052648, 37.770761495 ], [ -122.396055277, 37.770761197 ], [ -122.396055772, 37.770761139 ], [ -122.396058395, 37.77076082 ], [ -122.396058901, 37.770760757 ], [ -122.396061522, 37.770760416 ], [ -122.396062017, 37.770760349 ], [ -122.396064632, 37.770759987 ], [ -122.396065148, 37.770759914 ], [ -122.396067758, 37.77075953 ], [ -122.396068269, 37.770759452 ], [ -122.396070875, 37.770759046 ], [ -122.396071375, 37.770758966 ], [ -122.396073974, 37.770758539 ], [ -122.396074489, 37.770758452 ], [ -122.396077083, 37.770758003 ], [ -122.396077584, 37.770757914 ], [ -122.396080171, 37.770757444 ], [ -122.396080668, 37.770757352 ], [ -122.396083249, 37.770756861 ], [ -122.396083764, 37.770756761 ], [ -122.39608634, 37.770756248 ], [ -122.396086823, 37.770756149 ], [ -122.396089391, 37.770755616 ], [ -122.396089915, 37.770755505 ], [ -122.396092476, 37.77075495 ], [ -122.39609296, 37.770754843 ], [ -122.396095513, 37.770754268 ], [ -122.396096058, 37.770754143 ], [ -122.396098604, 37.770753545 ], [ -122.396099084, 37.77075343 ], [ -122.396101623, 37.770752812 ], [ -122.39610214, 37.770752684 ], [ -122.396104669, 37.770752045 ], [ -122.396105176, 37.770751915 ], [ -122.396107697, 37.770751255 ], [ -122.396108181, 37.770751126 ], [ -122.396110694, 37.770750446 ], [ -122.396111235, 37.770750297 ], [ -122.396113738, 37.770749595 ], [ -122.396114213, 37.770749459 ], [ -122.396116706, 37.770748738 ], [ -122.396117227, 37.770748585 ], [ -122.396119713, 37.770747842 ], [ -122.39612023, 37.770747685 ], [ -122.396122703, 37.770746922 ], [ -122.39612318, 37.770746773 ], [ -122.396125646, 37.77074599 ], [ -122.396126186, 37.770745816 ], [ -122.396128639, 37.770745012 ], [ -122.396129107, 37.770744856 ], [ -122.396131551, 37.770744033 ], [ -122.396132077, 37.770743853 ], [ -122.39613451, 37.770743009 ], [ -122.396135022, 37.770742829 ], [ -122.396137443, 37.770741965 ], [ -122.396137934, 37.770741788 ], [ -122.396140343, 37.770740905 ], [ -122.39614086, 37.770740712 ], [ -122.396143259, 37.770739808 ], [ -122.396143786, 37.770739607 ], [ -122.396146171, 37.770738683 ], [ -122.396146646, 37.770738497 ], [ -122.396149021, 37.770737554 ], [ -122.396149549, 37.770737341 ], [ -122.39615191, 37.770736378 ], [ -122.39615238, 37.770736184 ], [ -122.396154729, 37.770735203 ], [ -122.396155269, 37.770734975 ], [ -122.396157605, 37.770733973 ], [ -122.396158104, 37.770733756 ], [ -122.396160427, 37.770732735 ], [ -122.396160923, 37.770732514 ], [ -122.396163231, 37.770731475 ], [ -122.39616374, 37.770731243 ], [ -122.396166036, 37.770730184 ], [ -122.396166553, 37.770729943 ], [ -122.396168834, 37.770728865 ], [ -122.396169321, 37.770728632 ], [ -122.396171588, 37.770727536 ], [ -122.396172094, 37.770727289 ], [ -122.396174347, 37.770726174 ], [ -122.396174873, 37.77072591 ], [ -122.39617711, 37.770724776 ], [ -122.396177596, 37.770724527 ], [ -122.396179819, 37.770723375 ], [ -122.396180314, 37.770723116 ], [ -122.396182522, 37.770721946 ], [ -122.396183017, 37.77072168 ], [ -122.39618521, 37.770720492 ], [ -122.396185744, 37.7707202 ], [ -122.39618792, 37.770718993 ], [ -122.396188395, 37.770718726 ], [ -122.396190556, 37.770717502 ], [ -122.396191081, 37.770717202 ], [ -122.396193224, 37.77071596 ], [ -122.396193706, 37.770715678 ], [ -122.396195835, 37.770714418 ], [ -122.396196329, 37.770714122 ], [ -122.396198441, 37.770712845 ], [ -122.396198946, 37.770712536 ], [ -122.39620104, 37.770711242 ], [ -122.39620157, 37.770710911 ], [ -122.396203647, 37.770709598 ], [ -122.396204092, 37.770709314 ], [ -122.396206153, 37.770707986 ], [ -122.396206685, 37.770707639 ], [ -122.396208727, 37.770706293 ], [ -122.396209189, 37.770705986 ], [ -122.396211215, 37.770704624 ], [ -122.396211745, 37.770704264 ], [ -122.396213752, 37.770702884 ], [ -122.396214234, 37.770702548 ], [ -122.396216223, 37.770701152 ], [ -122.3962167, 37.770700814 ], [ -122.39621867, 37.770699403 ], [ -122.396219156, 37.770699052 ], [ -122.396221109, 37.770697624 ], [ -122.396221612, 37.770697252 ], [ -122.396223545, 37.770695808 ], [ -122.396224051, 37.770695426 ], [ -122.396225965, 37.770693965 ], [ -122.396226437, 37.770693601 ], [ -122.396228332, 37.770692125 ], [ -122.396228844, 37.770691722 ], [ -122.396230718, 37.77069023 ], [ -122.396231147, 37.770689885 ], [ -122.396233004, 37.770688379 ], [ -122.396233524, 37.770687952 ], [ -122.396235359, 37.77068643 ], [ -122.396235825, 37.77068604 ], [ -122.396237641, 37.770684503 ], [ -122.396238118, 37.770684095 ], [ -122.396239914, 37.770682543 ], [ -122.396240374, 37.770682142 ], [ -122.39624215, 37.770680576 ], [ -122.396242662, 37.770680118 ], [ -122.396244416, 37.770678536 ], [ -122.396244872, 37.770678121 ], [ -122.396246606, 37.770676525 ], [ -122.396247059, 37.770676104 ], [ -122.396248772, 37.770674495 ], [ -122.396249277, 37.770674016 ], [ -122.396250968, 37.770672391 ], [ -122.39625139, 37.770671981 ], [ -122.396253062, 37.770670343 ], [ -122.396253547, 37.770669862 ], [ -122.396255195, 37.770668211 ], [ -122.396255651, 37.770667749 ], [ -122.396257278, 37.770666084 ], [ -122.396257732, 37.770665615 ], [ -122.396259337, 37.770663937 ], [ -122.396259801, 37.770663447 ], [ -122.396261384, 37.770661755 ], [ -122.396261819, 37.770661284 ], [ -122.39626338, 37.77065958 ], [ -122.39626385, 37.770659062 ], [ -122.396265388, 37.770657344 ], [ -122.396265818, 37.770656859 ], [ -122.396267334, 37.770655129 ], [ -122.396267771, 37.770654624 ], [ -122.396269265, 37.770652881 ], [ -122.396269716, 37.770652348 ], [ -122.396271185, 37.770650594 ], [ -122.396271603, 37.770650091 ], [ -122.396273051, 37.770648324 ], [ -122.396273482, 37.770647792 ], [ -122.396274906, 37.770646014 ], [ -122.39627533, 37.770645477 ], [ -122.396276731, 37.770643687 ], [ -122.396277168, 37.770643123 ], [ -122.396278544, 37.770641322 ], [ -122.396278947, 37.770640789 ], [ -122.396280301, 37.770638976 ], [ -122.396280728, 37.770638396 ], [ -122.396282057, 37.770636572 ], [ -122.396282151, 37.770636442 ], [ -122.396355362, 37.770575446 ], [ -122.396433831, 37.770538753 ], [ -122.396687992, 37.770469462 ], [ -122.396695433, 37.770466909 ], [ -122.396793463, 37.770426036 ], [ -122.396800022, 37.770422828 ], [ -122.396994424, 37.770312902 ], [ -122.397085498, 37.770265505 ], [ -122.397249933, 37.770207903 ], [ -122.397271193, 37.770203076 ], [ -122.39728350970887, 37.770368948348725 ], [ -122.397317882756042, 37.770797459996444 ], [ -122.397264386, 37.770844002 ], [ -122.397264633802678, 37.770888366948292 ], [ -122.397208178975816, 37.770883466400925 ], [ -122.396695841830009, 37.771286960922012 ] ] ], [ [ [ -122.397391897, 37.770178807 ], [ -122.397391585, 37.770175744 ], [ -122.397407604, 37.770172107 ], [ -122.397608619, 37.770152379 ], [ -122.397655277, 37.770462243 ], [ -122.397664074058696, 37.770524350452675 ], [ -122.397431197222986, 37.770708066467122 ], [ -122.397391897, 37.770178807 ] ] ], [ [ [ -122.397729107, 37.770132064 ], [ -122.397758847, 37.770126097 ], [ -122.397799707020496, 37.770417349912705 ], [ -122.397774999526447, 37.770436841599455 ], [ -122.397729107, 37.770132064 ] ] ], [ [ [ -122.397878394, 37.770098871 ], [ -122.39793967, 37.770076583 ], [ -122.397997898966111, 37.770260996730428 ], [ -122.397910780583061, 37.770329724227821 ], [ -122.397878394, 37.770098871 ] ] ], [ [ [ -122.398344159, 37.770093659 ], [ -122.39834411, 37.770093473 ], [ -122.398343916, 37.770092771 ], [ -122.398343864, 37.770092587 ], [ -122.398343655, 37.770091887 ], [ -122.398343597, 37.770091702 ], [ -122.398343373, 37.770091006 ], [ -122.398343314, 37.77009083 ], [ -122.398343075, 37.770090136 ], [ -122.398343011, 37.770089957 ], [ -122.398342757, 37.770089267 ], [ -122.39834269, 37.770089091 ], [ -122.39834242, 37.770088405 ], [ -122.398342349, 37.770088229 ], [ -122.398342064, 37.770087546 ], [ -122.398341992, 37.770087378 ], [ -122.398341692, 37.7700867 ], [ -122.398341616, 37.770086531 ], [ -122.398341301, 37.770085857 ], [ -122.398341221, 37.770085689 ], [ -122.398340892, 37.77008502 ], [ -122.398340808, 37.770084853 ], [ -122.398340464, 37.770084188 ], [ -122.398340381, 37.770084033 ], [ -122.398340023, 37.770083373 ], [ -122.398339936, 37.770083217 ], [ -122.398339563, 37.770082561 ], [ -122.398339469, 37.7700824 ], [ -122.398339081, 37.77008175 ], [ -122.398338992, 37.770081604 ], [ -122.398338591, 37.770080959 ], [ -122.398338495, 37.770080809 ], [ -122.398338079, 37.77008017 ], [ -122.39833798, 37.770080022 ], [ -122.39833755, 37.770079389 ], [ -122.398337455, 37.770079251 ], [ -122.398337011, 37.770078624 ], [ -122.39833691, 37.770078484 ], [ -122.398336453, 37.770077863 ], [ -122.398336347, 37.770077722 ], [ -122.398335876, 37.770077108 ], [ -122.398335775, 37.770076979 ], [ -122.398335291, 37.770076371 ], [ -122.398335181, 37.770076236 ], [ -122.398334684, 37.770075636 ], [ -122.398334577, 37.770075509 ], [ -122.398334066, 37.770074915 ], [ -122.398333958, 37.770074792 ], [ -122.398333434, 37.770074205 ], [ -122.398333323, 37.770074083 ], [ -122.398332786, 37.770073503 ], [ -122.398332676, 37.770073386 ], [ -122.398332126, 37.770072814 ], [ -122.398332014, 37.770072699 ], [ -122.398331452, 37.770072135 ], [ -122.398331336, 37.77007202 ], [ -122.398330761, 37.770071464 ], [ -122.398330646, 37.770071354 ], [ -122.39833006, 37.770070806 ], [ -122.398329945, 37.7700707 ], [ -122.398329347, 37.77007016 ], [ -122.39832923, 37.770070057 ], [ -122.39832862, 37.770069525 ], [ -122.398328501, 37.770069423 ], [ -122.39832788, 37.7700689 ], [ -122.398327762, 37.770068802 ], [ -122.398327129, 37.770068288 ], [ -122.398327008, 37.770068191 ], [ -122.398326364, 37.770067686 ], [ -122.398326245, 37.770067594 ], [ -122.39832559, 37.770067098 ], [ -122.398325471, 37.770067009 ], [ -122.398324805, 37.770066521 ], [ -122.39832468, 37.770066431 ], [ -122.398324003, 37.770065954 ], [ -122.398323885, 37.770065872 ], [ -122.398323198, 37.770065403 ], [ -122.398323077, 37.770065321 ], [ -122.39832238, 37.770064862 ], [ -122.398322253, 37.77006478 ], [ -122.398321546, 37.770064331 ], [ -122.398321424, 37.770064255 ], [ -122.398320707, 37.770063815 ], [ -122.398320586, 37.770063743 ], [ -122.39831986, 37.770063313 ], [ -122.398319737, 37.770063242 ], [ -122.398319001, 37.770062822 ], [ -122.398318874, 37.770062751 ], [ -122.398318129, 37.770062342 ], [ -122.398318006, 37.770062276 ], [ -122.398317253, 37.770061878 ], [ -122.398317128, 37.770061813 ], [ -122.398316366, 37.770061425 ], [ -122.39831624, 37.770061362 ], [ -122.398315469, 37.770060985 ], [ -122.398315347, 37.770060926 ], [ -122.398314569, 37.770060559 ], [ -122.398314445, 37.770060502 ], [ -122.398313658, 37.770060146 ], [ -122.398313532, 37.77006009 ], [ -122.398312738, 37.770059745 ], [ -122.39831261, 37.77005969 ], [ -122.398311807, 37.770059357 ], [ -122.398311684, 37.770059306 ], [ -122.398310874, 37.770058984 ], [ -122.39831075, 37.770058935 ], [ -122.398309934, 37.770058624 ], [ -122.398309811, 37.770058578 ], [ -122.398308988, 37.770058277 ], [ -122.398308861, 37.770058232 ], [ -122.398308031, 37.770057943 ], [ -122.398307908, 37.770057901 ], [ -122.398307072, 37.770057624 ], [ -122.398306946, 37.770057583 ], [ -122.398306105, 37.770057318 ], [ -122.398305976, 37.770057278 ], [ -122.398305128, 37.770057025 ], [ -122.398305008, 37.77005699 ], [ -122.398304156, 37.770056748 ], [ -122.398304029, 37.770056712 ], [ -122.398303171, 37.770056482 ], [ -122.398303047, 37.77005645 ], [ -122.398302184, 37.770056232 ], [ -122.398302056, 37.7700562 ], [ -122.398301188, 37.770055994 ], [ -122.398301068, 37.770055966 ], [ -122.398300196, 37.770055772 ], [ -122.398300068, 37.770055744 ], [ -122.398299191, 37.770055562 ], [ -122.398299068, 37.770055537 ], [ -122.398298188, 37.770055367 ], [ -122.398298062, 37.770055344 ], [ -122.398297178, 37.770055186 ], [ -122.398297053, 37.770055165 ], [ -122.398296166, 37.770055019 ], [ -122.398296044, 37.770055 ], [ -122.398295154, 37.770054867 ], [ -122.39829503, 37.770054849 ], [ -122.398294137, 37.770054728 ], [ -122.398294009, 37.770054712 ], [ -122.398293113, 37.770054603 ], [ -122.39829299, 37.770054589 ], [ -122.398292092, 37.770054493 ], [ -122.398291969, 37.770054481 ], [ -122.398291069, 37.770054397 ], [ -122.398290946, 37.770054387 ], [ -122.398290044, 37.770054316 ], [ -122.398289919, 37.770054307 ], [ -122.398289016, 37.770054248 ], [ -122.398288893, 37.770054241 ], [ -122.398287989, 37.770054195 ], [ -122.398287863, 37.770054189 ], [ -122.398286959, 37.770054155 ], [ -122.398286833, 37.770054152 ], [ -122.398285927, 37.770054131 ], [ -122.398285805, 37.770054129 ], [ -122.398284899, 37.77005412 ], [ -122.398284774, 37.77005412 ], [ -122.398283868, 37.770054124 ], [ -122.398283743, 37.770054125 ], [ -122.398282838, 37.770054142 ], [ -122.398282712, 37.770054145 ], [ -122.398281807, 37.770054174 ], [ -122.398281685, 37.770054179 ], [ -122.39828078, 37.770054221 ], [ -122.398280655, 37.770054228 ], [ -122.398279752, 37.770054282 ], [ -122.398279633, 37.77005429 ], [ -122.398278731, 37.770054356 ], [ -122.398278598, 37.770054367 ], [ -122.398277698, 37.770054446 ], [ -122.398277578, 37.770054458 ], [ -122.39827668, 37.770054549 ], [ -122.398276554, 37.770054563 ], [ -122.398275658, 37.770054667 ], [ -122.39827553, 37.770054683 ], [ -122.398274637, 37.770054799 ], [ -122.398274517, 37.770054816 ], [ -122.398273626, 37.770054944 ], [ -122.398273498, 37.770054964 ], [ -122.39827261, 37.770055105 ], [ -122.398272485, 37.770055126 ], [ -122.398271601, 37.770055279 ], [ -122.398271476, 37.770055302 ], [ -122.398270595, 37.770055467 ], [ -122.398270472, 37.770055491 ], [ -122.398269595, 37.770055669 ], [ -122.398269466, 37.770055696 ], [ -122.398268592, 37.770055886 ], [ -122.39826847, 37.770055914 ], [ -122.398267601, 37.770056116 ], [ -122.398267476, 37.770056146 ], [ -122.398266611, 37.77005636 ], [ -122.398266487, 37.770056391 ], [ -122.398265628, 37.770056617 ], [ -122.3982655, 37.770056652 ], [ -122.398264645, 37.77005689 ], [ -122.398264522, 37.770056925 ], [ -122.398263673, 37.770057175 ], [ -122.398263547, 37.770057213 ], [ -122.398262703, 37.770057474 ], [ -122.398262579, 37.770057514 ], [ -122.398261741, 37.770057787 ], [ -122.398261613, 37.770057829 ], [ -122.398260782, 37.770058114 ], [ -122.398260661, 37.770058156 ], [ -122.398259835, 37.770058452 ], [ -122.398259708, 37.770058499 ], [ -122.39825889, 37.770058806 ], [ -122.398258763, 37.770058855 ], [ -122.398257951, 37.770059174 ], [ -122.398257827, 37.770059224 ], [ -122.398257023, 37.770059554 ], [ -122.398256899, 37.770059606 ], [ -122.398256102, 37.770059947 ], [ -122.398255976, 37.770060002 ], [ -122.398255186, 37.770060354 ], [ -122.398255063, 37.77006041 ], [ -122.398254282, 37.770060773 ], [ -122.398254154, 37.770060833 ], [ -122.39825338, 37.770061207 ], [ -122.398253258, 37.770061267 ], [ -122.398252493, 37.770061652 ], [ -122.398252368, 37.770061716 ], [ -122.398251611, 37.770062111 ], [ -122.398251486, 37.770062177 ], [ -122.398250738, 37.770062583 ], [ -122.398250615, 37.77006265 ], [ -122.398249876, 37.770063066 ], [ -122.398249752, 37.770063137 ], [ -122.398249022, 37.770063563 ], [ -122.3982489, 37.770063636 ], [ -122.39824818, 37.770064072 ], [ -122.398248057, 37.770064147 ], [ -122.398247346, 37.770064593 ], [ -122.398247221, 37.770064673 ], [ -122.398246521, 37.770065129 ], [ -122.398246399, 37.770065209 ], [ -122.398245708, 37.770065675 ], [ -122.398245587, 37.770065758 ], [ -122.398244906, 37.770066233 ], [ -122.398244786, 37.770066318 ], [ -122.398244116, 37.770066802 ], [ -122.398243996, 37.77006689 ], [ -122.398243337, 37.770067383 ], [ -122.398243213, 37.770067478 ], [ -122.398242565, 37.770067981 ], [ -122.398242507, 37.770068026 ], [ -122.398100465795252, 37.770180081988485 ], [ -122.398050425, 37.770021599 ], [ -122.398290912, 37.769832886 ], [ -122.398295568, 37.769828836 ], [ -122.398299791, 37.769824337 ], [ -122.398303539, 37.769819436 ], [ -122.398306774, 37.769814181 ], [ -122.398309462, 37.769808626 ], [ -122.398311575, 37.769802829 ], [ -122.398311675, 37.769802436 ], [ -122.398391779, 37.769847275 ], [ -122.398453809828027, 37.769896755850617 ], [ -122.398332349, 37.769992703 ], [ -122.398386168751813, 37.7702 ], [ -122.398367654292926, 37.7702 ], [ -122.398344544, 37.770095256 ], [ -122.398344525, 37.770095173 ], [ -122.39834438, 37.770094544 ], [ -122.398344337, 37.770094364 ], [ -122.398344159, 37.770093659 ] ] ] ] } },
{ "type": "Feature", "properties": { "project_name": "Mission Bay Commons", "site": "Mission Bay South", "status": "complete", "use": "park", "geometry_type": "real", "digitized_from": "OpenStreetMap (way 48569996, leisure=park, missionbayparks.com)", "digitization_method": "ADDED 2026-09-18 for Mission Bay's real-site pass: real, community-surveyed OpenStreetMap boundary (way 48569996), the same pattern already used for Pier 70's Crane Cove Park (data/manual/pier70_crane_cove_park.geojson) -- not a hand trace or plan-diagram estimate. HIGH CONFIDENCE -- real, community-surveyed OSM polygon tagged with the Mission Bay Parks system's own missionbayparks.com URL for this facility. Covers only this one mapped lot (roughly the Mission Bay Blvd. lawn/plaza between the Radiance and Nektar/Bayer buildings); the wider Mission Bay Commons interim-use area further west (Spark Social SF, Stagecoach Greens, the soccer field) is a separate, still-interim installation tracked as its own record below (Parklab Gardens & Mission Bay Commons interim area) pending the Future Parks Project's 2028-2030 construction.", "accuracy_caveat": "HIGH CONFIDENCE -- real, community-surveyed OSM polygon tagged with the Mission Bay Parks system's own missionbayparks.com URL for this facility. Covers only this one mapped lot (roughly the Mission Bay Blvd. lawn/plaza between the Radiance and Nektar/Bayer buildings); the wider Mission Bay Commons interim-use area further west (Spark Social SF, Stagecoach Greens, the soccer field) is a separate, still-interim installation tracked as its own record below (Parklab Gardens & Mission Bay Commons interim area) pending the Future Parks Project's 2028-2030 construction.", "why_no_real_parcel": null, "regulatory_context": null, "notes": "Completed as part of Mission Bay's original 1998 plan, open by fall 2010 per Wikipedia's Mission Bay article.", "images": null, "source_doc_urls": "['https://www.openstreetmap.org/way/48569996'\n 'https://missionbayparks.com/commons.php'\n 'https://en.wikipedia.org/wiki/Mission_Bay,_San_Francisco']", "street_clip_exempt": null, "p_number": "OCII's own materials title the combined feature 'Mission Bay Commons (P11, P12, P13, P15, P16, P17)' -- six separate open-space parcels with different build dates (P17 opened 2002, P16 in 2010, P11 in 2015; P12/P13/P15 are the interim-use strip, tracked separately below as 'Parklab Gardens & Mission Bay Commons interim west'). This record's real OSM way (48569996) covers one specific mapped lot (the Mission Bay Blvd lawn/plaza) within that six-parcel assemblage; which exact P-number(s) it corresponds to is NOT confirmed by any source found -- left unconfirmed rather than guessed. (https://sfocii.org/projects/mission-bay-south/open-space; https://sfocii.org/sites/default/files/2024-11/Item%205%20-%20Remaining%20Mission%20Bay%20Open%20Space%20Parcels%20Update.pdf)" }, "geometry": { "type": "MultiPolygon", "coordinates": [ [ [ [ -122.3866532, 37.7711603 ], [ -122.3866251, 37.7710711 ], [ -122.3865987, 37.7709753 ], [ -122.386579713785693, 37.770892775761588 ], [ -122.387679447, 37.770826561 ], [ -122.387711129, 37.771158088 ], [ -122.386676629359982, 37.771220373450447 ], [ -122.3866532, 37.7711603 ] ] ], [ [ [ -122.388633589658639, 37.770769102887463 ], [ -122.389315734765987, 37.770728023299874 ], [ -122.389347947231272, 37.771059515545133 ], [ -122.388665347888704, 37.771100623302708 ], [ -122.38863359, 37.770773791 ], [ -122.38863354, 37.770773223 ], [ -122.388633507, 37.770772703 ], [ -122.388633485, 37.770772181 ], [ -122.388633475, 37.770771658 ], [ -122.388633476, 37.770771136 ], [ -122.388633488, 37.770770616 ], [ -122.388633512, 37.770770094 ], [ -122.388633548, 37.770769572 ], [ -122.388633589658639, 37.770769102887463 ] ] ], [ [ [ -122.3884606474018, 37.770779517675329 ], [ -122.388615527431028, 37.770770190616233 ], [ -122.388615512, 37.770770807 ], [ -122.38861551, 37.770771006 ], [ -122.388615509, 37.770771725 ], [ -122.38861551, 37.770771918 ], [ -122.388615525, 37.770772638 ], [ -122.388615531, 37.770772836 ], [ -122.388615561, 37.770773555 ], [ -122.388615571, 37.770773748 ], [ -122.388615617, 37.770774466 ], [ -122.388615632, 37.77077467 ], [ -122.388615694, 37.770775387 ], [ -122.388615703, 37.770775482 ], [ -122.388647401671463, 37.771101704066638 ], [ -122.388492856399324, 37.771111011150872 ], [ -122.3884606474018, 37.770779517675329 ] ] ], [ [ [ -122.387801472, 37.770819214 ], [ -122.388442702049346, 37.770780598365739 ], [ -122.388474911085993, 37.771112091860367 ], [ -122.387833154, 37.77115074 ], [ -122.387801472, 37.770819214 ] ] ] ] } },
{ "type": "Feature", "properties": { "project_name": "Bayfront Park", "site": "Mission Bay South", "status": "complete", "use": "park", "geometry_type": "real", "digitized_from": "OpenStreetMap (way 1329130170, leisure=park, operator=Port of San Francisco, wikidata=Q3398575, sfport.com)", "digitization_method": "ADDED 2026-09-18 for Mission Bay's real-site pass: real, community-surveyed OpenStreetMap boundary (way 1329130170), the same pattern already used for Pier 70's Crane Cove Park (data/manual/pier70_crane_cove_park.geojson) -- not a hand trace or plan-diagram estimate. HIGH CONFIDENCE -- real, community-surveyed OSM polygon, independently confirmed via its Port of San Francisco operator tag and Wikidata id. Opened Oct 22, 2024 (5.4 acres at 16th St and Terry A. Francois Blvd, opposite Chase Center); occupies the plan's former P21/P22 open-space parcels (Mission Bay South Design Controls Plan Boundary/Block Map).", "accuracy_caveat": "HIGH CONFIDENCE -- real, community-surveyed OSM polygon, independently confirmed via its Port of San Francisco operator tag and Wikidata id. Opened Oct 22, 2024 (5.4 acres at 16th St and Terry A. Francois Blvd, opposite Chase Center); occupies the plan's former P21/P22 open-space parcels (Mission Bay South Design Controls Plan Boundary/Block Map).", "why_no_real_parcel": null, "regulatory_context": null, "notes": "Opened Oct 22, 2024, per SF Port and multiple press accounts; a Port-managed public park, not an OCII Community Facilities District park like the earlier-completed ones above.", "images": null, "source_doc_urls": "['https://www.openstreetmap.org/way/1329130170'\n 'https://www.sfport.com/bayfrontpark'\n 'https://sfstandard.com/2024/10/22/san-francisco-opens-two-new-waterfront-parks/'\n 'https://www.sf.gov/news--mayor-london-breed-celebrates-grand-opening-bayfront-park-mission-bay']", "street_clip_exempt": null, "p_number": "P22, 5.4 acres -- confirmed directly (not inferred) by the park's own landscape-architect project page. (https://www.lotuswater.com/mission-bay-bayfront-park-p22)" }, "geometry": { "type": "MultiPolygon", "coordinates": [ [ [ [ -122.386155, 37.7696449 ], [ -122.38569, 37.7696693 ], [ -122.3854569, 37.7696743 ], [ -122.3850346, 37.7687659 ], [ -122.3853462, 37.7679098 ], [ -122.3853527, 37.7673664 ], [ -122.3857576, 37.7667348 ], [ -122.3859624, 37.7667876 ], [ -122.385965960375529, 37.766824802480535 ], [ -122.385878533, 37.766999631 ], [ -122.385878151, 37.767000409 ], [ -122.385628726, 37.767517393 ], [ -122.385626626, 37.767522278 ], [ -122.385624959, 37.767527329 ], [ -122.385470634, 37.768073581 ], [ -122.385469321, 37.768079246 ], [ -122.385468553, 37.76808501 ], [ -122.385468336, 37.768090822 ], [ -122.385468673, 37.768096627 ], [ -122.385469561, 37.768102375 ], [ -122.385470991, 37.768108011 ], [ -122.385472951, 37.768113487 ], [ -122.385475422, 37.768118751 ], [ -122.385478383, 37.768123756 ], [ -122.385481806, 37.768128457 ], [ -122.385663204, 37.76835414 ], [ -122.385667074, 37.768358509 ], [ -122.385671343, 37.768362489 ], [ -122.385675972, 37.768366043 ], [ -122.386144608862836, 37.76869150637296 ], [ -122.3862312, 37.7695963 ], [ -122.386155, 37.7696449 ] ] ], [ [ [ -122.386129360392573, 37.768532174607934 ], [ -122.385752903, 37.768270729 ], [ -122.385596768, 37.768076476 ], [ -122.385741077, 37.767565676 ], [ -122.385987902766772, 37.767054079244893 ], [ -122.386129360392573, 37.768532174607934 ] ] ] ] } },
{ "type": "Feature", "properties": { "project_name": "Mission Bay Kids' Park", "site": "Mission Bay South", "status": "complete", "use": "park", "geometry_type": "real", "digitized_from": "OpenStreetMap (way 375747149, leisure=park, missionbayparks.com)", "digitization_method": "ADDED 2026-09-18 for Mission Bay's real-site pass: real, community-surveyed OpenStreetMap boundary (way 375747149), the same pattern already used for Pier 70's Crane Cove Park (data/manual/pier70_crane_cove_park.geojson) -- not a hand trace or plan-diagram estimate. HIGH CONFIDENCE -- real, community-surveyed OSM polygon tagged with the Mission Bay Parks system's own URL for this facility, at Long Bridge St & China Basin St.", "accuracy_caveat": "HIGH CONFIDENCE -- real, community-surveyed OSM polygon tagged with the Mission Bay Parks system's own URL for this facility, at Long Bridge St & China Basin St.", "why_no_real_parcel": null, "regulatory_context": null, "notes": "A completed, standing neighborhood playground (natural-play themed); part of the Mission Bay Parks system now managed by SF Recreation and Parks since July 2023.", "images": null, "source_doc_urls": "['https://www.openstreetmap.org/way/375747149'\n 'https://missionbayparks.com/childrens-park/'\n 'https://sfrecpark.org/Facilities/Facility/Details/Mission-Bay-Kids-Park-454']", "street_clip_exempt": null, "p_number": "Likely P6 ('Kids Park') per OCII's South open-space parcel list, though OCII's own CAC map separately labels a nearby 'Children's Park' near China Basin Park whose wording doesn't exactly match this park's name -- treated as an unconfirmed inference, not a settled match. (https://sfocii.org/projects/mission-bay-south/open-space)" }, "geometry": { "type": "Polygon", "coordinates": [ [ [ -122.3921946, 37.7727804 ], [ -122.3921614, 37.772434 ], [ -122.3921518, 37.7723366 ], [ -122.3921146, 37.771951 ], [ -122.3933102, 37.7718725 ], [ -122.393322543024041, 37.771897751377416 ], [ -122.393260393, 37.77194684 ], [ -122.393090057756339, 37.772081376495876 ], [ -122.3921946, 37.7727804 ] ] ] } },
{ "type": "Feature", "properties": { "project_name": "Parklab Gardens & Mission Bay Commons (interim, west)", "site": "Mission Bay South", "status": "existing", "use": "park", "geometry_type": "real", "digitized_from": "OpenStreetMap (way 446183018, leisure=garden, parklab.com)", "digitization_method": "ADDED 2026-09-18 for Mission Bay's real-site pass: real, community-surveyed OpenStreetMap boundary (way 446183018), the same pattern already used for Pier 70's Crane Cove Park (data/manual/pier70_crane_cove_park.geojson) -- not a hand trace or plan-diagram estimate. MEDIUM CONFIDENCE -- real, community-surveyed OSM polygon for the current interim installation (Parklab Gardens; the wider parcel also hosts Spark Social SF, Stagecoach Greens mini golf, Urban Sprouts community garden and an SFF soccer field per SF Rec & Park's own Future Parks Project page). Marked 'existing' rather than 'complete' because this is explicitly an interim use, not the plan's final build-out: OCII's Mission Bay Future Parks Project will redesign parcels P12/P13/P15 into a permanent, unified extension of the Commons (planning 2024-25, design mid-2026, construction targeted late 2028, public opening targeted early 2030). This feature traces only the Parklab Gardens sub-area, the most clearly-bounded of several interim uses on the same parcels -- a second pass could digitize the soccer-field/Stagecoach Greens portions separately.", "accuracy_caveat": "MEDIUM CONFIDENCE -- real, community-surveyed OSM polygon for the current interim installation (Parklab Gardens; the wider parcel also hosts Spark Social SF, Stagecoach Greens mini golf, Urban Sprouts community garden and an SFF soccer field per SF Rec & Park's own Future Parks Project page). Marked 'existing' rather than 'complete' because this is explicitly an interim use, not the plan's final build-out: OCII's Mission Bay Future Parks Project will redesign parcels P12/P13/P15 into a permanent, unified extension of the Commons (planning 2024-25, design mid-2026, construction targeted late 2028, public opening targeted early 2030). This feature traces only the Parklab Gardens sub-area, the most clearly-bounded of several interim uses on the same parcels -- a second pass could digitize the soccer-field/Stagecoach Greens portions separately.", "why_no_real_parcel": null, "regulatory_context": null, "notes": "Interim open-space use on the future P12/P13/P15 parcels; will be rebuilt as part of the Mission Bay Future Parks Project (SF Rec & Park, planning underway 2024-2026, construction not expected before late 2028).", "images": null, "source_doc_urls": "['https://www.openstreetmap.org/way/446183018' 'https://www.parklab.com/'\n 'https://sfrecpark.org/1832/Mission-Bay-Future-Parks-Project']", "street_clip_exempt": null, "p_number": "Likely corresponds to P12 (SFF Soccer + Fitness Court), P13 (Community Garden & SPARK Social SF) and/or P15 (Parklab Gardens & Stagecoach Greens) within OCII's 'Mission Bay Commons (P11, P12, P13, P15, P16, P17)' assemblage, since those three are the still-interim installations (P11/P16/P17 are the already-completed park build-outs, tracked separately as 'Mission Bay Commons' above). INFERRED from OCII's Nov 2024 CAC parcel-map update, not an explicit one-to-one match to this record's own real-mapped boundary. (https://sfocii.org/sites/default/files/2024-11/Item%205%20-%20Remaining%20Mission%20Bay%20Open%20Space%20Parcels%20Update.pdf)" }, "geometry": { "type": "MultiPolygon", "coordinates": [ [ [ [ -122.3897363, 37.7710337 ], [ -122.3897067, 37.7710029 ], [ -122.3896979, 37.7709112 ], [ -122.3896858, 37.7707859 ], [ -122.3897164, 37.7707516 ], [ -122.389747, 37.7707173 ], [ -122.3903332, 37.7706817 ], [ -122.3905941, 37.7706658 ], [ -122.3910174, 37.7706401 ], [ -122.391102230703396, 37.770635221324355 ], [ -122.391132518, 37.770952021 ], [ -122.389749890593734, 37.771035306995877 ], [ -122.3897363, 37.7710337 ] ] ], [ [ [ -122.3913669, 37.77062 ], [ -122.3915561, 37.7706085 ], [ -122.3918355, 37.7705916 ], [ -122.3924995, 37.7705512 ], [ -122.3926992, 37.7705391 ], [ -122.392762561778042, 37.770536287393334 ], [ -122.392791920985815, 37.770843301934399 ], [ -122.3925255, 37.7708523 ], [ -122.3918666, 37.7708933 ], [ -122.3915824, 37.770911 ], [ -122.3913654, 37.7709245 ], [ -122.391253959433115, 37.77093856599538 ], [ -122.391224287389491, 37.770628201755287 ], [ -122.3913669, 37.77062 ] ] ], [ [ [ -122.3930236, 37.7705247 ], [ -122.394172042806048, 37.770453804003161 ], [ -122.394202007, 37.770767065 ], [ -122.39297658362797, 37.770840914267552 ], [ -122.392914493441793, 37.770841673780531 ], [ -122.392884771165114, 37.770530862562339 ], [ -122.3930236, 37.7705247 ] ] ], [ [ [ -122.394335, 37.7704458 ], [ -122.3943749, 37.7704554 ], [ -122.3944208, 37.7704531 ], [ -122.3944437, 37.7704688 ], [ -122.3944691, 37.7707189 ], [ -122.3944683, 37.770725 ], [ -122.3944661, 37.7707307 ], [ -122.3944625, 37.770735 ], [ -122.3944571, 37.7707393 ], [ -122.394431669882579, 37.770753223714486 ], [ -122.394324033, 37.770759711 ], [ -122.394294054023803, 37.770446294516624 ], [ -122.394335, 37.7704458 ] ] ] ] } },
{ "type": "Feature", "properties": { "project_name": "The Beacon", "site": "Mission Bay North", "status": "complete", "use": "residential", "geometry_type": "real", "digitized_from": "OpenStreetMap (ways 149253142 and 288671185, addr:housename=The Beacon, 250 & 260 King St)", "digitization_method": "ADDED 2026-09-18 for Mission Bay's second real-site pass: real, address-tagged OpenStreetMap building footprints for both towers of The Beacon (250 King St and 260 King St), one of the first major Mission Bay North residential developments (Catellus, ~595 units, completed circa 2003-2004). Registered as a single MultiPolygon record for the one named complex, mirroring how this project already combines multi-part named features (e.g. Pier 70's Irish Hill Playground and Irish Hill Corner Plaza).", "accuracy_caveat": "REAL -- surveyed OpenStreetMap building footprint(s), not a hand trace or plan estimate. The underlying Assessor parcel is condo-mapped across many individually owned per-unit lots (confirmed against data/raw/parcels.geojson), so no single blklot represents the whole building and it cannot be joined via status.csv the way a single-owner parcel can. Using the real building footprint from OSM instead of a fabricated or arbitrarily chosen 'representative' unit lot, the same real-geometry-without-a-single-parcel pattern already used for several Pier 70 buildings (DataSF Building Footprints) and for Mission Bay's own real park polygons.", "why_no_real_parcel": null, "regulatory_context": null, "notes": "Full-block mixed-use condominium complex at 250/260 King St; ground-floor retail (grocery, bank, spa) below residential floors. Architect attribution conflicts between sources (Brand + Allen Architects per one architect-portfolio source vs. SOM/HKS per an aggregator) and is not resolved here -- not recorded as a fact pending a primary-source confirmation.", "images": null, "source_doc_urls": "['https://www.openstreetmap.org/way/149253142'\n 'https://www.openstreetmap.org/way/288671185'\n 'https://www.catellus.com/mission-bay']", "street_clip_exempt": null, "p_number": null }, "geometry": { "type": "MultiPolygon", "coordinates": [ [ [ [ -122.3936801, 37.7779645 ], [ -122.3936066, 37.7779079 ], [ -122.3935385, 37.777855 ], [ -122.3933894, 37.7777402 ], [ -122.3933634, 37.7777203 ], [ -122.3932308, 37.777617 ], [ -122.3930666, 37.7774899 ], [ -122.3930256, 37.777523 ], [ -122.3929961, 37.7775002 ], [ -122.3924782, 37.7779146 ], [ -122.3925176, 37.7779454 ], [ -122.3925352, 37.7779591 ], [ -122.39249, 37.7779953 ], [ -122.3924448, 37.77796 ], [ -122.3923505, 37.7780089 ], [ -122.3921695, 37.7781881 ], [ -122.3923223, 37.7782974 ], [ -122.3927452, 37.7786465 ], [ -122.3927615, 37.7786344 ], [ -122.3927985, 37.7786632 ], [ -122.3932614, 37.7783004 ], [ -122.3936801, 37.7779645 ] ] ], [ [ [ -122.3938638, 37.7778054 ], [ -122.3937938, 37.7777548 ], [ -122.3937247, 37.7776982 ], [ -122.3937452, 37.7776832 ], [ -122.393697, 37.7776456 ], [ -122.3935988, 37.7775724 ], [ -122.3935693, 37.7775516 ], [ -122.3934374, 37.7774559 ], [ -122.3934156, 37.7774383 ], [ -122.393405, 37.7774464 ], [ -122.393277, 37.7773264 ], [ -122.3933152, 37.777297 ], [ -122.3932832, 37.7772713 ], [ -122.3932822, 37.7772712 ], [ -122.3933172, 37.7772442 ], [ -122.3933022, 37.7772319 ], [ -122.3933452, 37.777199 ], [ -122.3933592, 37.7772107 ], [ -122.3933842, 37.7771918 ], [ -122.3933672, 37.7771788 ], [ -122.3934112, 37.7771453 ], [ -122.3934262, 37.7771578 ], [ -122.3934522, 37.7771377 ], [ -122.3934332, 37.7771224 ], [ -122.3934762, 37.7770894 ], [ -122.3934942, 37.7771042 ], [ -122.3935202, 37.777084 ], [ -122.3935022, 37.777069 ], [ -122.3935442, 37.7770361 ], [ -122.3935622, 37.7770506 ], [ -122.3935872, 37.7770313 ], [ -122.3935702, 37.7770177 ], [ -122.3936122, 37.7769847 ], [ -122.3936292, 37.7769979 ], [ -122.3936552, 37.7769776 ], [ -122.3936402, 37.7769656 ], [ -122.3936832, 37.7769327 ], [ -122.3936972, 37.7769442 ], [ -122.3937232, 37.7769242 ], [ -122.3937072, 37.7769116 ], [ -122.3937492, 37.7768786 ], [ -122.3937642, 37.7768907 ], [ -122.3938032, 37.7768606 ], [ -122.3938662, 37.7769113 ], [ -122.393886, 37.776896 ], [ -122.3939022, 37.7768835 ], [ -122.3938332, 37.7768277 ], [ -122.3938502, 37.7768147 ], [ -122.3938422, 37.7768088 ], [ -122.3938992, 37.7767646 ], [ -122.3939062, 37.7767701 ], [ -122.3939182, 37.7767611 ], [ -122.3939112, 37.7767558 ], [ -122.3939682, 37.7767116 ], [ -122.3939742, 37.7767165 ], [ -122.3939852, 37.7767082 ], [ -122.3939782, 37.7767028 ], [ -122.3940352, 37.7766586 ], [ -122.3940422, 37.7766637 ], [ -122.3940542, 37.7766543 ], [ -122.3940462, 37.7766479 ], [ -122.3941032, 37.7766037 ], [ -122.3941102, 37.7766096 ], [ -122.3941272, 37.7765968 ], [ -122.3941492, 37.7766144 ], [ -122.3941552, 37.7766098 ], [ -122.3942112, 37.7766552 ], [ -122.3942062, 37.7766589 ], [ -122.3942092, 37.7766615 ], [ -122.3942022, 37.7766674 ], [ -122.3942742, 37.7767231 ], [ -122.3942615, 37.776735 ], [ -122.3942892, 37.7767576 ], [ -122.3943082, 37.7767427 ], [ -122.3943622, 37.7767863 ], [ -122.3943702, 37.7767803 ], [ -122.3944152, 37.7768165 ], [ -122.3944072, 37.776822 ], [ -122.3944352, 37.7768442 ], [ -122.3944432, 37.7768384 ], [ -122.3944872, 37.7768745 ], [ -122.3944802, 37.77688 ], [ -122.3945102, 37.7769035 ], [ -122.3945172, 37.7768974 ], [ -122.3945622, 37.7769336 ], [ -122.3945552, 37.7769393 ], [ -122.3945832, 37.7769619 ], [ -122.3945902, 37.7769566 ], [ -122.3946352, 37.7769928 ], [ -122.3946282, 37.7769977 ], [ -122.3946572, 37.7770208 ], [ -122.3946642, 37.7770154 ], [ -122.3947092, 37.7770516 ], [ -122.3947022, 37.7770566 ], [ -122.3947252, 37.7770752 ], [ -122.3947092, 37.7770875 ], [ -122.3947492, 37.7771192 ], [ -122.3943125, 37.7774629 ], [ -122.3942943, 37.7774484 ], [ -122.3942678, 37.7774678 ], [ -122.3942862, 37.7774831 ], [ -122.3938638, 37.7778054 ] ] ] ] } },
{ "type": "Feature", "properties": { "project_name": "Avalon at Mission Bay I", "site": "Mission Bay North", "status": "complete", "use": "residential", "geometry_type": "real", "digitized_from": "OpenStreetMap (way 945538326, 255 King St)", "digitization_method": "ADDED 2026-09-18 for Mission Bay's second real-site pass: real, address-tagged OpenStreetMap building footprint for Phase I of AvalonBay Communities' three-phase Mission Bay North rental complex (255 King St, ~250 units, built circa 2003, architect Arquitectonica).", "accuracy_caveat": "REAL -- surveyed OpenStreetMap building footprint(s), not a hand trace or plan estimate. The underlying Assessor parcel is condo-mapped across many individually owned per-unit lots (confirmed against data/raw/parcels.geojson), so no single blklot represents the whole building and it cannot be joined via status.csv the way a single-owner parcel can. Using the real building footprint from OSM instead of a fabricated or arbitrarily chosen 'representative' unit lot, the same real-geometry-without-a-single-parcel pattern already used for several Pier 70 buildings (DataSF Building Footprints) and for Mission Bay's own real park polygons.", "why_no_real_parcel": null, "regulatory_context": null, "notes": "First of three AvalonBay phases along King St; a companion OSM landuse way (867565682) covers the same site but the building way used here is the actual footprint.", "images": null, "source_doc_urls": "['https://www.openstreetmap.org/way/945538326'\n 'https://arquitectonica.com/architecture/project/avalon-mission-bay/']", "street_clip_exempt": null, "p_number": null }, "geometry": { "type": "Polygon", "coordinates": [ [ [ -122.3928519, 37.7769472 ], [ -122.3928325, 37.7769316 ], [ -122.3928079, 37.7769508 ], [ -122.3924295, 37.7766463 ], [ -122.3932816, 37.7759846 ], [ -122.393397, 37.7760774 ], [ -122.3933362, 37.7761245 ], [ -122.3934309, 37.7762008 ], [ -122.3934871, 37.7761573 ], [ -122.3936757, 37.7763094 ], [ -122.3932714, 37.7766226 ], [ -122.3932428, 37.7765995 ], [ -122.393218, 37.7765657 ], [ -122.3932186, 37.7765284 ], [ -122.3931237, 37.7764571 ], [ -122.3930939, 37.7765194 ], [ -122.3931642, 37.7766217 ], [ -122.3932098, 37.7766685 ], [ -122.3928519, 37.7769472 ] ] ] } },
{ "type": "Feature", "properties": { "project_name": "Avalon at Mission Bay II", "site": "Mission Bay North", "status": "complete", "use": "residential", "geometry_type": "real", "digitized_from": "DataSF Parcels -- Active and Retired (blklot 8705011, real cadastral land-parcel boundary)", "digitization_method": "REPLACED 2026-09-18 (second correction, after the owner flagged the first fix was still tracing individual building rooftops rather than the site itself): the real Assessor land parcel 8705011 -- the same one this parcel's condo-style unit lots are all mapped against -- gives the full rectangular site boundary (grounds, courtyard and building together), matching the owner's own sketch of what the shape should look like, rather than a tight building-only outline. Still real, official DataSF cadastral data, not a hand trace.", "accuracy_caveat": "REAL -- official DataSF Assessor parcel boundary (blklot 8705011), ~6093 sq m, not a hand trace or plan estimate. 301 King St, 313 units per secondary sources, opened 2006, architect Arquitectonica. This is the whole site/land parcel, not just the building's rooftop -- it includes any courtyard, landscaping or parking within the lot line. The parcel is condo-mapped for ownership purposes across many individually owned per-unit lots sharing this same footprint (confirmed against data/raw/parcels.geojson), so no single blklot represents one owner and it cannot be joined via status.csv the way a single-owner parcel can.", "why_no_real_parcel": null, "regulatory_context": null, "notes": "One of three AvalonBay phases along King St.", "images": null, "source_doc_urls": "['https://arquitectonica.com/architecture/project/avalon-mission-bay/'\n 'https://data.sfgov.org/Geographic-Locations-and-Boundaries/Parcels-Active-and-Retired/acdm-wktn']", "street_clip_exempt": null, "p_number": null }, "geometry": { "type": "Polygon", "coordinates": [ [ [ -122.394258484, 37.775823818 ], [ -122.393965489, 37.776055227 ], [ -122.393964048, 37.776054078 ], [ -122.39355661239783, 37.775729066705416 ], [ -122.394497140087594, 37.77498718342045 ], [ -122.394905414, 37.77531286 ], [ -122.394258484, 37.775823818 ] ] ] } },
{ "type": "Feature", "properties": { "project_name": "Avalon at Mission Bay III", "site": "Mission Bay North", "status": "complete", "use": "residential", "geometry_type": "real", "digitized_from": "DataSF Parcels -- Active and Retired (blklot 8705006, real cadastral land-parcel boundary)", "digitization_method": "REPLACED 2026-09-18 (second correction, after the owner flagged the first fix was still tracing individual building rooftops rather than the site itself): the real Assessor land parcel 8705006 -- the same one this parcel's condo-style unit lots are all mapped against -- gives the full rectangular site boundary (grounds, courtyard and building together), matching the owner's own sketch of what the shape should look like, rather than a tight building-only outline. Still real, official DataSF cadastral data, not a hand trace.", "accuracy_caveat": "REAL -- official DataSF Assessor parcel boundary (blklot 8705006), ~6093 sq m, not a hand trace or plan estimate. 353-383 King St, 260 units per secondary sources; grand opening June 18, 2009 per AvalonBay's own investor-relations press release. This is the whole site/land parcel, not just the building's rooftop -- it includes any courtyard, landscaping or parking within the lot line. The parcel is condo-mapped for ownership purposes across many individually owned per-unit lots sharing this same footprint (confirmed against data/raw/parcels.geojson), so no single blklot represents one owner and it cannot be joined via status.csv the way a single-owner parcel can.", "why_no_real_parcel": null, "regulatory_context": null, "notes": "One of three AvalonBay phases along King St.", "images": null, "source_doc_urls": "['https://investors.avalonbay.com/news-events/press-releases/detail/333/avalonbay-celebrates-grand-opening-of-avalon-at-mission-bay-iii-a-community-committed-to-sustainable-living'\n 'https://data.sfgov.org/Geographic-Locations-and-Boundaries/Parcels-Active-and-Retired/acdm-wktn']", "street_clip_exempt": null, "p_number": null }, "geometry": { "type": "Polygon", "coordinates": [ [ [ -122.395943399, 37.774493019 ], [ -122.395003518, 37.775235374 ], [ -122.394595307811102, 37.774909749237501 ], [ -122.395526951, 37.774174874 ], [ -122.39552751, 37.774174441 ], [ -122.395528048, 37.774174038 ], [ -122.395528596, 37.774173642 ], [ -122.395529154, 37.774173253 ], [ -122.395529723, 37.774172869 ], [ -122.395530303, 37.774172492 ], [ -122.395530889, 37.774172124 ], [ -122.395531485, 37.774171764 ], [ -122.395532094, 37.774171409 ], [ -122.39553271, 37.774171062 ], [ -122.395533333, 37.774170725 ], [ -122.395533965, 37.774170395 ], [ -122.395534605, 37.774170073 ], [ -122.395535255, 37.774169759 ], [ -122.395535913, 37.774169454 ], [ -122.395536577, 37.774169158 ], [ -122.395537109426442, 37.774168929817236 ], [ -122.395943399, 37.774493019 ] ] ] } },
{ "type": "Feature", "properties": { "project_name": "Madrone", "site": "Mission Bay South", "status": "complete", "use": "residential", "geometry_type": "real", "digitized_from": "OpenStreetMap (way 142845124, addr:housename=Madrone Mission Bay, 480 Mission Bay Blvd N)", "digitization_method": "ADDED 2026-09-18 for Mission Bay's second real-site pass: real, address-tagged OpenStreetMap building footprint for Madrone, a two-tower Bosa Development luxury condominium complex (329-330 units per secondary sources, opened 2011-2012, architect Perkins & Will per secondary sources) sharing Assessor Block 8720 with its sister project Radiance. Point-in-polygon checked against DataSF's official 'Former San Francisco Redevelopment Agency Project Areas' layer (m288-24sn): this site falls in Mission Bay South, not Mission Bay North as this project's own brief informally grouped it -- corrected here against the authoritative boundary rather than the brief's casual wording.", "accuracy_caveat": "REAL -- surveyed OpenStreetMap building footprint(s), not a hand trace or plan estimate. The underlying Assessor parcel is condo-mapped across many individually owned per-unit lots (confirmed against data/raw/parcels.geojson), so no single blklot represents the whole building and it cannot be joined via status.csv the way a single-owner parcel can. Using the real building footprint from OSM instead of a fabricated or arbitrarily chosen 'representative' unit lot, the same real-geometry-without-a-single-parcel pattern already used for several Pier 70 buildings (DataSF Building Footprints) and for Mission Bay's own real park polygons.", "why_no_real_parcel": null, "regulatory_context": null, "notes": "Exact opening year (2011 vs. 2012) and unit count (329 vs. 330) are inconsistently reported across sources; not resolved here.", "images": null, "source_doc_urls": "['https://www.openstreetmap.org/way/142845124'\n 'https://bosadevelopment.com/project/radiance-madrone-mission-bay/']", "street_clip_exempt": null, "p_number": null }, "geometry": { "type": "MultiPolygon", "coordinates": [ [ [ [ -122.3879513, 37.7714225 ], [ -122.3879414, 37.7714231 ], [ -122.3879396, 37.7714019 ], [ -122.3879482, 37.7714014 ], [ -122.3879472, 37.7713898 ], [ -122.3879389, 37.7713902 ], [ -122.3879363, 37.7713596 ], [ -122.3879445, 37.7713591 ], [ -122.3879437, 37.7713501 ], [ -122.3879328, 37.7713507 ], [ -122.3879308, 37.7713269 ], [ -122.3879427, 37.7713263 ], [ -122.3879414, 37.7713114 ], [ -122.3879816, 37.7713093 ], [ -122.387977786832749, 37.771264421954704 ], [ -122.388115235833169, 37.771256144523377 ], [ -122.3881938, 37.771252 ], [ -122.388193741675721, 37.771251416757302 ], [ -122.388220478072896, 37.771249806642345 ], [ -122.3882211, 37.7712566 ], [ -122.3882524, 37.7712547 ], [ -122.388251757959893, 37.771247922910085 ], [ -122.388342352298224, 37.771242467152589 ], [ -122.3883442, 37.771262 ], [ -122.3883848, 37.7712596 ], [ -122.3883852, 37.7712638 ], [ -122.3884128, 37.7712621 ], [ -122.3884114, 37.7712464 ], [ -122.388487524748626, 37.77124191092809 ], [ -122.388537345, 37.771754658 ], [ -122.38853737, 37.771754939 ], [ -122.388537411, 37.771755481 ], [ -122.388537438, 37.771756004 ], [ -122.388537454, 37.771756526 ], [ -122.388537458, 37.771757048 ], [ -122.388537451, 37.771757571 ], [ -122.388537432, 37.771758091 ], [ -122.388537402, 37.77175861 ], [ -122.388537361, 37.771759131 ], [ -122.388537307, 37.771759655 ], [ -122.388537243, 37.771760175 ], [ -122.388537167, 37.771760695 ], [ -122.388537079, 37.771761216 ], [ -122.38853698, 37.771761734 ], [ -122.38853687, 37.77176225 ], [ -122.388536747, 37.77176277 ], [ -122.388536612, 37.77176329 ], [ -122.388536467, 37.771763805 ], [ -122.388536309, 37.771764321 ], [ -122.38853614, 37.771764836 ], [ -122.388535959, 37.771765349 ], [ -122.388535766, 37.771765862 ], [ -122.388535562, 37.771766372 ], [ -122.388535345, 37.771766884 ], [ -122.388535116, 37.771767393 ], [ -122.388534877, 37.771767898 ], [ -122.388534626, 37.771768401 ], [ -122.388534361, 37.771768905 ], [ -122.388534086, 37.771769405 ], [ -122.388533797, 37.771769905 ], [ -122.388533496, 37.771770402 ], [ -122.388533186, 37.771770893 ], [ -122.388532863, 37.771771384 ], [ -122.388532527, 37.771771872 ], [ -122.388532181, 37.771772356 ], [ -122.388531821, 37.771772838 ], [ -122.38853145, 37.771773317 ], [ -122.388531068, 37.77177379 ], [ -122.388530675, 37.77177426 ], [ -122.388530268, 37.771774727 ], [ -122.38852985, 37.77177519 ], [ -122.388529423, 37.771775647 ], [ -122.388528984, 37.771776098 ], [ -122.388528531, 37.771776548 ], [ -122.388528067, 37.771776994 ], [ -122.388527596, 37.771777429 ], [ -122.388527111, 37.771777862 ], [ -122.388526615, 37.771778291 ], [ -122.388526109, 37.771778712 ], [ -122.388525593, 37.771779127 ], [ -122.388525064, 37.771779537 ], [ -122.388524526, 37.771779942 ], [ -122.388523979, 37.771780337 ], [ -122.388523422, 37.771780727 ], [ -122.388522853, 37.771781111 ], [ -122.388522274, 37.771781488 ], [ -122.388521687, 37.771781857 ], [ -122.388521092, 37.771782218 ], [ -122.388520488, 37.771782571 ], [ -122.388519871, 37.771782918 ], [ -122.388519247, 37.771783258 ], [ -122.388518616, 37.771783588 ], [ -122.388517974, 37.771783911 ], [ -122.388517325, 37.771784225 ], [ -122.38851667, 37.77178453 ], [ -122.388516004, 37.771784827 ], [ -122.388515331, 37.771785116 ], [ -122.388514653, 37.771785395 ], [ -122.388513968, 37.771785664 ], [ -122.388513272, 37.771785926 ], [ -122.388512573, 37.771786178 ], [ -122.388511868, 37.771786419 ], [ -122.388511154, 37.771786653 ], [ -122.388510435, 37.771786876 ], [ -122.388509711, 37.77178709 ], [ -122.388508982, 37.771787293 ], [ -122.388508247, 37.771787487 ], [ -122.388507508, 37.771787671 ], [ -122.388506764, 37.771787844 ], [ -122.388506016, 37.771788007 ], [ -122.388505262, 37.771788161 ], [ -122.388504506, 37.771788304 ], [ -122.388503748, 37.771788436 ], [ -122.388502982, 37.771788558 ], [ -122.388502215, 37.771788669 ], [ -122.388501448, 37.77178877 ], [ -122.388500677, 37.77178886 ], [ -122.388499902, 37.771788939 ], [ -122.388499126, 37.771789009 ], [ -122.38849835, 37.771789066 ], [ -122.388497569, 37.771789114 ], [ -122.388496791, 37.771789151 ], [ -122.388496013, 37.771789176 ], [ -122.38849523, 37.771789191 ], [ -122.388494446, 37.771789195 ], [ -122.388493668, 37.771789188 ], [ -122.388492886, 37.771789171 ], [ -122.388492105, 37.771789142 ], [ -122.388491327, 37.771789103 ], [ -122.388490547, 37.771789053 ], [ -122.388489771, 37.771788993 ], [ -122.388488996, 37.771788921 ], [ -122.388488224, 37.771788839 ], [ -122.388487454, 37.771788746 ], [ -122.388486683, 37.771788642 ], [ -122.388485916, 37.771788528 ], [ -122.388485155, 37.771788404 ], [ -122.388484397, 37.771788269 ], [ -122.388483643, 37.771788124 ], [ -122.388482889, 37.771787968 ], [ -122.38848214, 37.771787802 ], [ -122.388481399, 37.771787626 ], [ -122.388480661, 37.77178744 ], [ -122.388479927, 37.771787244 ], [ -122.388479198, 37.771787037 ], [ -122.388478475, 37.771786822 ], [ -122.38847776, 37.771786597 ], [ -122.388477049, 37.771786361 ], [ -122.388476344, 37.771786116 ], [ -122.388475644, 37.771785862 ], [ -122.388474953, 37.771785599 ], [ -122.388474268, 37.771785326 ], [ -122.388473591, 37.771785045 ], [ -122.388472921, 37.771784755 ], [ -122.388472258, 37.771784455 ], [ -122.388471602, 37.771784147 ], [ -122.388470955, 37.771783831 ], [ -122.388470318, 37.771783507 ], [ -122.388469688, 37.771783175 ], [ -122.388469066, 37.771782834 ], [ -122.388468454, 37.771782486 ], [ -122.388467851, 37.77178213 ], [ -122.388467255, 37.771781765 ], [ -122.38846667, 37.771781394 ], [ -122.388466096, 37.771781017 ], [ -122.388465531, 37.771780632 ], [ -122.388464974, 37.77178024 ], [ -122.388464429, 37.771779841 ], [ -122.388463893, 37.771779436 ], [ -122.388463339, 37.771779002 ], [ -122.388145506, 37.771525619 ], [ -122.38814479, 37.771525104 ], [ -122.388144028, 37.771524661 ], [ -122.388143226, 37.771524296 ], [ -122.388142392, 37.771524011 ], [ -122.388141534, 37.771523809 ], [ -122.38814066, 37.771523692 ], [ -122.388139779, 37.771523661 ], [ -122.388138899, 37.771523717 ], [ -122.388138029, 37.771523858 ], [ -122.388137177, 37.771524085 ], [ -122.388136351, 37.771524393 ], [ -122.38813556, 37.771524782 ], [ -122.38813481, 37.771525245 ], [ -122.388134109, 37.771525781 ], [ -122.388133465, 37.771526382 ], [ -122.388132882, 37.771527043 ], [ -122.388132367, 37.771527759 ], [ -122.388131925, 37.771528521 ], [ -122.388131559, 37.771529323 ], [ -122.388131274, 37.771530158 ], [ -122.388131072, 37.771531016 ], [ -122.388130955, 37.771531889 ], [ -122.388130924, 37.771532771 ], [ -122.38813098, 37.77153365 ], [ -122.388131121, 37.77153452 ], [ -122.388131348, 37.771535372 ], [ -122.388131656, 37.771536198 ], [ -122.388132045, 37.77153699 ], [ -122.388132508, 37.771537739 ], [ -122.388133044, 37.77153844 ], [ -122.388133645, 37.771539085 ], [ -122.388134306, 37.771539667 ], [ -122.388452169, 37.771793074 ], [ -122.38845223, 37.771793122 ], [ -122.388452874, 37.771793627 ], [ -122.388452993, 37.771793719 ], [ -122.388453649, 37.771794215 ], [ -122.388453771, 37.771794305 ], [ -122.388454438, 37.771794792 ], [ -122.388454558, 37.771794879 ], [ -122.388455235, 37.771795356 ], [ -122.388455356, 37.77179544 ], [ -122.388456043, 37.771795908 ], [ -122.388456167, 37.771795991 ], [ -122.388456865, 37.771796449 ], [ -122.388456989, 37.77179653 ], [ -122.388457697, 37.771796978 ], [ -122.388457817, 37.771797053 ], [ -122.388458534, 37.771797492 ], [ -122.388458656, 37.771797565 ], [ -122.388459384, 37.771797995 ], [ -122.38845951, 37.771798068 ], [ -122.388460246, 37.771798486 ], [ -122.388460368, 37.771798554 ], [ -122.388461113, 37.771798963 ], [ -122.388461237, 37.77179903 ], [ -122.388461992, 37.771799428 ], [ -122.388462117, 37.771799493 ], [ -122.38846288, 37.771799881 ], [ -122.388463006, 37.771799943 ], [ -122.388463777, 37.77180032 ], [ -122.388463899, 37.771800379 ], [ -122.388464678, 37.771800745 ], [ -122.388464804, 37.771800803 ], [ -122.388465592, 37.771801158 ], [ -122.388465715, 37.771801213 ], [ -122.38846651, 37.771801557 ], [ -122.388466637, 37.771801611 ], [ -122.388467439, 37.771801944 ], [ -122.388467561, 37.771801994 ], [ -122.388468371, 37.771802316 ], [ -122.3884685, 37.771802366 ], [ -122.388469317, 37.771802677 ], [ -122.388469439, 37.771802722 ], [ -122.388470262, 37.771803022 ], [ -122.388470389, 37.771803067 ], [ -122.388471219, 37.771803355 ], [ -122.388471341, 37.771803397 ], [ -122.388472177, 37.771803673 ], [ -122.388472304, 37.771803714 ], [ -122.388473146, 37.771803979 ], [ -122.388473273, 37.771804019 ], [ -122.388474121, 37.771804271 ], [ -122.388474243, 37.771804307 ], [ -122.388475097, 37.771804549 ], [ -122.388475222, 37.771804583 ], [ -122.38847608, 37.771804813 ], [ -122.388476204, 37.771804845 ], [ -122.388477067, 37.771805063 ], [ -122.388477195, 37.771805094 ], [ -122.388478062, 37.771805299 ], [ -122.388478187, 37.771805328 ], [ -122.388479059, 37.771805521 ], [ -122.388479181, 37.771805548 ], [ -122.388480058, 37.771805729 ], [ -122.388480183, 37.771805754 ], [ -122.388481063, 37.771805924 ], [ -122.38848119, 37.771805947 ], [ -122.388482074, 37.771806104 ], [ -122.388482199, 37.771806126 ], [ -122.388483086, 37.77180627 ], [ -122.388483211, 37.77180629 ], [ -122.388484101, 37.771806422 ], [ -122.388484223, 37.77180644 ], [ -122.388485117, 37.77180656 ], [ -122.38848524, 37.771806576 ], [ -122.388486135, 37.771806684 ], [ -122.388486263, 37.771806698 ], [ -122.388487161, 37.771806793 ], [ -122.388487284, 37.771806806 ], [ -122.388488184, 37.771806889 ], [ -122.38848831, 37.771806899 ], [ -122.388489212, 37.77180697 ], [ -122.388489335, 37.771806978 ], [ -122.388490238, 37.771807036 ], [ -122.38849036, 37.771807043 ], [ -122.388491264, 37.771807089 ], [ -122.388491394, 37.771807095 ], [ -122.388492298, 37.771807127 ], [ -122.388492417, 37.771807131 ], [ -122.388493323, 37.771807151 ], [ -122.388493451, 37.771807153 ], [ -122.388494357, 37.771807161 ], [ -122.388494483, 37.771807161 ], [ -122.388495389, 37.771807156 ], [ -122.388495507, 37.771807155 ], [ -122.388496412, 37.771807138 ], [ -122.388496538, 37.771807135 ], [ -122.388497443, 37.771807105 ], [ -122.388497572, 37.7718071 ], [ -122.388498476, 37.771807057 ], [ -122.388498599, 37.771807051 ], [ -122.388499502, 37.771806996 ], [ -122.388499624, 37.771806987 ], [ -122.388500526, 37.77180692 ], [ -122.388500655, 37.77180691 ], [ -122.388501555, 37.77180683 ], [ -122.388501674, 37.771806818 ], [ -122.388502573, 37.771806726 ], [ -122.3885027, 37.771806712 ], [ -122.388503596, 37.771806607 ], [ -122.388503719, 37.771806592 ], [ -122.388504612, 37.771806475 ], [ -122.388504743, 37.771806457 ], [ -122.388505634, 37.771806327 ], [ -122.388505751, 37.771806309 ], [ -122.388506639, 37.771806168 ], [ -122.388506767, 37.771806146 ], [ -122.388507652, 37.771805992 ], [ -122.388507777, 37.77180597 ], [ -122.388508658, 37.771805803 ], [ -122.388508783, 37.771805779 ], [ -122.388509661, 37.7718056 ], [ -122.388509783, 37.771805574 ], [ -122.388510656, 37.771805384 ], [ -122.388510783, 37.771805355 ], [ -122.388511652, 37.771805152 ], [ -122.388511775, 37.771805123 ], [ -122.38851264, 37.771804908 ], [ -122.388512767, 37.771804876 ], [ -122.388513627, 37.771804649 ], [ -122.38851375, 37.771804615 ], [ -122.388514604, 37.771804377 ], [ -122.388514731, 37.77180434 ], [ -122.388515581, 37.77180409 ], [ -122.388515705, 37.771804052 ], [ -122.388516548, 37.77180379 ], [ -122.388516672, 37.771803751 ], [ -122.38851751, 37.771803477 ], [ -122.388517632, 37.771803436 ], [ -122.388518464, 37.771803151 ], [ -122.388518594, 37.771803105 ], [ -122.388519419, 37.771802808 ], [ -122.38851954, 37.771802764 ], [ -122.388520359, 37.771802455 ], [ -122.388520484, 37.771802407 ], [ -122.388521295, 37.771802088 ], [ -122.388521422, 37.771802037 ], [ -122.388522226, 37.771801706 ], [ -122.388522351, 37.771801654 ], [ -122.388523149, 37.771801312 ], [ -122.388523272, 37.771801258 ], [ -122.388524061, 37.771800905 ], [ -122.388524185, 37.771800849 ], [ -122.388524966, 37.771800485 ], [ -122.388525094, 37.771800425 ], [ -122.388525867, 37.77180005 ], [ -122.388525989, 37.77179999 ], [ -122.388526754, 37.771799605 ], [ -122.388526878, 37.771799541 ], [ -122.388527634, 37.771799146 ], [ -122.388527761, 37.771799079 ], [ -122.388528508, 37.771798672 ], [ -122.388528628, 37.771798606 ], [ -122.388529367, 37.77179819 ], [ -122.388529491, 37.771798119 ], [ -122.388530221, 37.771797693 ], [ -122.388530347, 37.771797617 ], [ -122.388531067, 37.771797181 ], [ -122.38853119, 37.771797105 ], [ -122.3885319, 37.771796658 ], [ -122.388532022, 37.77179658 ], [ -122.388532723, 37.771796123 ], [ -122.388532842, 37.771796044 ], [ -122.388533532, 37.771795579 ], [ -122.388533655, 37.771795494 ], [ -122.388534335, 37.771795019 ], [ -122.388534456, 37.771794933 ], [ -122.388535125, 37.771794448 ], [ -122.38853525, 37.771794356 ], [ -122.388535908, 37.771793862 ], [ -122.388536022, 37.771793775 ], [ -122.38853667, 37.771793272 ], [ -122.388536793, 37.771793175 ], [ -122.38853743, 37.771792663 ], [ -122.388537548, 37.771792566 ], [ -122.388538172, 37.771792046 ], [ -122.388538291, 37.771791945 ], [ -122.388538905, 37.771791416 ], [ -122.388539019, 37.771791316 ], [ -122.388539621, 37.771790778 ], [ -122.388539741, 37.771790669 ], [ -122.388540331, 37.771790123 ], [ -122.388540447, 37.771790013 ], [ -122.388541025, 37.771789459 ], [ -122.388541135, 37.771789352 ], [ -122.3885417, 37.771788791 ], [ -122.388541815, 37.771788674 ], [ -122.388542368, 37.771788105 ], [ -122.388542482, 37.771787985 ], [ -122.388543023, 37.771787408 ], [ -122.388543134, 37.771787287 ], [ -122.388543661, 37.771786703 ], [ -122.388543769, 37.771786581 ], [ -122.388544284, 37.77178599 ], [ -122.388544392, 37.771785863 ], [ -122.388544894, 37.771785264 ], [ -122.388545001, 37.771785133 ], [ -122.38854549, 37.771784527 ], [ -122.388545596, 37.771784393 ], [ -122.388546071, 37.77178378 ], [ -122.388546171, 37.771783649 ], [ -122.388546633, 37.77178303 ], [ -122.388546737, 37.771782887 ], [ -122.388547185, 37.771782262 ], [ -122.388547282, 37.771782123 ], [ -122.388547716, 37.771781492 ], [ -122.388547814, 37.771781346 ], [ -122.388548234, 37.771780709 ], [ -122.38854833, 37.771780561 ], [ -122.388548736, 37.771779919 ], [ -122.388548832, 37.771779763 ], [ -122.388549223, 37.771779115 ], [ -122.388549309, 37.771778968 ], [ -122.388549687, 37.771778315 ], [ -122.388549778, 37.771778154 ], [ -122.388550141, 37.771777495 ], [ -122.388550225, 37.771777339 ], [ -122.388550573, 37.771776676 ], [ -122.388550658, 37.771776511 ], [ -122.388550991, 37.771775843 ], [ -122.388551072, 37.771775677 ], [ -122.388551391, 37.771775004 ], [ -122.388551469, 37.771774834 ], [ -122.388551773, 37.771774157 ], [ -122.388551846, 37.77177399 ], [ -122.388552136, 37.771773308 ], [ -122.388552206, 37.771773137 ], [ -122.388552481, 37.771772452 ], [ -122.38855255, 37.771772273 ], [ -122.388552809, 37.771771584 ], [ -122.388552872, 37.771771411 ], [ -122.388553116, 37.771770719 ], [ -122.388553179, 37.771770534 ], [ -122.388553408, 37.771769838 ], [ -122.388553464, 37.771769661 ], [ -122.388553677, 37.771768962 ], [ -122.388553732, 37.771768775 ], [ -122.38855393, 37.771768073 ], [ -122.388553981, 37.771767886 ], [ -122.388554163, 37.771767181 ], [ -122.388554208, 37.771767 ], [ -122.388554375, 37.771766294 ], [ -122.388554418, 37.771766102 ], [ -122.38855457, 37.771765393 ], [ -122.388554609, 37.771765199 ], [ -122.388554745, 37.771764489 ], [ -122.38855478, 37.771764296 ], [ -122.3885549, 37.771763584 ], [ -122.388554929, 37.771763393 ], [ -122.388555034, 37.771762679 ], [ -122.388555061, 37.771762481 ], [ -122.388555149, 37.771761766 ], [ -122.388555171, 37.771761572 ], [ -122.388555244, 37.771760856 ], [ -122.388555262, 37.771760663 ], [ -122.388555319, 37.771759946 ], [ -122.388555333, 37.771759747 ], [ -122.388555374, 37.771759028 ], [ -122.388555384, 37.771758829 ], [ -122.388555409, 37.77175811 ], [ -122.388555414, 37.771757911 ], [ -122.388555424, 37.771757192 ], [ -122.388555424, 37.771756998 ], [ -122.388555418, 37.77175628 ], [ -122.388555415, 37.771756081 ], [ -122.388555393, 37.771755362 ], [ -122.388555385, 37.771755168 ], [ -122.388555348, 37.77175445 ], [ -122.388555335, 37.771754252 ], [ -122.388555282, 37.771753534 ], [ -122.388555269, 37.771753382 ], [ -122.388555234, 37.771752999 ], [ -122.388555229, 37.771752947 ], [ -122.38850547221881, 37.771240852566841 ], [ -122.388660036928329, 37.771231737895093 ], [ -122.388731413512716, 37.771966299181052 ], [ -122.3886918, 37.7719687 ], [ -122.3886925, 37.7719769 ], [ -122.3886547, 37.7719791 ], [ -122.388654, 37.7719711 ], [ -122.3886192, 37.7719732 ], [ -122.3886168, 37.7719481 ], [ -122.388596, 37.7719493 ], [ -122.3885981, 37.7719716 ], [ -122.3885436, 37.7719748 ], [ -122.3885415, 37.7719526 ], [ -122.3885098, 37.7719545 ], [ -122.3885121, 37.7719785 ], [ -122.3884995, 37.7719793 ], [ -122.3885003, 37.7719884 ], [ -122.3884638, 37.7719906 ], [ -122.3884629, 37.7719814 ], [ -122.388438307517688, 37.771982849556885 ], [ -122.388004532, 37.77163704 ], [ -122.388003816, 37.771636525 ], [ -122.388003054, 37.771636083 ], [ -122.388002252, 37.771635717 ], [ -122.388001417, 37.771635432 ], [ -122.388000559, 37.77163523 ], [ -122.387999685, 37.771635113 ], [ -122.387998804, 37.771635082 ], [ -122.387997925, 37.771635138 ], [ -122.387997055, 37.77163528 ], [ -122.387996203, 37.771635506 ], [ -122.387995377, 37.771635815 ], [ -122.387994585, 37.771636203 ], [ -122.387993836, 37.771636667 ], [ -122.387993135, 37.771637202 ], [ -122.38799249, 37.771637803 ], [ -122.387991908, 37.771638465 ], [ -122.387991393, 37.77163918 ], [ -122.38799095, 37.771639943 ], [ -122.387990585, 37.771640745 ], [ -122.387990299, 37.771641579 ], [ -122.387990097, 37.771642437 ], [ -122.38798998, 37.771643311 ], [ -122.38798995, 37.771644192 ], [ -122.387990005, 37.771645072 ], [ -122.387990147, 37.771645942 ], [ -122.387990373, 37.771646794 ], [ -122.387990682, 37.771647619 ], [ -122.38799107, 37.771648411 ], [ -122.387991534, 37.771649161 ], [ -122.387992069, 37.771649861 ], [ -122.387992671, 37.771650506 ], [ -122.387993332, 37.771651089 ], [ -122.38841387841552, 37.771986351778537 ], [ -122.3884145, 37.7719935 ], [ -122.3883779, 37.7719957 ], [ -122.3883771, 37.7719867 ], [ -122.3883263, 37.7719897 ], [ -122.3883272, 37.7719987 ], [ -122.3882915, 37.7720008 ], [ -122.3882907, 37.7719919 ], [ -122.3882403, 37.7719949 ], [ -122.3882412, 37.7720038 ], [ -122.3882047, 37.772006 ], [ -122.388204, 37.7719977 ], [ -122.3881373, 37.7720016 ], [ -122.3881381, 37.77201 ], [ -122.3881067, 37.7720118 ], [ -122.388106, 37.7720042 ], [ -122.3880944, 37.7720048 ], [ -122.3880951, 37.7720125 ], [ -122.3880526, 37.772015 ], [ -122.3880519, 37.7720078 ], [ -122.388006, 37.7720105 ], [ -122.3879974, 37.771917 ], [ -122.3879866, 37.7719177 ], [ -122.3879847, 37.7718968 ], [ -122.387996, 37.7718961 ], [ -122.3879915, 37.7718469 ], [ -122.3879808, 37.7718475 ], [ -122.3879788, 37.7718259 ], [ -122.3879896, 37.7718253 ], [ -122.3879888, 37.7718166 ], [ -122.3879853, 37.7717778 ], [ -122.3879768, 37.7717782 ], [ -122.3879749, 37.7717573 ], [ -122.3879831, 37.7717569 ], [ -122.3879787, 37.7717076 ], [ -122.3879699, 37.7717081 ], [ -122.387968, 37.7716875 ], [ -122.3879759, 37.7716871 ], [ -122.3879654, 37.7715678 ], [ -122.3879559, 37.7715683 ], [ -122.387954, 37.7715461 ], [ -122.387962, 37.7715456 ], [ -122.3879579, 37.7714985 ], [ -122.3879491, 37.771499 ], [ -122.387947, 37.7714748 ], [ -122.3879558, 37.7714743 ], [ -122.3879527, 37.7714381 ], [ -122.3879513, 37.7714225 ] ] ], [ [ [ -122.3889337, 37.7712156 ], [ -122.3889362, 37.7712419 ], [ -122.3889364, 37.7712444 ], [ -122.3889504, 37.7712374 ], [ -122.3889639, 37.7712311 ], [ -122.388961461837781, 37.771205183238671 ], [ -122.389179833996977, 37.77119203246604 ], [ -122.3891804, 37.7711984 ], [ -122.3892079, 37.7711968 ], [ -122.389207330834083, 37.771190376555992 ], [ -122.389298010514466, 37.771184915659042 ], [ -122.3892997, 37.7712035 ], [ -122.3893423, 37.771201 ], [ -122.3893446, 37.7712258 ], [ -122.3893361, 37.7712263 ], [ -122.3893368, 37.7712343 ], [ -122.3893418, 37.7712355 ], [ -122.3893516, 37.7713424 ], [ -122.3893525, 37.7713525 ], [ -122.3893629, 37.7713519 ], [ -122.3893651, 37.7713768 ], [ -122.3893156, 37.7713796 ], [ -122.3893177, 37.7714018 ], [ -122.3893299, 37.7714011 ], [ -122.3893556, 37.7713996 ], [ -122.3893583, 37.7714286 ], [ -122.3893614, 37.7714616 ], [ -122.389368, 37.7714613 ], [ -122.3893718, 37.771502 ], [ -122.3893652, 37.7715024 ], [ -122.3893679, 37.7715318 ], [ -122.3893708, 37.771563 ], [ -122.3893785, 37.7715625 ], [ -122.3893825, 37.7716056 ], [ -122.3893749, 37.7716061 ], [ -122.3893776, 37.7716349 ], [ -122.3893803, 37.7716646 ], [ -122.3893882, 37.7716642 ], [ -122.3893924, 37.771709 ], [ -122.3893845, 37.7717095 ], [ -122.3893872, 37.7717378 ], [ -122.38939, 37.7717679 ], [ -122.3893981, 37.7717674 ], [ -122.389402, 37.7718086 ], [ -122.3893938, 37.771809 ], [ -122.3893968, 37.7718405 ], [ -122.3893998, 37.7718732 ], [ -122.3894092, 37.7718726 ], [ -122.3894131, 37.771914 ], [ -122.3892874, 37.7719215 ], [ -122.3892882, 37.7719316 ], [ -122.389283, 37.7719319 ], [ -122.389284, 37.7719416 ], [ -122.3892528, 37.7719434 ], [ -122.3892519, 37.7719341 ], [ -122.3891255, 37.7719417 ], [ -122.3891264, 37.771951 ], [ -122.3890873, 37.7719533 ], [ -122.3890864, 37.7719443 ], [ -122.3890381, 37.7719472 ], [ -122.389039, 37.7719562 ], [ -122.3890027, 37.7719584 ], [ -122.3890018, 37.7719486 ], [ -122.3889509, 37.7719517 ], [ -122.3889518, 37.7719614 ], [ -122.388916, 37.7719636 ], [ -122.3889151, 37.7719545 ], [ -122.3888646, 37.7719575 ], [ -122.3888654, 37.7719666 ], [ -122.3888308, 37.7719686 ], [ -122.3888299, 37.7719599 ], [ -122.3887783, 37.771963 ], [ -122.3887792, 37.7719717 ], [ -122.388750156677389, 37.771973422245544 ], [ -122.388677985285995, 37.771230679481505 ], [ -122.3889337, 37.7712156 ] ] ] ] } },
{ "type": "Feature", "properties": { "project_name": "Arden", "site": "Mission Bay South", "status": "complete", "use": "residential", "geometry_type": "real", "digitized_from": "OpenStreetMap (way 394698460, addr:housenumber=708;718;738, Long Bridge St)", "digitization_method": "ADDED 2026-09-18 for Mission Bay's second real-site pass: real, address-tagged OpenStreetMap building footprint for Arden, a 267-unit, 16-story Bosa Development condominium tower at 708-718 Long Bridge St along Mission Creek, completed 2016, architect Chris Dikeakos Architects per a single realtor source (not independently confirmed on a primary permit or press document). Point-in-polygon checked against DataSF's official redevelopment-area layer: this site falls in Mission Bay South.", "accuracy_caveat": "REAL -- surveyed OpenStreetMap building footprint(s), not a hand trace or plan estimate. The underlying Assessor parcel is condo-mapped across many individually owned per-unit lots (confirmed against data/raw/parcels.geojson), so no single blklot represents the whole building and it cannot be joined via status.csv the way a single-owner parcel can. Using the real building footprint from OSM instead of a fabricated or arbitrarily chosen 'representative' unit lot, the same real-geometry-without-a-single-parcel pattern already used for several Pier 70 buildings (DataSF Building Footprints) and for Mission Bay's own real park polygons.", "why_no_real_parcel": null, "regulatory_context": null, "notes": "Architect attribution rests on one secondary (realtor) source; would benefit from primary confirmation.", "images": null, "source_doc_urls": "['https://www.openstreetmap.org/way/394698460'\n 'https://kinokorealestate.com/developments/arden']", "street_clip_exempt": null, "p_number": null }, "geometry": { "type": "Polygon", "coordinates": [ [ [ -122.3947183, 37.7714512 ], [ -122.3949365, 37.7716272 ], [ -122.3939424, 37.7724161 ], [ -122.3938898, 37.7723718 ], [ -122.3934651, 37.7720337 ], [ -122.3937013, 37.7718423 ], [ -122.3940314, 37.7715774 ], [ -122.3941059, 37.7715206 ], [ -122.3942421, 37.7714108 ], [ -122.3944703, 37.7712375 ], [ -122.3947183, 37.7714512 ] ] ] } },
{ "type": "Feature", "properties": { "project_name": "One Mission Bay", "site": "Mission Bay South", "status": "complete", "use": "residential", "geometry_type": "real", "digitized_from": "OpenStreetMap (way 563104192, name=One Mission Bay)", "digitization_method": "ADDED 2026-09-18 for Mission Bay's second real-site pass: real OpenStreetMap building footprint for One Mission Bay, a 350-unit, two-building (a 13-16 story tower plus a 6-story perimeter building, sources disagree on the tower's exact story count) waterfront condominium development at 110 Channel St/1000 3rd St, developed by CIM Group and Strada Investment Group, designed by Arquitectonica, completed 2018. Point-in-polygon checked against DataSF's official redevelopment-area layer: this site falls in Mission Bay South, not Mission Bay North as this project's own brief informally grouped it. CORRECTED 2026-09-19: the owner flagged (relaying a claim from another AI tool, which was checked here rather than trusted directly) that this record covers only part of the real development. Confirmed via the DataSF Assessor: 110 Channel St and 1000 3rd St condo units (many individual unit blklots under block 8715) all geocode to the same point, which is the centroid of blklot 8715007 -- a common-area/master lot with no street address of its own, distinct from a per-unit lot. That master lot's own boundary extends beyond this record's original OSM-sourced tower footprint (confirmed visually against satellite: the tracked shape stopped short of part of the building massing near the shared courtyard/pool area). Geometry replaced with the union of the original OSM tower way and Assessor blklot 8715007's real boundary -- both real, surveyed sources, combined rather than either alone. Did not add the 'approximately 50,000 sq ft of retail' figure the owner's AI-tool source gave: the only primary-adjacent source found for that number is older marketing copy describing planned retail for the surrounding Mission Bay neighborhood as a whole (alongside the UCSF hospital and the then-under-construction Chase Center), not specifically this building's own ground floor -- left out per the never-fabricate rule rather than asserted on an unverified attribution.", "accuracy_caveat": "REAL -- union of a surveyed OpenStreetMap building footprint and a real DataSF Assessor parcel boundary (blklot 8715007, the site's common-area/master lot), not a hand trace or plan estimate. The underlying Assessor parcel is otherwise condo-mapped across many individually owned per-unit lots (confirmed against data/raw/parcels.geojson), so no single per-unit blklot represents the whole building and it cannot be joined via status.csv the way a single-owner parcel can; blklot 8715007 (the master lot) is the exception used here. Real-geometry-without-a-single-owner-parcel pattern already used for several Pier 70 buildings (DataSF Building Footprints) and for Mission Bay's own real park polygons.", "why_no_real_parcel": null, "regulatory_context": null, "notes": "350 condominium units across two connected structures (a high-rise tower plus a lower perimeter building) at 1000 3rd St and 110 Channel St, unit sizes 495-1,528 sq ft per real-estate listings; amenities include a 24-hour doorperson, heated outdoor pool, fitness center, and resident lounge/dining space. A claimed ~50,000 sq ft of ground-floor retail could not be confirmed as specific to this building (see digitization_method) -- not asserted here.", "images": null, "source_doc_urls": "['https://www.openstreetmap.org/way/563104192'\n 'https://stradasf.com/what-we-do/development/one-mission-bay/'\n 'https://data.sf.gov/resource/wv5m-vpq2.json?parcel_number=8715007'\n 'https://www.compass.com/building/one-mission-bay-san-francisco-ca/776843632918628669/']", "street_clip_exempt": null, "p_number": null }, "geometry": { "type": "Polygon", "coordinates": [ [ [ -122.391700337, 37.774664886 ], [ -122.391669309174759, 37.774689392947764 ], [ -122.3916905, 37.7747061 ], [ -122.3909425, 37.7752982 ], [ -122.390923, 37.7752828 ], [ -122.3908282, 37.7753576 ], [ -122.3908479, 37.7753731 ], [ -122.3901746, 37.7759061 ], [ -122.3901424, 37.7756657 ], [ -122.3900866, 37.7751214 ], [ -122.3903181, 37.7751066 ], [ -122.3903569, 37.7754854 ], [ -122.3906751, 37.775239 ], [ -122.390787, 37.7753294 ], [ -122.390875632184901, 37.775260750021118 ], [ -122.39046332, 37.774931824 ], [ -122.390657973, 37.774778144 ], [ -122.3906439, 37.774630951 ], [ -122.391586612, 37.774574162 ], [ -122.391700337, 37.774664886 ] ] ] } },
{ "type": "Feature", "properties": { "project_name": "Radiance", "site": "Mission Bay South", "status": "complete", "use": "residential", "geometry_type": "real", "digitized_from": "OpenStreetMap (way 1258086102, addr:housename=Radiance at Mission Bay, 325 China Basin St)", "digitization_method": "ADDED 2026-09-18 for Mission Bay's second real-site pass: real, address-tagged OpenStreetMap building footprint for Radiance, a 99-unit, 9-story Bosa Development condominium tower at 325 China Basin St/330 Mission Bay Blvd N, completed circa 2008-2009, notable as one of the first major US condo developments to open after the 2008 financial crisis. Shares Assessor Block 8720 with its sister project Madrone. Point-in-polygon checked against DataSF's official redevelopment-area layer: this site falls in Mission Bay South, not Mission Bay North as this project's own brief informally grouped it.", "accuracy_caveat": "REAL -- surveyed OpenStreetMap building footprint(s), not a hand trace or plan estimate. The underlying Assessor parcel is condo-mapped across many individually owned per-unit lots (confirmed against data/raw/parcels.geojson), so no single blklot represents the whole building and it cannot be joined via status.csv the way a single-owner parcel can. Using the real building footprint from OSM instead of a fabricated or arbitrarily chosen 'representative' unit lot, the same real-geometry-without-a-single-parcel pattern already used for several Pier 70 buildings (DataSF Building Footprints) and for Mission Bay's own real park polygons.", "why_no_real_parcel": null, "regulatory_context": null, "notes": "Story count is reported as 9 by two independent realtor sources; one outlier source says 16, which appears to conflate Radiance with the taller sister building Madrone -- not used here.", "images": null, "source_doc_urls": "['https://www.openstreetmap.org/way/1258086102'\n 'https://bosadevelopment.com/project/radiance-madrone-mission-bay/']", "street_clip_exempt": null, "p_number": null }, "geometry": { "type": "Polygon", "coordinates": [ [ [ -122.3877192, 37.7714915 ], [ -122.3877232, 37.7715348 ], [ -122.3877447, 37.7717637 ], [ -122.387749, 37.7718095 ], [ -122.3877676, 37.7720074 ], [ -122.3874522, 37.7720259 ], [ -122.3871404, 37.7720441 ], [ -122.3871219, 37.7718465 ], [ -122.3870926, 37.7715331 ], [ -122.387072453681242, 37.771318933714916 ], [ -122.387699463994707, 37.771281181963808 ], [ -122.3877192, 37.7714915 ] ] ] } },
{ "type": "Feature", "properties": { "project_name": "UCSF Medical Center at Mission Bay", "site": "Mission Bay South", "status": "complete", "use": "institutional", "geometry_type": "real", "digitized_from": "OpenStreetMap (way 580277612, name=UCSF Medical Center at Mission Bay, amenity=hospital, operator=University of California San Francisco, 1975 4th St)", "digitization_method": "ADDED 2026-09-18 for Mission Bay's UCSF campus pass: real OSM building footprint for the main hospital complex, which houses UCSF Benioff Children's Hospital, UCSF Bakar Cancer Hospital and Betty Irene Moore Women's Hospital under one roof.", "accuracy_caveat": "REAL -- surveyed OpenStreetMap building footprint, not a hand trace or plan estimate. This is the opposite situation from Mission Bay's condo-mapped residential towers (Avalon, Radiance, etc.): here, ONE large Assessor land parcel spans SEVERAL UCSF buildings (confirmed against data/raw/parcels.geojson and DataSF's Assessor tax roll -- e.g. blklot 8711507 at 675 Nelson Rising Lane alone is ~13 acres, far larger than any single building on it), so using the parcel boundary per building would make multiple records overlap and double-count the same ground. The real building footprint is the only non-overlapping, honest shape for each one.", "why_no_real_parcel": null, "regulatory_context": null, "notes": "289-bed hospital complex (183-bed Benioff Children's Hospital, 36-bed Betty Irene Moore Women's Hospital, 70-bed Bakar Cancer Hospital), ~878,000 sq ft, ~$1.52 billion project cost. Architect of record Anshen+Allen (later absorbed into Stantec), design collaborator William McDonough + Partners. Opened Feb 1, 2015 after ~10 years of planning and 5 years of construction.", "images": null, "source_doc_urls": "['https://www.openstreetmap.org/way/580277612'\n 'https://www.ucsfhealth.org/'\n 'https://www.ucsf.edu/news/2014/11/121086/ucsf-medical-center-opens-15-billion-next-generation-hospital-complex-mission'\n 'https://www.dpr.com/projects/ucsf-medical-center-at-mission-bay']", "street_clip_exempt": null, "p_number": null }, "geometry": { "type": "Polygon", "coordinates": [ [ [ -122.3892993, 37.7667689 ], [ -122.3892586, 37.766337 ], [ -122.3890793, 37.7645786 ], [ -122.3890954, 37.7645256 ], [ -122.3891223, 37.7644917 ], [ -122.3906699, 37.7643645 ], [ -122.3907074, 37.7643772 ], [ -122.3907208, 37.7645807 ], [ -122.3906511, 37.7648034 ], [ -122.3905358, 37.7650218 ], [ -122.390622763165709, 37.765048341260588 ], [ -122.390626266, 37.765052535 ], [ -122.390630541, 37.765056737 ], [ -122.390635208, 37.765060499 ], [ -122.390640221, 37.765063786 ], [ -122.390645532, 37.765066566 ], [ -122.39065109, 37.765068812 ], [ -122.390656841, 37.765070503 ], [ -122.39066273, 37.765071621 ], [ -122.390668701, 37.765072157 ], [ -122.390674695, 37.765072105 ], [ -122.390680656, 37.765071466 ], [ -122.390686525, 37.765070246 ], [ -122.39069048005193, 37.765069008534006 ], [ -122.3908415, 37.7651151 ], [ -122.3922296, 37.7650324 ], [ -122.3922817, 37.7655498 ], [ -122.392294700514086, 37.765694516738336 ], [ -122.392294435, 37.765699979 ], [ -122.392294639, 37.765708746 ], [ -122.392310466, 37.765874664 ], [ -122.392310833, 37.765877705 ], [ -122.392311672713348, 37.765883444753356 ], [ -122.3923516, 37.7663279 ], [ -122.392424, 37.7665527 ], [ -122.392408, 37.7665908 ], [ -122.39237141696367, 37.766600494883342 ], [ -122.391012087, 37.76668267 ], [ -122.390987608, 37.766664262 ], [ -122.390986879, 37.766663767 ], [ -122.390986104, 37.766663346 ], [ -122.390985292, 37.766663004 ], [ -122.39098445, 37.766662742 ], [ -122.390983586, 37.766662564 ], [ -122.39098271, 37.766662472 ], [ -122.390981828, 37.766662466 ], [ -122.39098095, 37.766662547 ], [ -122.390980084, 37.766662713 ], [ -122.390979239, 37.766662963 ], [ -122.390978423, 37.766663295 ], [ -122.390977642, 37.766663706 ], [ -122.390976906, 37.766664191 ], [ -122.390976221, 37.766664745 ], [ -122.390975593, 37.766665365 ], [ -122.39097503, 37.766666042 ], [ -122.390974535, 37.766666772 ], [ -122.390974114, 37.766667547 ], [ -122.390973772, 37.766668359 ], [ -122.39097351, 37.766669201 ], [ -122.390973332, 37.766670064 ], [ -122.39097324, 37.766670941 ], [ -122.390973234, 37.766671822 ], [ -122.390973315, 37.7666727 ], [ -122.390973481, 37.766673566 ], [ -122.390973731, 37.766674411 ], [ -122.390974063, 37.766675228 ], [ -122.390974474, 37.766676008 ], [ -122.390974958, 37.766676745 ], [ -122.390975513, 37.76667743 ], [ -122.390976132, 37.766678057 ], [ -122.39097681, 37.766678621 ], [ -122.390989867404869, 37.76668844017231 ], [ -122.390848471939691, 37.766697197458178 ], [ -122.39081701, 37.766368079 ], [ -122.390816147, 37.766362147 ], [ -122.390814708, 37.766356328 ], [ -122.390812704, 37.766350678 ], [ -122.390810157, 37.766345251 ], [ -122.39080709, 37.766340101 ], [ -122.390803532, 37.766335276 ], [ -122.39079952, 37.766330822 ], [ -122.390795089, 37.766326784 ], [ -122.390790285, 37.766323199 ], [ -122.390785152, 37.766320103 ], [ -122.39077974, 37.766317524 ], [ -122.390774102, 37.766315488 ], [ -122.390768291, 37.766314015 ], [ -122.390762364, 37.766313118 ], [ -122.390756377, 37.766312807 ], [ -122.390750389, 37.766313084 ], [ -122.390744457, 37.766313947 ], [ -122.390738638, 37.766315386 ], [ -122.390732988, 37.76631739 ], [ -122.390727561, 37.766319937 ], [ -122.390722411, 37.766323004 ], [ -122.390717586, 37.766326562 ], [ -122.390713132, 37.766330574 ], [ -122.390709094, 37.766335005 ], [ -122.390705509, 37.766339809 ], [ -122.390702413, 37.766344942 ], [ -122.390699834, 37.766350354 ], [ -122.390697798, 37.766355992 ], [ -122.390696325, 37.766361803 ], [ -122.390695428, 37.76636773 ], [ -122.390695117, 37.766373717 ], [ -122.390695394, 37.766379705 ], [ -122.390726467057263, 37.766704753794102 ], [ -122.3905465, 37.7667159 ], [ -122.390336859956975, 37.766728617922652 ], [ -122.390335096, 37.766710234 ], [ -122.390334969, 37.766709362 ], [ -122.390334757, 37.766708506 ], [ -122.390334462, 37.766707675 ], [ -122.390334087, 37.766706877 ], [ -122.390333635, 37.76670612 ], [ -122.390333112, 37.766705411 ], [ -122.390332522, 37.766704756 ], [ -122.39033187, 37.766704162 ], [ -122.390331163, 37.766703635 ], [ -122.390330408, 37.76670318 ], [ -122.390329612, 37.766702801 ], [ -122.390328783, 37.766702502 ], [ -122.390327928, 37.766702286 ], [ -122.390327057, 37.766702154 ], [ -122.390326176, 37.766702109 ], [ -122.390325296, 37.76670215 ], [ -122.390324423, 37.766702277 ], [ -122.390323568, 37.766702489 ], [ -122.390322737, 37.766702784 ], [ -122.390321939, 37.766703159 ], [ -122.390321182, 37.76670361 ], [ -122.390320472, 37.766704133 ], [ -122.390319818, 37.766704724 ], [ -122.390319224, 37.766705376 ], [ -122.390318697, 37.766706082 ], [ -122.390318242, 37.766706837 ], [ -122.390317863, 37.766707633 ], [ -122.390317564, 37.766708463 ], [ -122.390317348, 37.766709317 ], [ -122.390317216, 37.766710189 ], [ -122.390317171, 37.766711069 ], [ -122.390317212, 37.76671195 ], [ -122.390318425, 37.766724594 ], [ -122.389317680250699, 37.766785068519297 ], [ -122.3892993, 37.7667689 ] ] ] } },
{ "type": "Feature", "properties": { "project_name": "Genentech Hall", "site": "Mission Bay South", "status": "complete", "use": "institutional", "geometry_type": "real", "digitized_from": "OpenStreetMap (way 135103725, 600 16th St)", "digitization_method": "ADDED 2026-09-18 for Mission Bay's UCSF campus pass: real OSM building footprint. UCSF's own tax-roll record for this address (blklot 8722003) confirms 600 16th St as a UCSF medical/office parcel.", "accuracy_caveat": "REAL -- surveyed OpenStreetMap building footprint, not a hand trace or plan estimate. This is the opposite situation from Mission Bay's condo-mapped residential towers (Avalon, Radiance, etc.): here, ONE large Assessor land parcel spans SEVERAL UCSF buildings (confirmed against data/raw/parcels.geojson and DataSF's Assessor tax roll -- e.g. blklot 8711507 at 675 Nelson Rising Lane alone is ~13 acres, far larger than any single building on it), so using the parcel boundary per building would make multiple records overlap and double-count the same ground. The real building footprint is the only non-overlapping, honest shape for each one.", "why_no_real_parcel": null, "regulatory_context": null, "notes": "UCSF's first Mission Bay building and the first structure completed on the 303-acre campus. ~400,000-435,000 sq ft (sources vary), five stories. Architect SmithGroup (SF office). Opened January 2003 (a Jan 8, 2003 first-researcher-moved-in anecdote and a Feb 2003 trade-press \"now open\" piece support the month; not an official UCSF dedication-date citation).", "images": null, "source_doc_urls": "['https://www.openstreetmap.org/way/135103725'\n 'https://www.tradelineinc.com/news/2003-2/ucsf-mission-bay-genentech-hall-now-open'\n 'https://history.library.ucsf.edu/1990.html']", "street_clip_exempt": null, "p_number": null }, "geometry": { "type": "Polygon", "coordinates": [ [ [ -122.3916113, 37.7670924 ], [ -122.3915975, 37.7669701 ], [ -122.3924208, 37.7669356 ], [ -122.3924252, 37.7669884 ], [ -122.3925648, 37.7669838 ], [ -122.3925665, 37.7670042 ], [ -122.3927412, 37.7669954 ], [ -122.3927429, 37.7670269 ], [ -122.3927813, 37.767025 ], [ -122.3927971, 37.7671488 ], [ -122.3929315, 37.7671459 ], [ -122.3929487, 37.7672684 ], [ -122.3930919, 37.7672638 ], [ -122.393112, 37.7675606 ], [ -122.39212215890592, 37.767631382243131 ], [ -122.392033492635576, 37.767560701480228 ], [ -122.3920161, 37.7674091 ], [ -122.391857573504723, 37.767420466661186 ], [ -122.391587779155913, 37.767205398740479 ], [ -122.3916113, 37.7670924 ] ] ] } },
{ "type": "Feature", "properties": { "project_name": "Arthur and Toni Rembe Rock Hall", "site": "Mission Bay South", "status": "complete", "use": "institutional", "geometry_type": "real", "digitized_from": "OpenStreetMap (way 84808582, 1550 4th St)", "digitization_method": "ADDED 2026-09-18 for Mission Bay's UCSF campus pass: real OSM building footprint.", "accuracy_caveat": "REAL -- surveyed OpenStreetMap building footprint, not a hand trace or plan estimate. This is the opposite situation from Mission Bay's condo-mapped residential towers (Avalon, Radiance, etc.): here, ONE large Assessor land parcel spans SEVERAL UCSF buildings (confirmed against data/raw/parcels.geojson and DataSF's Assessor tax roll -- e.g. blklot 8711507 at 675 Nelson Rising Lane alone is ~13 acres, far larger than any single building on it), so using the parcel boundary per building would make multiple records overlap and double-count the same ground. The real building footprint is the only non-overlapping, honest shape for each one.", "why_no_real_parcel": null, "regulatory_context": null, "notes": "~165,000-171,600 sq ft (sources vary), five stories. Architect Pelli Clarke Pelli with Flad Architects; notable for early use of Japanese seismic-isolation technology. Opening year is genuinely contested across sources (2002 vs. 2004 vs. one secondary '2005' reference); 2004 is the best-supported reading (UCSF's own historical archive, and a Rock Hall design-award mention in April 2005 implying it was already open), but flagged here as approximate pending a firmer primary source.", "images": null, "source_doc_urls": "['https://www.openstreetmap.org/way/84808582'\n 'https://history.library.ucsf.edu/1990.html'\n 'https://forell.com/projects/ucsf-mission-bay-arthur-toni-rembe-rock-hall']", "street_clip_exempt": null, "p_number": null }, "geometry": { "type": "Polygon", "coordinates": [ [ [ -122.3912589, 37.7695735 ], [ -122.391219, 37.7690951 ], [ -122.3911562, 37.7690983 ], [ -122.3911313, 37.7687998 ], [ -122.3915864, 37.7687761 ], [ -122.3916112, 37.7690737 ], [ -122.3916686, 37.7690707 ], [ -122.3917086, 37.7695501 ], [ -122.3912589, 37.7695735 ] ] ] } },
{ "type": "Feature", "properties": { "project_name": "Byers Hall", "site": "Mission Bay South", "status": "complete", "use": "institutional", "geometry_type": "real", "digitized_from": "OpenStreetMap (way 135103710, 1700 4th St)", "digitization_method": "ADDED 2026-09-18 for Mission Bay's UCSF campus pass: real OSM building footprint.", "accuracy_caveat": "REAL -- surveyed OpenStreetMap building footprint, not a hand trace or plan estimate. This is the opposite situation from Mission Bay's condo-mapped residential towers (Avalon, Radiance, etc.): here, ONE large Assessor land parcel spans SEVERAL UCSF buildings (confirmed against data/raw/parcels.geojson and DataSF's Assessor tax roll -- e.g. blklot 8711507 at 675 Nelson Rising Lane alone is ~13 acres, far larger than any single building on it), so using the parcel boundary per building would make multiple records overlap and double-count the same ground. The real building footprint is the only non-overlapping, honest shape for each one.", "why_no_real_parcel": null, "regulatory_context": null, "notes": "Home to QB3 (California Institute for Quantitative Biosciences) director's office and central administration, built as a hub for academia-biotech collaboration. Architect Bohlin Cywinski Jackson (corroborated by a former project manager's own portfolio and an architecture-press article, not confirmed directly on a UCSF-owned page). Opened 2005 (year only; exact month and square footage not found in any source checked).", "images": null, "source_doc_urls": "['https://www.openstreetmap.org/way/135103710'\n 'https://history.library.ucsf.edu/1990.html'\n 'https://arccadigest.org/uc-san-francisco-dna-campus/']", "street_clip_exempt": null, "p_number": null }, "geometry": { "type": "MultiPolygon", "coordinates": [ [ [ [ -122.3915982, 37.7676118 ], [ -122.391506, 37.7676173 ], [ -122.39151187628363, 37.767679179047263 ], [ -122.391050613872139, 37.767706970440834 ], [ -122.3909928, 37.7670978 ], [ -122.391155566026171, 37.767088153570278 ], [ -122.391580642899228, 37.767427005097765 ], [ -122.3915819, 37.7674402 ], [ -122.3915982, 37.7676118 ] ] ], [ [ [ -122.391394139751185, 37.767074014350158 ], [ -122.391464183853046, 37.767129850348944 ], [ -122.3914807, 37.7673037 ], [ -122.3915684, 37.7672985 ], [ -122.39157827409214, 37.767402141396673 ], [ -122.391182393315461, 37.767086563634301 ], [ -122.391394139751185, 37.767074014350158 ] ] ] ] } },
{ "type": "Feature", "properties": { "project_name": "Sandler Neurosciences Center", "site": "Mission Bay South", "status": "complete", "use": "institutional", "geometry_type": "real", "digitized_from": "OpenStreetMap (way 135103715, 675 Nelson Rising Lane)", "digitization_method": "ADDED 2026-09-18 for Mission Bay's UCSF campus pass: real OSM building footprint.", "accuracy_caveat": "REAL -- surveyed OpenStreetMap building footprint, not a hand trace or plan estimate. This is the opposite situation from Mission Bay's condo-mapped residential towers (Avalon, Radiance, etc.): here, ONE large Assessor land parcel spans SEVERAL UCSF buildings (confirmed against data/raw/parcels.geojson and DataSF's Assessor tax roll -- e.g. blklot 8711507 at 675 Nelson Rising Lane alone is ~13 acres, far larger than any single building on it), so using the parcel boundary per building would make multiple records overlap and double-count the same ground. The real building footprint is the only non-overlapping, honest shape for each one.", "why_no_real_parcel": null, "regulatory_context": null, "notes": "~237,000 sq ft, five stories, ~$200 million project cost; houses roughly 100 principal investigators and 500+ researchers/staff. Architect Skidmore, Owings & Merrill (SOM), SF office. Opened May 2012 (construction started May 2010), per the architect's own project page and trade press -- corrects this project's own working assumption of 2011.", "images": null, "source_doc_urls": "['https://www.openstreetmap.org/way/135103715'\n 'https://www.tradelineinc.com/news/2012-6/uc-san-francisco-opens-sandler-neurosciences-center'\n 'https://www.som.com/projects/ucsf-sandler-neurosciences-center/']", "street_clip_exempt": null, "p_number": null }, "geometry": { "type": "Polygon", "coordinates": [ [ [ -122.3917649, 37.7691612 ], [ -122.3920342, 37.7691343 ], [ -122.3921189, 37.7688251 ], [ -122.3922874, 37.7687499 ], [ -122.3925627, 37.7687297 ], [ -122.3926333, 37.769483 ], [ -122.3918034, 37.7695344 ], [ -122.3917649, 37.7691612 ] ] ] } },
{ "type": "Feature", "properties": { "project_name": "Smith Cardiovascular Research Building", "site": "Mission Bay South", "status": "complete", "use": "institutional", "geometry_type": "real", "digitized_from": "OpenStreetMap (way 135103721)", "digitization_method": "ADDED 2026-09-18 for Mission Bay's UCSF campus pass: real OSM building footprint.", "accuracy_caveat": "REAL -- surveyed OpenStreetMap building footprint, not a hand trace or plan estimate. This is the opposite situation from Mission Bay's condo-mapped residential towers (Avalon, Radiance, etc.): here, ONE large Assessor land parcel spans SEVERAL UCSF buildings (confirmed against data/raw/parcels.geojson and DataSF's Assessor tax roll -- e.g. blklot 8711507 at 675 Nelson Rising Lane alone is ~13 acres, far larger than any single building on it), so using the parcel boundary per building would make multiple records overlap and double-count the same ground. The real building footprint is the only non-overlapping, honest shape for each one.", "why_no_real_parcel": null, "regulatory_context": null, "notes": "~236,000 sq ft, five stories, ~$254 million project cost; headquarters of the UCSF Cardiovascular Research Institute, an L-shaped building with wet labs, an outpatient clinic and a vivarium. Architect SmithGroup with Jim Jennings Architecture (landscape by Andrea Cochran Landscape Architecture). Opened 2010 (year only; a specific Nov 1, 2010 date found in one search summary was not traceable to a primary document, so not used).", "images": null, "source_doc_urls": "['https://www.openstreetmap.org/way/135103721'\n 'https://history.library.ucsf.edu/2010.html'\n 'https://www.ucsf.edu/news/2011/05/103769/ucsf-pushes-frontiers-knowledge-cardiovascular-biology-and-disease']", "street_clip_exempt": null, "p_number": null }, "geometry": { "type": "Polygon", "coordinates": [ [ [ -122.390163, 37.7702057 ], [ -122.3904669, 37.7701875 ], [ -122.390474, 37.7702622 ], [ -122.3905734, 37.7702562 ], [ -122.39053, 37.7698016 ], [ -122.3909796, 37.7697748 ], [ -122.3910134, 37.770128 ], [ -122.3909493, 37.7701319 ], [ -122.3909525, 37.7701657 ], [ -122.3910149, 37.770162 ], [ -122.391041, 37.7704339 ], [ -122.3906012, 37.7704603 ], [ -122.3905948, 37.7703937 ], [ -122.3904894, 37.7704 ], [ -122.390502261183087, 37.770534159792192 ], [ -122.390196087186297, 37.770552602837761 ], [ -122.390163, 37.7702057 ] ] ] } },
{ "type": "Feature", "properties": { "project_name": "Helen Diller Family Cancer Research Building", "site": "Mission Bay South", "status": "complete", "use": "institutional", "geometry_type": "real", "digitized_from": "OpenStreetMap (way 142845120)", "digitization_method": "ADDED 2026-09-18 for Mission Bay's UCSF campus pass: real OSM building footprint.", "accuracy_caveat": "REAL -- surveyed OpenStreetMap building footprint, not a hand trace or plan estimate. This is the opposite situation from Mission Bay's condo-mapped residential towers (Avalon, Radiance, etc.): here, ONE large Assessor land parcel spans SEVERAL UCSF buildings (confirmed against data/raw/parcels.geojson and DataSF's Assessor tax roll -- e.g. blklot 8711507 at 675 Nelson Rising Lane alone is ~13 acres, far larger than any single building on it), so using the parcel boundary per building would make multiple records overlap and double-count the same ground. The real building footprint is the only non-overlapping, honest shape for each one.", "why_no_real_parcel": null, "regulatory_context": null, "notes": "161,757 sq ft plus 20,000 sq ft of vivarium space, five stories, two interlocking L-shaped wings (wet labs and PI/fellow offices). Architect Rafael Viñoly Architects. Broke ground 2006; grand opening June 2009, per UCSF's own press release.", "images": null, "source_doc_urls": "['https://www.openstreetmap.org/way/142845120'\n 'https://www.ucsf.edu/news/2009/06/4248/ucsf-celebrates-grand-opening-helen-diller-family-cancer-research'\n 'https://www.rvapc.com/works/university-of-california-san-francisco-helen-diller-family-cancer-research-building/']", "street_clip_exempt": null, "p_number": null }, "geometry": { "type": "Polygon", "coordinates": [ [ [ -122.3895941, 37.7698544 ], [ -122.3900478, 37.7698274 ], [ -122.390117060896401, 37.770557363155362 ], [ -122.389663410359006, 37.770584689765791 ], [ -122.3895941, 37.7698544 ] ] ] } },
{ "type": "Feature", "properties": { "project_name": "Mission Hall (Global Health & Clinical Sciences Building)", "site": "Mission Bay South", "status": "complete", "use": "institutional", "geometry_type": "real", "digitized_from": "OpenStreetMap (way 255652151, official_name=Global Health & Clinical Sciences Building, 500 16th St)", "digitization_method": "ADDED 2026-09-18 for Mission Bay's UCSF campus pass: real OSM building footprint.", "accuracy_caveat": "REAL -- surveyed OpenStreetMap building footprint, not a hand trace or plan estimate. This is the opposite situation from Mission Bay's condo-mapped residential towers (Avalon, Radiance, etc.): here, ONE large Assessor land parcel spans SEVERAL UCSF buildings (confirmed against data/raw/parcels.geojson and DataSF's Assessor tax roll -- e.g. blklot 8711507 at 675 Nelson Rising Lane alone is ~13 acres, far larger than any single building on it), so using the parcel boundary per building would make multiple records overlap and double-count the same ground. The real building footprint is the only non-overlapping, honest shape for each one.", "why_no_real_parcel": null, "regulatory_context": null, "notes": "Consolidates ~1,500 UCSF global health faculty/staff/students plus the Office of the Chancellor in one seven-story, 266,000 sq ft building. Architect WRNS Studio (design-builder Rudolph and Sletten; landscape Andrea Cochran Landscape Architecture). Opened for occupancy September 2014, ribbon-cutting October 2014. Address note: this project's geometry is tagged 500 16th St from OpenStreetMap's own addr:housenumber, but every other source found (UCSF's own press release, the architect's project page) gives 550 16th St -- flagging the discrepancy rather than silently picking one.", "images": null, "source_doc_urls": "['https://www.openstreetmap.org/way/255652151'\n 'https://www.ucsf.edu/news/2014/10/118666/ribbon-cutting-celebrates-opening-mission-hall'\n 'https://wrnsstudio.com/projects/mission-hall-at-ucsf/']", "street_clip_exempt": null, "p_number": null }, "geometry": { "type": "Polygon", "coordinates": [ [ [ -122.3907727, 37.7677072 ], [ -122.3899079, 37.7677554 ], [ -122.3898653, 37.7672783 ], [ -122.3900383, 37.7672687 ], [ -122.390047, 37.7673656 ], [ -122.3903831, 37.7673468 ], [ -122.3903615, 37.7671053 ], [ -122.3907172, 37.7670855 ], [ -122.3907727, 37.7677072 ] ] ] } },
{ "type": "Feature", "properties": { "project_name": "William J. Rutter Community Center", "site": "Mission Bay South", "status": "complete", "use": "institutional", "geometry_type": "real", "digitized_from": "OpenStreetMap (way 84812339, name=William J. Rutter Center, 1675 Owens St), extended 2026-09-20 with the real-gap-fragment technique to add the surface parking lot at 1625 Owens St immediately west/northwest of the building.", "digitization_method": "ADDED 2026-09-18 for Mission Bay's UCSF campus pass: real OSM building footprint. EXTENDED 2026-09-20: the owner directed adding fragments 19, 20, 22 and 25 from the numbered real-gap-fragment map of this area (bbox.difference(street buffer).difference(already-tracked polygons)) to the building footprint, to encompass the parking lot at 1625 Owens St -- fragment 19 (6,786 sqm) is the main lot itself (confirmed against satellite imagery: painted parking stalls, west of the pool/courtyard), fragments 20, 22 and 25 (168 + 216 + 33 sqm) are thin slivers along the building's own west edge where the OSM trace doesn't quite meet the real curb line. All four fall directly against the existing building polygon and unioned into one clean Polygon (12,932.65 sqm total, up from 6,147 sqm).", "accuracy_caveat": "REAL BUILDING FOOTPRINT (OpenStreetMap) PLUS APPROXIMATE PARKING LOT EXTENT (real-gap-fragment technique against satellite imagery, not a surveyed lot boundary) -- this is the opposite situation from Mission Bay's condo-mapped residential towers (Avalon, Radiance, etc.): here, ONE large Assessor land parcel spans SEVERAL UCSF buildings (confirmed against data/raw/parcels.geojson and DataSF's Assessor tax roll -- e.g. blklot 8711507 at 675 Nelson Rising Lane alone is ~13 acres, far larger than any single building on it), so using the parcel boundary per building would make multiple records overlap and double-count the same ground. The real building footprint plus the owner-directed parking-lot extent is the best available non-overlapping, honest shape for this record.", "why_no_real_parcel": null, "regulatory_context": null, "notes": "~150,000-156,600 sq ft (sources vary), four to five stories; houses the Bakar Fitness & Recreation Center, Mission Bay Conference Center, administrative offices and a restaurant/food court. Architect Legorreta Arquitectos (Ricardo and Victor Legorreta) with MBT Architecture as associate/executive architect, in Legorreta's contemporary Mexican-modernist style. Opened 2005 as part of Mission Bay's first development phase (year only; exact month not confirmed by a primary source).", "images": null, "source_doc_urls": "['https://www.openstreetmap.org/way/84812339'\n 'https://www.legorreta.mx/en/proyecto-centro-comunitario-campus-mission-bay-ucsf'\n 'https://forell.com/projects/ucsf-mission-bay-william-j-rutter-center']", "street_clip_exempt": null, "p_number": null }, "geometry": { "type": "MultiPolygon", "coordinates": [ [ [ [ -122.39473428, 37.768431776 ], [ -122.394046133, 37.768473253 ], [ -122.393239251474142, 37.768521878196559 ], [ -122.392741122255657, 37.768124791987269 ], [ -122.392647553284519, 37.768050203011803 ], [ -122.392617409, 37.767734962 ], [ -122.393784623, 37.767664622 ], [ -122.394744096, 37.768429472 ], [ -122.39473428, 37.768431776 ] ] ], [ [ [ -122.393212454744798, 37.768523493051021 ], [ -122.393000957527363, 37.768536238532782 ], [ -122.392764360980337, 37.768347634757866 ], [ -122.39266870294594, 37.768271380617158 ], [ -122.392649931616674, 37.768075074984942 ], [ -122.393193349557606, 37.768508263257502 ], [ -122.393212454744798, 37.768523493051021 ] ] ] ] } },
{ "type": "Feature", "properties": { "project_name": "Mission Bay Preliminary Utilities Plant", "site": "Mission Bay South", "status": "complete", "use": "institutional", "geometry_type": "real", "digitized_from": "OpenStreetMap (way 135103720, operator=UCSF Mission Bay, 1480 4th St)", "digitization_method": "ADDED 2026-09-18 for Mission Bay's UCSF campus pass: real OSM building footprint for the campus's central utility plant.", "accuracy_caveat": "REAL -- surveyed OpenStreetMap building footprint, not a hand trace or plan estimate. This is the opposite situation from Mission Bay's condo-mapped residential towers (Avalon, Radiance, etc.): here, ONE large Assessor land parcel spans SEVERAL UCSF buildings (confirmed against data/raw/parcels.geojson and DataSF's Assessor tax roll -- e.g. blklot 8711507 at 675 Nelson Rising Lane alone is ~13 acres, far larger than any single building on it), so using the parcel boundary per building would make multiple records overlap and double-count the same ground. The real building footprint is the only non-overlapping, honest shape for each one.", "why_no_real_parcel": null, "regulatory_context": null, "notes": "Existence confirmed (CEQA filings reference a UCSF Mission Bay utility plant/distribution system on Block 16B), but construction date, architect and size were not found in any source checked. One CEQA record gives its address as 1500 Owens St, which does not match this feature's OSM address tag (1480 4th St) -- these may be the same facility under different address conventions, or two different plants from different construction phases; not merged or resolved here, per the project's never-fabricate rule.", "images": null, "source_doc_urls": "['https://www.openstreetmap.org/way/135103720'\n 'https://ceqanet.lci.ca.gov/2013092047/15']", "street_clip_exempt": null, "p_number": null }, "geometry": { "type": "Polygon", "coordinates": [ [ [ -122.3917193, 37.7703658 ], [ -122.3913189, 37.7703903 ], [ -122.3912703, 37.7697576 ], [ -122.3912888, 37.7697564 ], [ -122.3913666, 37.7697515 ], [ -122.3916626, 37.7697327 ], [ -122.3917193, 37.7703658 ] ] ] } },
{ "type": "Feature", "properties": { "project_name": "Hearst Tower", "site": "Mission Bay South", "status": "complete", "use": "residential", "geometry_type": "real", "digitized_from": "OpenStreetMap (way 135103722)", "digitization_method": "ADDED 2026-09-18 for Mission Bay's UCSF campus pass: real OSM building footprint. UCSF student/faculty housing tower.", "accuracy_caveat": "REAL -- surveyed OpenStreetMap building footprint, not a hand trace or plan estimate. This is the opposite situation from Mission Bay's condo-mapped residential towers (Avalon, Radiance, etc.): here, ONE large Assessor land parcel spans SEVERAL UCSF buildings (confirmed against data/raw/parcels.geojson and DataSF's Assessor tax roll -- e.g. blklot 8711507 at 675 Nelson Rising Lane alone is ~13 acres, far larger than any single building on it), so using the parcel boundary per building would make multiple records overlap and double-count the same ground. The real building footprint is the only non-overlapping, honest shape for each one.", "why_no_real_parcel": null, "regulatory_context": null, "notes": "Part of a single UCSF Mission Bay student/faculty housing complex (Hearst Tower plus North, West and South/Student Housing buildings) built together in Mission Bay's first development phase and opened together around 2005 -- four connected buildings totaling 298,800 sq ft for 750+ residents, surrounding a shared at-grade courtyard, per UCSF's own housing-office description. Architect Skidmore, Owings & Merrill (SOM) with Fisher Friedman Associates. This building: Hearst Tower, 1560 3rd St, 15 stories/155 ft, 431 apartments.", "images": null, "source_doc_urls": "['https://www.openstreetmap.org/way/135103722'\n 'https://www.langan.com/portfolio/ucsf-mission-bay-student-housing'\n 'https://campuslifeserviceshome.ucsf.edu/housing/mission-bay-housing']", "street_clip_exempt": null, "p_number": null }, "geometry": { "type": "Polygon", "coordinates": [ [ [ -122.3896285, 37.7694845 ], [ -122.3896312, 37.769512 ], [ -122.3895572, 37.7695165 ], [ -122.389512, 37.7690549 ], [ -122.3895919, 37.76905 ], [ -122.3895958, 37.7690895 ], [ -122.3896887, 37.7690838 ], [ -122.3896929, 37.7691336 ], [ -122.3897274, 37.7694784 ], [ -122.3896285, 37.7694845 ] ] ] } },
{ "type": "Feature", "properties": { "project_name": "UCSF Mission Bay Housing North Building", "site": "Mission Bay South", "status": "complete", "use": "residential", "geometry_type": "real", "digitized_from": "OpenStreetMap (way 84808588, 525 Nelson Rising Lane)", "digitization_method": "ADDED 2026-09-18 for Mission Bay's UCSF campus pass: real OSM building footprint.", "accuracy_caveat": "REAL -- surveyed OpenStreetMap building footprint, not a hand trace or plan estimate. This is the opposite situation from Mission Bay's condo-mapped residential towers (Avalon, Radiance, etc.): here, ONE large Assessor land parcel spans SEVERAL UCSF buildings (confirmed against data/raw/parcels.geojson and DataSF's Assessor tax roll -- e.g. blklot 8711507 at 675 Nelson Rising Lane alone is ~13 acres, far larger than any single building on it), so using the parcel boundary per building would make multiple records overlap and double-count the same ground. The real building footprint is the only non-overlapping, honest shape for each one.", "why_no_real_parcel": null, "regulatory_context": null, "notes": "Part of a single UCSF Mission Bay student/faculty housing complex (Hearst Tower plus North, West and South/Student Housing buildings) built together in Mission Bay's first development phase and opened together around 2005 -- four connected buildings totaling 298,800 sq ft for 750+ residents, surrounding a shared at-grade courtyard, per UCSF's own housing-office description. Architect Skidmore, Owings & Merrill (SOM) with Fisher Friedman Associates. This building: the North Building, 525 Nelson Rising Lane, a 7-10 story mid-rise.", "images": null, "source_doc_urls": "['https://www.openstreetmap.org/way/84808588'\n 'https://www.langan.com/portfolio/ucsf-mission-bay-student-housing'\n 'https://campuslifeserviceshome.ucsf.edu/housing/mission-bay-housing']", "street_clip_exempt": null, "p_number": null }, "geometry": { "type": "Polygon", "coordinates": [ [ [ -122.3895959, 37.7696729 ], [ -122.389581, 37.7695259 ], [ -122.390288, 37.769481 ], [ -122.3902774, 37.7693773 ], [ -122.3904766, 37.7693647 ], [ -122.3904937, 37.7695337 ], [ -122.3905853, 37.7695279 ], [ -122.3905936, 37.7696097 ], [ -122.3895959, 37.7696729 ] ] ] } },
{ "type": "Feature", "properties": { "project_name": "UCSF Mission Bay Housing West Building", "site": "Mission Bay South", "status": "complete", "use": "residential", "geometry_type": "real", "digitized_from": "OpenStreetMap (way 255649622, 1505 4th St)", "digitization_method": "ADDED 2026-09-18 for Mission Bay's UCSF campus pass: real OSM building footprint.", "accuracy_caveat": "REAL -- surveyed OpenStreetMap building footprint, not a hand trace or plan estimate. This is the opposite situation from Mission Bay's condo-mapped residential towers (Avalon, Radiance, etc.): here, ONE large Assessor land parcel spans SEVERAL UCSF buildings (confirmed against data/raw/parcels.geojson and DataSF's Assessor tax roll -- e.g. blklot 8711507 at 675 Nelson Rising Lane alone is ~13 acres, far larger than any single building on it), so using the parcel boundary per building would make multiple records overlap and double-count the same ground. The real building footprint is the only non-overlapping, honest shape for each one.", "why_no_real_parcel": null, "regulatory_context": null, "notes": "Part of a single UCSF Mission Bay student/faculty housing complex (Hearst Tower plus North, West and South/Student Housing buildings) built together in Mission Bay's first development phase and opened together around 2005 -- four connected buildings totaling 298,800 sq ft for 750+ residents, surrounding a shared at-grade courtyard, per UCSF's own housing-office description. Architect Skidmore, Owings & Merrill (SOM) with Fisher Friedman Associates. This building: the West Building, 1505 4th St, a 7-10 story mid-rise.", "images": null, "source_doc_urls": "['https://www.openstreetmap.org/way/255649622'\n 'https://www.langan.com/portfolio/ucsf-mission-bay-student-housing'\n 'https://campuslifeserviceshome.ucsf.edu/housing/mission-bay-housing']", "street_clip_exempt": null, "p_number": null }, "geometry": { "type": "Polygon", "coordinates": [ [ [ -122.3907452, 37.7691537 ], [ -122.3909237, 37.7691424 ], [ -122.3909662, 37.7695634 ], [ -122.3906481, 37.7695835 ], [ -122.390633, 37.7694337 ], [ -122.3907726, 37.7694249 ], [ -122.3907452, 37.7691537 ] ] ] } },
{ "type": "Feature", "properties": { "project_name": "UCSF Student Housing", "site": "Mission Bay South", "status": "complete", "use": "residential", "geometry_type": "real", "digitized_from": "OpenStreetMap (way 255649621)", "digitization_method": "ADDED 2026-09-18 for Mission Bay's UCSF campus pass: real OSM building footprint (OSM's own name tag is the generic 'UCSF Student Housing'; a more specific building name was not found).", "accuracy_caveat": "REAL -- surveyed OpenStreetMap building footprint, not a hand trace or plan estimate. This is the opposite situation from Mission Bay's condo-mapped residential towers (Avalon, Radiance, etc.): here, ONE large Assessor land parcel spans SEVERAL UCSF buildings (confirmed against data/raw/parcels.geojson and DataSF's Assessor tax roll -- e.g. blklot 8711507 at 675 Nelson Rising Lane alone is ~13 acres, far larger than any single building on it), so using the parcel boundary per building would make multiple records overlap and double-count the same ground. The real building footprint is the only non-overlapping, honest shape for each one.", "why_no_real_parcel": null, "regulatory_context": null, "notes": "Part of a single UCSF Mission Bay student/faculty housing complex (Hearst Tower plus North, West and South/Student Housing buildings) built together in Mission Bay's first development phase and opened together around 2005 -- four connected buildings totaling 298,800 sq ft for 750+ residents, surrounding a shared at-grade courtyard, per UCSF's own housing-office description. Architect Skidmore, Owings & Merrill (SOM) with Fisher Friedman Associates. This building is very likely the South Building (550 Gene Friend Way per UCSF's housing description), though OSM's own generic 'UCSF Student Housing' name tag doesn't confirm that specifically -- not asserted as certain.", "images": null, "source_doc_urls": "['https://www.openstreetmap.org/way/255649621'\n 'https://www.langan.com/portfolio/ucsf-mission-bay-student-housing'\n 'https://campuslifeserviceshome.ucsf.edu/housing/mission-bay-housing']", "street_clip_exempt": null, "p_number": null }, "geometry": { "type": "Polygon", "coordinates": [ [ [ -122.3906018, 37.7691081 ], [ -122.3906068, 37.7691626 ], [ -122.3900435, 37.7691947 ], [ -122.3900532, 37.7693015 ], [ -122.3898599, 37.7693125 ], [ -122.389843, 37.76913 ], [ -122.3898371, 37.7690623 ], [ -122.3903751, 37.7690317 ], [ -122.3908947, 37.7690021 ], [ -122.3909148, 37.7690009 ], [ -122.3909229, 37.7690898 ], [ -122.3906018, 37.7691081 ] ] ] } },
{ "type": "Feature", "properties": { "project_name": "Third Street Garage", "site": "Mission Bay South", "status": "complete", "use": "parking", "geometry_type": "real", "digitized_from": "OpenStreetMap (way 27369503, 1650 3rd St)", "digitization_method": "ADDED 2026-09-18 for Mission Bay's UCSF-garages pass: real OSM building footprint for UCSF's Third Street Garage, 1650 3rd St -- 8 levels per OSM tagging, originally designed by Stanley Saitowitz/Natoma Architects; its exterior channel-glass facade was replaced in 2021 with IwamotoScott's 'Cellular Origami' aluminum-panel facade.", "accuracy_caveat": "REAL -- surveyed OpenStreetMap building footprint, not a hand trace or plan estimate. Same situation as this project's other UCSF Mission Bay campus buildings: UCSF is state land, not carried in DataSF's Assessor secured tax roll (no blklot to join), so the real building footprint is the correct non-fabricated geometry.", "why_no_real_parcel": null, "regulatory_context": null, "notes": "Exact capacity and completion year not confirmed by any source found; left out rather than guessed.", "images": null, "source_doc_urls": "['https://www.openstreetmap.org/way/27369503'\n 'https://www.archpaper.com/2021/03/iwamotoscott-cellular-origami-3rd-street-garage-facade/'\n 'https://www.saitowitz.com/ucsf-gateway-building-23b']", "street_clip_exempt": null, "p_number": null }, "geometry": { "type": "Polygon", "coordinates": [ [ [ -122.3894843, 37.7686539 ], [ -122.389422, 37.7679754 ], [ -122.3896831, 37.7679604 ], [ -122.3898513, 37.7679507 ], [ -122.3899138, 37.7686292 ], [ -122.3894843, 37.7686539 ] ] ] } },
{ "type": "Feature", "properties": { "project_name": "1670 Owens Garage", "site": "Mission Bay South", "status": "complete", "use": "parking", "geometry_type": "real", "digitized_from": "OpenStreetMap (way 46263441, 1670 Owens St)", "digitization_method": "ADDED 2026-09-18 for Mission Bay's UCSF-garages pass: real OSM building footprint for UCSF's 1670 Owens Garage (entrance on C St off Owens, opposite Kaiser Permanente Mission Bay). OSM tags 5 levels/16 m height.", "accuracy_caveat": "REAL -- surveyed OpenStreetMap building footprint, not a hand trace or plan estimate. Same situation as this project's other UCSF Mission Bay campus buildings: UCSF is state land, not carried in DataSF's Assessor secured tax roll (no blklot to join), so the real building footprint is the correct non-fabricated geometry.", "why_no_real_parcel": null, "regulatory_context": null, "notes": "A capacity figure (~820 spaces) appears in one secondary aggregator (parkchirp.com) only and is not independently confirmed; left out of facts rather than stated as fact.", "images": null, "source_doc_urls": "['https://www.openstreetmap.org/way/46263441'\n 'https://www.missionbaytma.org/parking-facilities-rates/']", "street_clip_exempt": null, "p_number": null }, "geometry": { "type": "Polygon", "coordinates": [ [ [ -122.3950453, 37.7678042 ], [ -122.394146, 37.7670843 ], [ -122.3944662, 37.7668344 ], [ -122.3945512, 37.7669024 ], [ -122.3953846, 37.7675696 ], [ -122.3952878, 37.7676452 ], [ -122.3950644, 37.7678195 ], [ -122.3950453, 37.7678042 ] ] ] } },
{ "type": "Feature", "properties": { "project_name": "Arterra", "site": "Mission Bay North", "status": "complete", "use": "residential", "geometry_type": "real", "digitized_from": "OpenStreetMap (way 48569995, 300 Berry St)", "digitization_method": "ADDED 2026-09-18 for Mission Bay's North-blocks pass: real OSM building footprint. Arterra, 300 Berry St -- ~275-unit condo tower, developer Intracorp SF, architect Kwan Henmi, built 2009.", "accuracy_caveat": "REAL -- surveyed OpenStreetMap building footprint(s), not a hand trace or plan estimate. The underlying Assessor parcel is condo-mapped across many individually owned per-unit lots (confirmed against data/raw/parcels.geojson), so no single blklot represents the whole building and it cannot be joined via status.csv the way a single-owner parcel can. Using the real building footprint from OSM instead of a fabricated or arbitrarily chosen 'representative' unit lot, the same pattern already used for Mission Bay's other condo-mapped residential towers (Avalon I/II/III, Madrone, Arden, One Mission Bay, Radiance).", "why_no_real_parcel": null, "regulatory_context": null, "notes": "", "images": null, "source_doc_urls": "['https://www.openstreetmap.org/way/48569995'\n 'https://socketsite.com/archives/2006/04/the_arterra_cle.html']", "street_clip_exempt": null, "p_number": null }, "geometry": { "type": "Polygon", "coordinates": [ [ [ -122.3964826, 37.7736316 ], [ -122.3965807, 37.7737095 ], [ -122.3967606, 37.7738524 ], [ -122.3961615, 37.7743234 ], [ -122.3961161, 37.7742873 ], [ -122.395751651199035, 37.773997785524941 ], [ -122.395751984, 37.773997478 ], [ -122.39575247, 37.773997044 ], [ -122.395752967, 37.773996616 ], [ -122.395753472, 37.773996197 ], [ -122.395754019, 37.773995758 ], [ -122.396349638857217, 37.773525902806263 ], [ -122.3964826, 37.7736316 ] ] ] } },
{ "type": "Feature", "properties": { "project_name": "Park Terrace", "site": "Mission Bay North", "status": "complete", "use": "residential", "geometry_type": "real", "digitized_from": "OpenStreetMap (way 46264112, 325 Berry St)", "digitization_method": "ADDED 2026-09-18 for Mission Bay's North-blocks pass: real OSM building footprint. Park Terrace, 325 Berry St -- 110-unit condo building, built 2007.", "accuracy_caveat": "REAL -- surveyed OpenStreetMap building footprint(s), not a hand trace or plan estimate. The underlying Assessor parcel is condo-mapped across many individually owned per-unit lots (confirmed against data/raw/parcels.geojson), so no single blklot represents the whole building and it cannot be joined via status.csv the way a single-owner parcel can. Using the real building footprint from OSM instead of a fabricated or arbitrarily chosen 'representative' unit lot, the same pattern already used for Mission Bay's other condo-mapped residential towers (Avalon I/II/III, Madrone, Arden, One Mission Bay, Radiance).", "why_no_real_parcel": null, "regulatory_context": null, "notes": "Developer not confirmed by any source found in this pass; left out rather than guessed.", "images": null, "source_doc_urls": [ "https://www.openstreetmap.org/way/46264112" ], "street_clip_exempt": null, "p_number": null }, "geometry": { "type": "Polygon", "coordinates": [ [ [ -122.3961201, 37.7734857 ], [ -122.3957277, 37.7737947 ], [ -122.3952753, 37.7734388 ], [ -122.3958301, 37.7730018 ], [ -122.3962895, 37.7733523 ], [ -122.3961201, 37.7734857 ] ] ] } },
{ "type": "Feature", "properties": { "project_name": "Edgewater", "site": "Mission Bay North", "status": "complete", "use": "residential", "geometry_type": "real", "digitized_from": "OpenStreetMap (way 46264111, 355 Berry St)", "digitization_method": "ADDED 2026-09-18 for Mission Bay's North-blocks pass: real OSM building footprint. Edgewater, 355 Berry St -- rental apartment building on Mission Creek. EXTENDED 2026-09-20 per owner review of the numbered real-gap-fragment technique (used this session for P8/P2): the owner pointed at fragment 10 (computed as bbox.difference(streets).difference(tracked polygons) over the Edgewater/freeway-curve area, ~6,836 sqm) as the real extent of N4-3's own open-land strip alongside I-280, separate from the Edgewater building itself but sharing its N4-3 label. Split that fragment using two lines the owner specified directly: Mission Walk 330's own southwest edge (S-W corner) and northeast edge (N-E corner), each extended as a full line through the fragment. The resulting southern, triangular piece (~4,704 sqm, tapering along the freeway curve) is this record's N4-3 extension; the piece north of the northeast line went to Mission Walk 330 instead (see that record); a small remainder beyond both cuts was dropped per the owner's instruction. Result is a MultiPolygon: Edgewater's own building footprint plus this separate open-land strip, which doesn't touch the building directly (a real planted buffer runs between them). REVERTED 2026-09-20: the 'N4-3 open-land strip' added above was wrong -- checking it against DataSF Assessor parcels found it overlaps 96.7% with a real, distinct parcel (blklot 8704004, 360 Berry St -- 'Mission Bay by Windsor'), not open land. The owner separately corrected the 2026-09-19 finding that Windsor and Edgewater are the same building (a 99.6% footprint-overlap check that was apparently comparing the wrong candidate geometry) -- they are two separate condo complexes on separate parcels (355 Berry St vs 360 Berry St). Reverted this record to just its own real OSM footprint; Windsor is now tracked separately (status.csv blklot 8704004).", "accuracy_caveat": "REAL -- surveyed OpenStreetMap building footprint(s), not a hand trace or plan estimate. The underlying Assessor parcel is condo-mapped across many individually owned per-unit lots (confirmed against data/raw/parcels.geojson), so no single blklot represents the whole building and it cannot be joined via status.csv the way a single-owner parcel can. Using the real building footprint from OSM instead of a fabricated or arbitrarily chosen 'representative' unit lot, the same pattern already used for Mission Bay's other condo-mapped residential towers (Avalon I/II/III, Madrone, Arden, One Mission Bay, Radiance).", "why_no_real_parcel": null, "regulatory_context": null, "notes": "Developer, year built and total unit count not confirmed: sources found were inconsistent (one listing site's '6 units' reads as a floorplan-type count, not the building total) or unsourced. Left out of facts rather than picking one arbitrarily; flagged as an open question for a future record-dossier pass.", "images": null, "source_doc_urls": [ "https://www.openstreetmap.org/way/46264111" ], "street_clip_exempt": null, "p_number": null }, "geometry": { "type": "Polygon", "coordinates": [ [ [ -122.3963633, 37.7725843 ], [ -122.3965706, 37.7724198 ], [ -122.3968768, 37.7721721 ], [ -122.3971938, 37.7719325 ], [ -122.397638734316359, 37.772283069455732 ], [ -122.397638773, 37.772283223 ], [ -122.397638786430932, 37.772283281088768 ], [ -122.3975375, 37.7723556 ], [ -122.3972315, 37.7726009 ], [ -122.3968625, 37.7728851 ], [ -122.3967451, 37.7729755 ], [ -122.3963064, 37.7726284 ], [ -122.3963633, 37.7725843 ] ] ] } },
{ "type": "Feature", "properties": { "project_name": "235 Berry", "site": "Mission Bay North", "status": "complete", "use": "residential", "geometry_type": "real", "digitized_from": "OpenStreetMap (way 46264105, 235 Berry St)", "digitization_method": "ADDED 2026-09-18 for Mission Bay's North-blocks pass: real OSM building footprint (unnamed in OSM; identified by address match). 235 Berry -- a Signature Properties/Signature Development Group condo building, 99 units, built 2007, architect LMSA (Leddy Maytum Stacy Architects). Sometimes referred to informally as 'Signature II' alongside the earlier 255 Berry St building ('Signature I'), but neither building carries that name in its own marketing -- named here by address per its own leasing/HOA sites (berrystreetcondo.com, skyboxrealty.com) instead of the unconfirmed 'Signature II' label.", "accuracy_caveat": "REAL -- surveyed OpenStreetMap building footprint(s), not a hand trace or plan estimate. The underlying Assessor parcel is condo-mapped across many individually owned per-unit lots (confirmed against data/raw/parcels.geojson), so no single blklot represents the whole building and it cannot be joined via status.csv the way a single-owner parcel can. Using the real building footprint from OSM instead of a fabricated or arbitrarily chosen 'representative' unit lot, the same pattern already used for Mission Bay's other condo-mapped residential towers (Avalon I/II/III, Madrone, Arden, One Mission Bay, Radiance).", "why_no_real_parcel": null, "regulatory_context": null, "notes": "", "images": null, "source_doc_urls": "['https://www.openstreetmap.org/way/46264105'\n 'https://lmsarch.com/projects/235-berry-street/'\n 'https://skyboxrealty.com/portfolio/235-berry/']", "street_clip_exempt": null, "p_number": null }, "geometry": { "type": "Polygon", "coordinates": [ [ [ -122.3940394, 37.7750693 ], [ -122.3936209, 37.7747518 ], [ -122.3941654, 37.7743195 ], [ -122.394576, 37.7746475 ], [ -122.3940394, 37.7750693 ] ] ] } },
{ "type": "Feature", "properties": { "project_name": "255 Berry", "site": "Mission Bay North", "status": "complete", "use": "residential", "geometry_type": "real", "digitized_from": "OpenStreetMap (relation 3831604, 255 Berry St)", "digitization_method": "ADDED 2026-09-18 for Mission Bay's North-blocks pass: real OSM building footprint, a multipolygon with two small interior courtyard/light-well holes preserved rather than filled in. 255 Berry -- a Signature Properties condo building, built 2004, informally 'Signature I' to 235 Berry St's 'Signature II' (see that file's note on naming).", "accuracy_caveat": "REAL -- surveyed OpenStreetMap building footprint(s), not a hand trace or plan estimate. The underlying Assessor parcel is condo-mapped across many individually owned per-unit lots (confirmed against data/raw/parcels.geojson), so no single blklot represents the whole building and it cannot be joined via status.csv the way a single-owner parcel can. Using the real building footprint from OSM instead of a fabricated or arbitrarily chosen 'representative' unit lot, the same pattern already used for Mission Bay's other condo-mapped residential towers (Avalon I/II/III, Madrone, Arden, One Mission Bay, Radiance).", "why_no_real_parcel": null, "regulatory_context": null, "notes": "Unit count and architect not confirmed by any source found in this pass; left out rather than guessed.", "images": null, "source_doc_urls": [ "https://www.openstreetmap.org/relation/3831604" ], "street_clip_exempt": null, "p_number": null }, "geometry": { "type": "Polygon", "coordinates": [ [ [ -122.394842, 37.7737789 ], [ -122.3952797, 37.774141 ], [ -122.3947106, 37.7745932 ], [ -122.3942783, 37.7742369 ], [ -122.394842, 37.7737789 ] ], [ [ -122.394707, 37.7743228 ], [ -122.3946554, 37.7743633 ], [ -122.3947032, 37.7744017 ], [ -122.3947549, 37.7743613 ], [ -122.394707, 37.7743228 ] ], [ [ -122.3950264, 37.7741441 ], [ -122.3949785, 37.7741057 ], [ -122.3949269, 37.7741462 ], [ -122.3949748, 37.7741846 ], [ -122.3950264, 37.7741441 ] ] ] } },
{ "type": "Feature", "properties": { "project_name": "MB360", "site": "Mission Bay South", "status": "complete", "use": "residential", "geometry_type": "real", "digitized_from": "DataSF Building Footprints (mblr SF8710009); name/address from OpenStreetMap way 265724853 (701 China Basin St)", "digitization_method": "ADDED 2026-09-19 for Mission Bay's third real-buildings pass (remaining uncovered footprints inside the official Mission Bay North/South redevelopment-area boundary): MB360, a residential building at 701 China Basin St; built 2014 per apartment-listing sources, which disagree on unit count (188 vs. 360 across different listings for what may be a two-phase 'MB360'/'MB360 II' complex) -- not resolved here.", "accuracy_caveat": "REAL -- surveyed DataSF Building Footprints outline (mblr SF8710009), cross-referenced by position against an OpenStreetMap building/address point (way 265724853) for the name and street address; not a hand trace or plan estimate. Unit count contested across sources (188 vs. 360, possibly two phases/buildings marketed together as MB360/MB360 II); not resolved.", "why_no_real_parcel": null, "regulatory_context": null, "notes": "Unit count contested across sources (188 vs. 360, possibly two phases/buildings marketed together as MB360/MB360 II); not resolved.", "images": null, "source_doc_urls": "['https://www.apartments.com/mb360-san-francisco-ca/bzdysc8/'\n 'https://www.openstreetmap.org/way/265724853']", "street_clip_exempt": null, "p_number": null }, "geometry": { "type": "Polygon", "coordinates": [ [ [ -122.3936781, 37.7710178 ], [ -122.393670414531812, 37.770921494441851 ], [ -122.394213647, 37.770888757 ], [ -122.394231819, 37.771078747 ], [ -122.394232372, 37.771086234 ], [ -122.394232578, 37.771093061 ], [ -122.394232487, 37.771099888 ], [ -122.394232099, 37.771106718 ], [ -122.394231413, 37.771113536 ], [ -122.394230428, 37.771120351 ], [ -122.394229143, 37.771127156 ], [ -122.394227557, 37.771133945 ], [ -122.394225669, 37.771140714 ], [ -122.394223476, 37.771147464 ], [ -122.394220979, 37.771154182 ], [ -122.394218174, 37.771160867 ], [ -122.39421506, 37.771167514 ], [ -122.39421164, 37.771174107 ], [ -122.394207907, 37.771180651 ], [ -122.394203864, 37.771187135 ], [ -122.394203819962968, 37.771187199865771 ], [ -122.3941341, 37.7712427 ], [ -122.3941137, 37.7712222 ], [ -122.3940878, 37.7712427 ], [ -122.3940962, 37.7712504 ], [ -122.3939268, 37.77139 ], [ -122.3938451, 37.7713208 ], [ -122.3937826, 37.7713727 ], [ -122.3938426, 37.7714219 ], [ -122.393809, 37.7714457 ], [ -122.3938318, 37.7714619 ], [ -122.3936455, 37.7716103 ], [ -122.3936545, 37.7716192 ], [ -122.3935801, 37.7716776 ], [ -122.3930628, 37.7717137 ], [ -122.3930465, 37.7715039 ], [ -122.3931734, 37.7714909 ], [ -122.3931666, 37.7714408 ], [ -122.3931021, 37.771445 ], [ -122.3931003, 37.7714265 ], [ -122.393067, 37.7714289 ], [ -122.3930477, 37.771213 ], [ -122.3930725, 37.7712112 ], [ -122.3930707, 37.7711872 ], [ -122.3930437, 37.771189 ], [ -122.393021119856087, 37.77096062363227 ], [ -122.393492558907425, 37.770932212759519 ], [ -122.3935094, 37.7711319 ], [ -122.3933063, 37.7711457 ], [ -122.3933087, 37.7711738 ], [ -122.3931976, 37.7711799 ], [ -122.3932006, 37.7712381 ], [ -122.3933219, 37.7712299 ], [ -122.3933271, 37.7712782 ], [ -122.3933511, 37.7712782 ], [ -122.3933623, 37.7713891 ], [ -122.3933428, 37.7713908 ], [ -122.3933458, 37.7714355 ], [ -122.3932211, 37.771442 ], [ -122.3932233, 37.7714897 ], [ -122.3933667, 37.7714797 ], [ -122.393369, 37.7714928 ], [ -122.3934396, 37.771488 ], [ -122.3934629, 37.7714719 ], [ -122.3934516, 37.7714612 ], [ -122.3934959, 37.7714273 ], [ -122.3935064, 37.7714344 ], [ -122.393535, 37.7714172 ], [ -122.393523, 37.7714076 ], [ -122.3935538, 37.7713832 ], [ -122.393568, 37.771391 ], [ -122.3935973, 37.7713677 ], [ -122.3935831, 37.7713582 ], [ -122.3936161, 37.771332 ], [ -122.3936319, 37.7713415 ], [ -122.3936612, 37.7713213 ], [ -122.3936469, 37.7713099 ], [ -122.3936852, 37.7712843 ], [ -122.3936942, 37.7712927 ], [ -122.3937551, 37.7712492 ], [ -122.3937386, 37.7712343 ], [ -122.3937731, 37.7712111 ], [ -122.3937866, 37.7712182 ], [ -122.393846, 37.7711765 ], [ -122.3938332, 37.7711658 ], [ -122.3939324, 37.7710908 ], [ -122.3939451, 37.7710997 ], [ -122.3939782, 37.7710759 ], [ -122.3939745, 37.7710181 ], [ -122.393719, 37.7710345 ], [ -122.3937173, 37.7710161 ], [ -122.3936781, 37.7710178 ] ] ] } },
{ "type": "Feature", "properties": { "project_name": "Channel Mission Bay", "site": "Mission Bay South", "status": "complete", "use": "residential", "geometry_type": "real", "digitized_from": "DataSF Building Footprints (mblr SF8711023); name/address from OpenStreetMap way 1208613094 (185 Channel St)", "digitization_method": "ADDED 2026-09-19 for Mission Bay's third real-buildings pass (remaining uncovered footprints inside the official Mission Bay North/South redevelopment-area boundary): Channel Mission Bay, a 315-unit apartment building at 185 Channel St, developed by DOB Mission Bay LP with design/development by LaHue and Associates, managed by UDR.", "accuracy_caveat": "REAL -- surveyed DataSF Building Footprints outline (mblr SF8711023), cross-referenced by position against an OpenStreetMap building/address point (way 1208613094) for the name and street address; not a hand trace or plan estimate. Opening year not confirmed by any source found in this pass.", "why_no_real_parcel": null, "regulatory_context": null, "notes": "Opening year not confirmed by any source found in this pass.", "images": null, "source_doc_urls": "['https://www.udr.com/san-francisco-bay-area-apartments/san-francisco/channel-mission-bay/'\n 'https://lahueandassociates.com/185-channel-st/'\n 'https://www.openstreetmap.org/way/1208613094']", "street_clip_exempt": null, "p_number": null }, "geometry": { "type": "MultiPolygon", "coordinates": [ [ [ [ -122.3909904, 37.7741515 ], [ -122.391053167419457, 37.774148712750119 ], [ -122.391289481639191, 37.774337089874798 ], [ -122.3910067, 37.7743553 ], [ -122.3909904, 37.7741515 ] ] ], [ [ [ -122.3911638, 37.7741438 ], [ -122.3911616, 37.7741152 ], [ -122.3911353, 37.7741158 ], [ -122.3911227, 37.7739704 ], [ -122.3911512, 37.7739686 ], [ -122.391145720279169, 37.77394030174024 ], [ -122.391414604417307, 37.774154642406081 ], [ -122.3914161, 37.774169 ], [ -122.391386, 37.7741707 ], [ -122.3913905, 37.7742107 ], [ -122.3914423, 37.7742029 ], [ -122.3914603, 37.7741958 ], [ -122.3914941, 37.7742828 ], [ -122.3914963, 37.7742947 ], [ -122.391495785726121, 37.774295522838209 ], [ -122.39131594083743, 37.774335204920703 ], [ -122.391080470133602, 37.774147500345855 ], [ -122.3911638, 37.7741438 ] ] ], [ [ [ -122.3910807, 37.7739215 ], [ -122.3910837, 37.7739429 ], [ -122.3908884, 37.773953 ], [ -122.3908862, 37.7739178 ], [ -122.390797732682756, 37.773922117263616 ], [ -122.390604751073042, 37.773768282708346 ], [ -122.3907887, 37.7737568 ], [ -122.390794, 37.7738069 ], [ -122.390866, 37.773804 ], [ -122.3908616, 37.7737509 ], [ -122.390904602860672, 37.773748095281405 ], [ -122.391119614452592, 37.773919491512125 ], [ -122.3910807, 37.7739215 ] ] ], [ [ [ -122.3907653, 37.7739237 ], [ -122.3907721, 37.7739624 ], [ -122.3907953, 37.7739636 ], [ -122.3907968, 37.7739934 ], [ -122.3908223, 37.7739923 ], [ -122.3908424, 37.774211 ], [ -122.3908132, 37.7742116 ], [ -122.390824296112356, 37.774368844907457 ], [ -122.390815765947906, 37.774369358726936 ], [ -122.3905285, 37.7743848 ], [ -122.3905076, 37.7741864 ], [ -122.3905864, 37.7741823 ], [ -122.390585, 37.7741602 ], [ -122.3905654, 37.7741608 ], [ -122.3905528, 37.774004 ], [ -122.3905731, 37.7740017 ], [ -122.3905708, 37.7739772 ], [ -122.3905536, 37.7739647 ], [ -122.390507, 37.7739659 ], [ -122.390507, 37.7739838 ], [ -122.3903013, 37.7739914 ], [ -122.3902983, 37.7739741 ], [ -122.3902503, 37.7739765 ], [ -122.3902277, 37.7739938 ], [ -122.3902322, 37.7740313 ], [ -122.3902525, 37.7740313 ], [ -122.3902666, 37.7741708 ], [ -122.3902433, 37.7741737 ], [ -122.3902471, 37.7742125 ], [ -122.3903251, 37.7742083 ], [ -122.39034, 37.7743973 ], [ -122.3900262, 37.774412 ], [ -122.3899733, 37.7738077 ], [ -122.390578020986069, 37.773769951289928 ], [ -122.390770572009302, 37.773923442722456 ], [ -122.3907653, 37.7739237 ] ] ], [ [ [ -122.3913691, 37.7737178 ], [ -122.391411994362954, 37.774129585884353 ], [ -122.390931245860699, 37.773746357580322 ], [ -122.3913691, 37.7737178 ] ] ] ] } },
{ "type": "Feature", "properties": { "project_name": "Strata at Mission Bay", "site": "Mission Bay South", "status": "complete", "use": "residential", "geometry_type": "real", "digitized_from": "DataSF Building Footprints (mblr SF8711028); name/address from OpenStreetMap way 135103716 (555 Mission Rock St)", "digitization_method": "ADDED 2026-09-19 for Mission Bay's third real-buildings pass (remaining uncovered footprints inside the official Mission Bay North/South redevelopment-area boundary): Strata at Mission Bay, a 5-story, 192-unit apartment building at 555 Mission Rock St, built 2009.", "accuracy_caveat": "REAL -- surveyed DataSF Building Footprints outline (mblr SF8711028), cross-referenced by position against an OpenStreetMap building/address point (way 135103716) for the name and street address; not a hand trace or plan estimate. ", "why_no_real_parcel": null, "regulatory_context": null, "notes": "", "images": null, "source_doc_urls": "['https://www.stratasf.com/'\n 'https://socketsite.com/archives/2009/02/the_pluggedin_scoop_on_strata_at_mission_bay_and_its_en.html'\n 'https://www.openstreetmap.org/way/135103716']", "street_clip_exempt": null, "p_number": null }, "geometry": { "type": "Polygon", "coordinates": [ [ [ -122.3904321, 37.7727951 ], [ -122.390432, 37.772795 ], [ -122.3904234, 37.7727005 ], [ -122.3904237, 37.7727005 ], [ -122.3904155, 37.7726061 ], [ -122.390414, 37.7726062 ], [ -122.3903749, 37.7722367 ], [ -122.3903816, 37.7722363 ], [ -122.3903704, 37.7721374 ], [ -122.3903696, 37.7721374 ], [ -122.390361, 37.7720429 ], [ -122.3904006, 37.7720406 ], [ -122.3903996, 37.7720305 ], [ -122.3904376, 37.7720281 ], [ -122.3904377, 37.7720281 ], [ -122.3904387, 37.7720385 ], [ -122.3904876, 37.7720357 ], [ -122.3904866, 37.7720262 ], [ -122.3905229, 37.7720241 ], [ -122.3905237, 37.7720325 ], [ -122.3905761, 37.7720295 ], [ -122.3905752, 37.7720205 ], [ -122.3906106, 37.7720189 ], [ -122.3906114, 37.7720275 ], [ -122.3906602, 37.7720247 ], [ -122.3906592, 37.7720148 ], [ -122.3906972, 37.7720124 ], [ -122.3906972, 37.7720125 ], [ -122.3906982, 37.7720225 ], [ -122.3907457, 37.7720198 ], [ -122.3907447, 37.7720099 ], [ -122.3907827, 37.7720075 ], [ -122.3907828, 37.7720075 ], [ -122.3907837, 37.7720176 ], [ -122.3907983, 37.7720168 ], [ -122.3907984, 37.7720176 ], [ -122.3909687, 37.7720076 ], [ -122.3909687, 37.7720075 ], [ -122.390977, 37.7720069 ], [ -122.390976, 37.7719969 ], [ -122.3909894, 37.771996 ], [ -122.390989, 37.771991 ], [ -122.3909888, 37.7719881 ], [ -122.3910311, 37.7719856 ], [ -122.3910318, 37.7719933 ], [ -122.3910436, 37.7719925 ], [ -122.3910446, 37.7720023 ], [ -122.3911114, 37.7719978 ], [ -122.3911106, 37.7719889 ], [ -122.3911395, 37.7719872 ], [ -122.3911388, 37.7719795 ], [ -122.3911773, 37.7719776 ], [ -122.3911784, 37.771991 ], [ -122.3911823, 37.7719908 ], [ -122.3911838, 37.7720079 ], [ -122.3912053, 37.7720068 ], [ -122.391209, 37.7720521 ], [ -122.3911878, 37.7720532 ], [ -122.3911933, 37.7721146 ], [ -122.3912168, 37.7721134 ], [ -122.3912205, 37.7721612 ], [ -122.3911991, 37.7721623 ], [ -122.3912049, 37.7722355 ], [ -122.3912281, 37.7722344 ], [ -122.3912283, 37.7722375 ], [ -122.3912317, 37.7722797 ], [ -122.391208, 37.7722809 ], [ -122.3912128, 37.7723352 ], [ -122.3912365, 37.772334 ], [ -122.3912373, 37.772343 ], [ -122.3912426, 37.7724006 ], [ -122.3912187, 37.7724018 ], [ -122.3912206, 37.7724226 ], [ -122.3912236, 37.7724564 ], [ -122.3912483, 37.7724551 ], [ -122.391252, 37.7725004 ], [ -122.3912276, 37.7725017 ], [ -122.3912276, 37.7725021 ], [ -122.3912307, 37.7725019 ], [ -122.3912307, 37.772502 ], [ -122.3912362, 37.7725766 ], [ -122.3912599, 37.7725754 ], [ -122.3912602, 37.7725783 ], [ -122.3912636, 37.7726207 ], [ -122.3912383, 37.772622 ], [ -122.3912437, 37.7726835 ], [ -122.3912683, 37.7726822 ], [ -122.391272, 37.7727276 ], [ -122.3912477, 37.7727288 ], [ -122.3912491, 37.7727442 ], [ -122.3912389, 37.7727448 ], [ -122.3912399, 37.7727561 ], [ -122.391186, 37.772759 ], [ -122.3911853, 37.7727502 ], [ -122.3911164, 37.7727543 ], [ -122.3911171, 37.7727635 ], [ -122.3910482, 37.7727667 ], [ -122.3910475, 37.7727584 ], [ -122.3910347, 37.7727592 ], [ -122.3910347, 37.7727591 ], [ -122.3910344, 37.7727479 ], [ -122.3908691, 37.7727565 ], [ -122.3908693, 37.7727693 ], [ -122.3908559, 37.7727701 ], [ -122.3908566, 37.7727782 ], [ -122.3908185, 37.7727806 ], [ -122.3908185, 37.7727805 ], [ -122.3908177, 37.7727723 ], [ -122.3907699, 37.7727752 ], [ -122.3907706, 37.7727831 ], [ -122.3907325, 37.7727855 ], [ -122.3907325, 37.7727854 ], [ -122.3907317, 37.7727775 ], [ -122.3906838, 37.7727803 ], [ -122.3906846, 37.7727885 ], [ -122.3906464, 37.7727908 ], [ -122.3906456, 37.7727826 ], [ -122.3905952, 37.7727856 ], [ -122.390596, 37.7727934 ], [ -122.3905579, 37.7727957 ], [ -122.3905571, 37.7727882 ], [ -122.3905087, 37.7727908 ], [ -122.3905096, 37.7727997 ], [ -122.3904715, 37.772802 ], [ -122.3904706, 37.772793 ], [ -122.3904321, 37.7727951 ] ] ] } },
{ "type": "Feature", "properties": { "project_name": "J. David Gladstone Institutes", "site": "Mission Bay South", "status": "complete", "use": "institutional", "geometry_type": "real", "digitized_from": "DataSF Building Footprints (mblr SF8709008); name/address from OpenStreetMap way 84805700 (1650 Owens St)", "digitization_method": "ADDED 2026-09-19 for Mission Bay's third real-buildings pass (remaining uncovered footprints inside the official Mission Bay North/South redevelopment-area boundary): The J. David Gladstone Institutes' Mission Bay headquarters at 1650 Owens St: a 6-story, ~200,000 sq ft biomedical research building, completed and dedicated in December 2004; UCSF-affiliated independent nonprofit research institute, named for founder J. David Gladstone.", "accuracy_caveat": "REAL -- surveyed DataSF Building Footprints outline (mblr SF8709008), cross-referenced by position against an OpenStreetMap building/address point (way 84805700) for the name and street address; not a hand trace or plan estimate. A 2023-announced ~105,000 sq ft / $160M expansion at this address was reported as planned; not confirmed complete, so not reflected in this footprint or status.", "why_no_real_parcel": null, "regulatory_context": null, "notes": "A 2023-announced ~105,000 sq ft / $160M expansion at this address was reported as planned; not confirmed complete, so not reflected in this footprint or status.", "images": null, "source_doc_urls": "['https://www.ucsf.edu/news/2004/12/101217/gladstone-institutes-dedicate-mission-bay-research-building'\n 'https://sfyimby.com/2023/02/gladstone-expansion-announced-for-1650-owens-street-in-mission-bay-san-francisco.html'\n 'https://www.openstreetmap.org/way/84805700']", "street_clip_exempt": null, "p_number": null }, "geometry": { "type": "Polygon", "coordinates": [ [ [ -122.3945768, 37.7681012 ], [ -122.3945973, 37.7681175 ], [ -122.3945907, 37.7681227 ], [ -122.3943985, 37.7679696 ], [ -122.3944051, 37.7679644 ], [ -122.3944094, 37.7679679 ], [ -122.3944154, 37.7679632 ], [ -122.3943773, 37.7679325 ], [ -122.39437, 37.7679382 ], [ -122.3943571, 37.7679278 ], [ -122.394337, 37.7679432 ], [ -122.3943036, 37.7679158 ], [ -122.3943025, 37.7679149 ], [ -122.3943222, 37.7678997 ], [ -122.3943061, 37.7678868 ], [ -122.3942846, 37.7679033 ], [ -122.3942501, 37.767875 ], [ -122.3942712, 37.7678587 ], [ -122.3942561, 37.7678466 ], [ -122.3942352, 37.7678627 ], [ -122.3942007, 37.7678343 ], [ -122.3942213, 37.7678185 ], [ -122.3942057, 37.767806 ], [ -122.3942056, 37.7678059 ], [ -122.3942126, 37.7678004 ], [ -122.3941739, 37.7677692 ], [ -122.394166, 37.7677754 ], [ -122.3940013, 37.7676428 ], [ -122.3940012, 37.7676427 ], [ -122.3940076, 37.7676377 ], [ -122.3939685, 37.7676063 ], [ -122.3939623, 37.7676112 ], [ -122.393797, 37.7674781 ], [ -122.3937969, 37.767478 ], [ -122.3938034, 37.767473 ], [ -122.3937747, 37.7674498 ], [ -122.3937746, 37.7674497 ], [ -122.3938095, 37.7674224 ], [ -122.393821, 37.7674316 ], [ -122.3938305, 37.7674241 ], [ -122.3937696, 37.7673756 ], [ -122.3937695, 37.7673755 ], [ -122.3937752, 37.767371 ], [ -122.3937765, 37.7673721 ], [ -122.3938619, 37.7673062 ], [ -122.3938591, 37.7673039 ], [ -122.3938591, 37.7673038 ], [ -122.3938647, 37.7672993 ], [ -122.3939263, 37.7673486 ], [ -122.3939391, 37.7673389 ], [ -122.3939555, 37.7673521 ], [ -122.3940322, 37.7672933 ], [ -122.3940338, 37.7672946 ], [ -122.3940348, 37.7672938 ], [ -122.3941882, 37.7674173 ], [ -122.3942124, 37.7673965 ], [ -122.3942494, 37.7674238 ], [ -122.3942494, 37.7674239 ], [ -122.3942449, 37.7674277 ], [ -122.3942625, 37.7674413 ], [ -122.3942625, 37.7674414 ], [ -122.3942406, 37.7674596 ], [ -122.3943926, 37.7675807 ], [ -122.3944169, 37.76756 ], [ -122.3944539, 37.7675872 ], [ -122.3944539, 37.7675873 ], [ -122.3944499, 37.7675907 ], [ -122.3944675, 37.7676044 ], [ -122.3944675, 37.7676045 ], [ -122.3944453, 37.7676226 ], [ -122.3944866, 37.7676555 ], [ -122.3945619, 37.7675927 ], [ -122.3945688, 37.767598 ], [ -122.394569, 37.7675978 ], [ -122.3945786, 37.7676053 ], [ -122.3946264, 37.7676415 ], [ -122.3945496, 37.7677056 ], [ -122.3945995, 37.7677453 ], [ -122.3946229, 37.7677253 ], [ -122.3946599, 37.7677526 ], [ -122.3946599, 37.7677527 ], [ -122.3946561, 37.7677559 ], [ -122.3946726, 37.7677686 ], [ -122.3946726, 37.7677688 ], [ -122.3946502, 37.767787 ], [ -122.3948126, 37.7679151 ], [ -122.3948127, 37.7679153 ], [ -122.3947926, 37.767931 ], [ -122.3948041, 37.7679403 ], [ -122.3948042, 37.7679404 ], [ -122.3947447, 37.7679868 ], [ -122.3947331, 37.7679774 ], [ -122.3947237, 37.7679848 ], [ -122.3947508, 37.7680063 ], [ -122.3947509, 37.7680064 ], [ -122.3947449, 37.7680112 ], [ -122.3947424, 37.7680092 ], [ -122.3946965, 37.7680453 ], [ -122.3946586, 37.7680751 ], [ -122.3946617, 37.7680776 ], [ -122.3946617, 37.7680777 ], [ -122.3946558, 37.7680824 ], [ -122.3946423, 37.7680717 ], [ -122.3946319, 37.7680799 ], [ -122.3946588, 37.7681015 ], [ -122.3946588, 37.7681016 ], [ -122.3946237, 37.7681291 ], [ -122.394583, 37.7680964 ], [ -122.3945768, 37.7681012 ] ] ] } },
{ "type": "Feature", "properties": { "project_name": "Crescent Cove", "site": "Mission Bay North", "status": "complete", "use": "residential", "geometry_type": "real", "digitized_from": "DataSF Building Footprints (mblr SF8703006); name/address from OpenStreetMap way 288672372 (420 Berry St)", "digitization_method": "ADDED 2026-09-19 for Mission Bay's third real-buildings pass (remaining uncovered footprints inside the official Mission Bay North/South redevelopment-area boundary): Crescent Cove, a 236-unit affordable apartment complex (up to 60% AMI) at 420 Berry St next to Mission Creek Park, developed by Related Companies and Chinatown Community Development Center, designed by David Baker & Associates to follow the curve of the Caltrain tracks; sold to a SoCal investor in 2022 per The Real Deal, which places its original completion in the 2000s (exact year not independently confirmed).", "accuracy_caveat": "REAL -- surveyed DataSF Building Footprints outline (mblr SF8703006), cross-referenced by position against an OpenStreetMap building/address point (way 288672372) for the name and street address; not a hand trace or plan estimate. Exact completion year not confirmed by a primary source in this pass; secondary sources place it in the mid-to-late 2000s.", "why_no_real_parcel": null, "regulatory_context": null, "notes": "Exact completion year not confirmed by a primary source in this pass; secondary sources place it in the mid-to-late 2000s.", "images": null, "source_doc_urls": "['https://therealdeal.com/sanfrancisco/2022/05/31/socal-investor-buys-236-unit-affordable-complex-in-sfs-mission-bay/'\n 'https://www.dbarchitect.com/projects/crescent-cove'\n 'https://www.openstreetmap.org/way/288672372']", "street_clip_exempt": null, "p_number": null }, "geometry": { "type": "Polygon", "coordinates": [ [ [ -122.3992066, 37.7717926 ], [ -122.3992336, 37.7718214 ], [ -122.3992491, 37.7718124 ], [ -122.3992941, 37.7718616 ], [ -122.3992941, 37.7718617 ], [ -122.3992794, 37.7718701 ], [ -122.3993221, 37.7719155 ], [ -122.3993221, 37.7719156 ], [ -122.3992442, 37.7719605 ], [ -122.3992604, 37.7719791 ], [ -122.3992056, 37.772013 ], [ -122.3991865, 37.7719949 ], [ -122.3991469, 37.7720184 ], [ -122.3991236, 37.771994 ], [ -122.3991066, 37.7720041 ], [ -122.3990618, 37.7719568 ], [ -122.3990787, 37.7719467 ], [ -122.3990316, 37.7718972 ], [ -122.3990133, 37.7719082 ], [ -122.3989685, 37.7718609 ], [ -122.3989867, 37.77185 ], [ -122.3989639, 37.7718261 ], [ -122.3989442, 37.771837 ], [ -122.3989227, 37.7718123 ], [ -122.3989411, 37.7718021 ], [ -122.3988753, 37.7717329 ], [ -122.3988719, 37.77173 ], [ -122.3988601, 37.7717193 ], [ -122.3987723, 37.7717884 ], [ -122.39879, 37.7718481 ], [ -122.3988902, 37.7718307 ], [ -122.3989061, 37.7718874 ], [ -122.3989234, 37.771884 ], [ -122.3989415, 37.7719411 ], [ -122.3989222, 37.771945 ], [ -122.3989315, 37.7719782 ], [ -122.3989468, 37.7719752 ], [ -122.3989649, 37.7720323 ], [ -122.3989476, 37.7720358 ], [ -122.3989647, 37.772097 ], [ -122.3989851, 37.772093 ], [ -122.3990032, 37.7721501 ], [ -122.3989809, 37.7721546 ], [ -122.3989968, 37.7722115 ], [ -122.3988941, 37.7722299 ], [ -122.398886, 37.772201 ], [ -122.398858, 37.7721937 ], [ -122.3988393, 37.7721888 ], [ -122.398834, 37.7721932 ], [ -122.3987896, 37.7721577 ], [ -122.3987896, 37.7721576 ], [ -122.398835, 37.7721222 ], [ -122.3988375, 37.7721219 ], [ -122.3988332, 37.7721063 ], [ -122.3987406, 37.7721236 ], [ -122.3987256, 37.772073 ], [ -122.3987204, 37.7720739 ], [ -122.3987011, 37.7720067 ], [ -122.3987064, 37.7720057 ], [ -122.3986897, 37.7719492 ], [ -122.3986824, 37.7719506 ], [ -122.3986631, 37.7718834 ], [ -122.3986699, 37.7718822 ], [ -122.3986554, 37.771833 ], [ -122.3986554, 37.7718329 ], [ -122.3987536, 37.7718142 ], [ -122.3987442, 37.7717798 ], [ -122.3987442, 37.7717797 ], [ -122.3987506, 37.7717746 ], [ -122.3986806, 37.7717184 ], [ -122.3986806, 37.7717183 ], [ -122.3987259, 37.7716827 ], [ -122.3987207, 37.7716784 ], [ -122.3987548, 37.7716519 ], [ -122.3987584, 37.7716549 ], [ -122.398819, 37.7716073 ], [ -122.3988153, 37.7716043 ], [ -122.3988637, 37.7715649 ], [ -122.3988683, 37.7715687 ], [ -122.3988685, 37.7715686 ], [ -122.398903, 37.7715415 ], [ -122.3989216, 37.7715269 ], [ -122.3989175, 37.7715235 ], [ -122.3989502, 37.7714973 ], [ -122.3989776, 37.7715201 ], [ -122.3990442, 37.7714677 ], [ -122.3990199, 37.7714483 ], [ -122.3990199, 37.7714482 ], [ -122.3990824, 37.7713991 ], [ -122.3990794, 37.7713966 ], [ -122.3991278, 37.7713573 ], [ -122.3991309, 37.7713598 ], [ -122.3991817, 37.7713194 ], [ -122.399179, 37.7713171 ], [ -122.3992131, 37.7712907 ], [ -122.3992424, 37.7713147 ], [ -122.3992395, 37.7713169 ], [ -122.3992815, 37.7713524 ], [ -122.3993122, 37.7713289 ], [ -122.3992704, 37.7712951 ], [ -122.3992689, 37.7712962 ], [ -122.3992375, 37.7712701 ], [ -122.3992717, 37.7712436 ], [ -122.3992755, 37.7712468 ], [ -122.399325, 37.7712076 ], [ -122.3993202, 37.7712037 ], [ -122.3993781, 37.7711587 ], [ -122.3993816, 37.7711616 ], [ -122.3994066, 37.7711418 ], [ -122.3994027, 37.7711386 ], [ -122.3994369, 37.7711122 ], [ -122.3994404, 37.771115 ], [ -122.3994859, 37.771079 ], [ -122.3995623, 37.7711403 ], [ -122.3995623, 37.7711404 ], [ -122.3995033, 37.7711871 ], [ -122.3995148, 37.7711964 ], [ -122.3995349, 37.7711793 ], [ -122.3995365, 37.7711805 ], [ -122.39955, 37.7711688 ], [ -122.3995772, 37.7711895 ], [ -122.3995772, 37.7711896 ], [ -122.3995644, 37.7712007 ], [ -122.3995914, 37.7712204 ], [ -122.3995686, 37.7712398 ], [ -122.3995897, 37.7712568 ], [ -122.3995431, 37.771295 ], [ -122.3995343, 37.7712888 ], [ -122.399523, 37.7712984 ], [ -122.3995916, 37.7713489 ], [ -122.3995916, 37.771349 ], [ -122.3995215, 37.7714108 ], [ -122.3994665, 37.7713703 ], [ -122.3994536, 37.7713812 ], [ -122.3993992, 37.7713406 ], [ -122.3993992, 37.7713405 ], [ -122.3994118, 37.7713299 ], [ -122.3993829, 37.7713087 ], [ -122.399292, 37.7713816 ], [ -122.3993214, 37.7714 ], [ -122.3993334, 37.7713881 ], [ -122.3993922, 37.7714254 ], [ -122.3993922, 37.7714255 ], [ -122.3993806, 37.771437 ], [ -122.3994151, 37.7714587 ], [ -122.3994271, 37.7714461 ], [ -122.3994874, 37.7714822 ], [ -122.3994874, 37.7714823 ], [ -122.3994745, 37.7714958 ], [ -122.399534, 37.7715329 ], [ -122.399534, 37.771533 ], [ -122.3994863, 37.7715804 ], [ -122.399513, 37.7715967 ], [ -122.399528, 37.7715801 ], [ -122.3995548, 37.7715938 ], [ -122.3995548, 37.7715939 ], [ -122.3995108, 37.7716392 ], [ -122.3995216, 37.7716459 ], [ -122.3995216, 37.771646 ], [ -122.3994579, 37.7717107 ], [ -122.3993994, 37.771674 ], [ -122.3993886, 37.7716853 ], [ -122.3993286, 37.771649 ], [ -122.3993285, 37.771649 ], [ -122.3993401, 37.7716369 ], [ -122.3993058, 37.7716154 ], [ -122.3992945, 37.7716272 ], [ -122.3992345, 37.7715909 ], [ -122.3992466, 37.7715783 ], [ -122.3992136, 37.7715576 ], [ -122.3992048, 37.7715669 ], [ -122.3991749, 37.7715506 ], [ -122.3991852, 37.7715398 ], [ -122.3991831, 37.7715385 ], [ -122.399189, 37.7715324 ], [ -122.3991443, 37.7715057 ], [ -122.3990579, 37.7715768 ], [ -122.3990843, 37.7716031 ], [ -122.3990682, 37.7716128 ], [ -122.3992048, 37.7717567 ], [ -122.3991967, 37.7717615 ], [ -122.3992197, 37.7717845 ], [ -122.3992066, 37.7717926 ] ] ] } },
{ "type": "Feature", "properties": { "project_name": "Mission Walk (330 Berry St)", "site": "Mission Bay North", "status": "complete", "use": "residential", "geometry_type": "real", "digitized_from": "DataSF Building Footprints (mblr SF8704278); name/address from OpenStreetMap way 56656119 (330 Berry St)", "digitization_method": "ADDED 2026-09-19 for Mission Bay's third real-buildings pass (remaining uncovered footprints inside the official Mission Bay North/South redevelopment-area boundary): Mission Walk Condos, a residential condominium building at 330 Berry St. Its DataSF Building Footprints outline (mblr SF8704278) originally overlapped the already-committed Arterra building (300 Berry St, mission_bay_arterra.geojson) by 712 sq m -- check_geometry_quality.py --strict correctly flagged this as two approximate blocks at the same site overlapping. Trimmed to the geometric difference against Arterra's committed polygon (kept the larger resulting piece) rather than leaving the overlap or guessing a boundary: the two buildings evidently share a party wall/adjacent footprint in the LIDAR source, and this is the non-overlapping remainder, not necessarily this building's true full outline. EXTENDED 2026-09-20: the owner reviewed the same fragment-10/15 split done for Edgewater's N4-3 extension (see that record) and directed that the piece north of the extension of Mission Walk 330's own northeast (N-E corner) edge -- a rectangle matching the building's own width, ~1,893 sqm -- be merged into this record rather than into N4-3, since it continues this building's own footprint alignment northward rather than the open-land strip's.", "accuracy_caveat": "REAL -- surveyed DataSF Building Footprints outline (mblr SF8704278), cross-referenced by position against an OpenStreetMap building/address point (way 56656119) for the name and street address, but trimmed against the adjacent, already-committed Arterra footprint to remove a 712 sq m overlap (see digitization_method). The trimmed shape may understate this building's true footprint along the shared edge with Arterra; not a hand trace or plan estimate otherwise. Updated 2026-09-20: extended north by a real-gap-fragment piece sized to this building's own footprint width, per the owner's direct cut -- not independently sourced or verified against a building footprint of its own.", "why_no_real_parcel": null, "regulatory_context": null, "notes": "This footprint's east edge originally overlapped the already-tracked Arterra building (300 Berry St) in DataSF's own footprint layer -- the two buildings sit immediately adjacent/share a party wall. Trimmed to the non-overlapping remainder rather than guessed; a future pass could re-verify the true shared boundary against a site plan or higher-resolution imagery. Opening year and unit count not confirmed.", "images": null, "source_doc_urls": "['https://www.apartmenthomeliving.com/apartment-finder/Mission-Walk-Condos-San-Francisco-CA-94158-18289912'\n 'https://www.openstreetmap.org/way/56656119']", "street_clip_exempt": null, "p_number": null }, "geometry": { "type": "Polygon", "coordinates": [ [ [ -122.3964738, 37.7734485 ], [ -122.3964969, 37.7734307 ], [ -122.3964858, 37.7734219 ], [ -122.3964858, 37.7734218 ], [ -122.3967606, 37.773204 ], [ -122.3969047, 37.7733184 ], [ -122.3969047, 37.7733185 ], [ -122.3969035, 37.7733194 ], [ -122.396903671732204, 37.773319271200847 ], [ -122.397205043084355, 37.773562763286684 ], [ -122.397182788, 37.773587052 ], [ -122.396932634, 37.773814719 ], [ -122.396843089075844, 37.773890500621292 ], [ -122.396515048368087, 37.773648035750327 ], [ -122.3965146, 37.7736484 ], [ -122.3964891, 37.7736317 ], [ -122.3964863, 37.7736339 ], [ -122.3964829, 37.7736312 ], [ -122.3963542, 37.7735289 ], [ -122.3964448, 37.773457 ], [ -122.396441040574885, 37.773453800489257 ], [ -122.396460243429303, 37.773438652302417 ], [ -122.3964738, 37.7734485 ] ] ] } },
{ "type": "Feature", "properties": { "project_name": "Mission Walk (335 Berry St)", "site": "Mission Bay North", "status": "complete", "use": "residential", "geometry_type": "real", "digitized_from": "DataSF Building Footprints (mblr SF8707120); name/address from OpenStreetMap way 56656114 (335 Berry St)", "digitization_method": "ADDED 2026-09-19 for Mission Bay's third real-buildings pass (remaining uncovered footprints inside the official Mission Bay North/South redevelopment-area boundary): A residential condominium building at 335 Berry St, OSM-tagged as part of the Mission Walk complex.", "accuracy_caveat": "REAL -- surveyed DataSF Building Footprints outline (mblr SF8707120), cross-referenced by position against an OpenStreetMap building/address point (way 56656114) for the name and street address; not a hand trace or plan estimate. Opening year and unit count not confirmed by any source found in this pass.", "why_no_real_parcel": null, "regulatory_context": null, "notes": "Opening year and unit count not confirmed by any source found in this pass.", "images": null, "source_doc_urls": [ "https://www.openstreetmap.org/way/56656114" ], "street_clip_exempt": null, "p_number": null }, "geometry": { "type": "Polygon", "coordinates": [ [ [ -122.3963337, 37.7730214 ], [ -122.3963673, 37.7730453 ], [ -122.3965151, 37.7729233 ], [ -122.3964875, 37.7728975 ], [ -122.3964815, 37.7729042 ], [ -122.3962734, 37.7727398 ], [ -122.3962715, 37.7727382 ], [ -122.3962811, 37.7727305 ], [ -122.3962689, 37.7727208 ], [ -122.3962609, 37.7727272 ], [ -122.3962124, 37.7726887 ], [ -122.3962797, 37.7726352 ], [ -122.3962996, 37.772651 ], [ -122.3963132, 37.7726402 ], [ -122.3963661, 37.7726822 ], [ -122.3965925, 37.7728616 ], [ -122.39659, 37.7728636 ], [ -122.3966187, 37.7728865 ], [ -122.3966553, 37.7729158 ], [ -122.3966554, 37.7729159 ], [ -122.396642, 37.7729257 ], [ -122.396652, 37.7729336 ], [ -122.3966695, 37.7729201 ], [ -122.3966696, 37.77292 ], [ -122.3967257, 37.7729642 ], [ -122.3967257, 37.7729643 ], [ -122.3967245, 37.7729652 ], [ -122.3967017, 37.7729834 ], [ -122.396715, 37.7729941 ], [ -122.396438, 37.7732128 ], [ -122.396425, 37.7732025 ], [ -122.3964116, 37.773213 ], [ -122.3964237, 37.7732226 ], [ -122.3964237, 37.7732227 ], [ -122.3963577, 37.7732747 ], [ -122.3962914, 37.7732218 ], [ -122.3962914, 37.7732217 ], [ -122.3963026, 37.7732128 ], [ -122.3962896, 37.7732024 ], [ -122.396278, 37.7732116 ], [ -122.3959776, 37.7729718 ], [ -122.3959878, 37.7729637 ], [ -122.3959749, 37.7729534 ], [ -122.3959638, 37.7729621 ], [ -122.395917, 37.7729248 ], [ -122.395917, 37.7729247 ], [ -122.3959844, 37.7728715 ], [ -122.396003, 37.7728863 ], [ -122.3960167, 37.7728755 ], [ -122.3959986, 37.772861 ], [ -122.3959985, 37.7728609 ], [ -122.3960638, 37.7728094 ], [ -122.3961097, 37.7728461 ], [ -122.3961012, 37.7728529 ], [ -122.3961144, 37.7728634 ], [ -122.3961231, 37.7728565 ], [ -122.3961235, 37.7728568 ], [ -122.3963385, 37.7730157 ], [ -122.3963337, 37.7730214 ] ] ] } },
{ "type": "Feature", "properties": { "project_name": "Venue", "site": "Mission Bay South", "status": "complete", "use": "residential", "geometry_type": "real", "digitized_from": "DataSF Building Footprints (mblr SF8711025); name/address from OpenStreetMap way 255652150 (1155 4th St)", "digitization_method": "ADDED 2026-09-19 for Mission Bay's third real-buildings pass (remaining uncovered footprints inside the official Mission Bay North/South redevelopment-area boundary): Venue, a studio-to-two-bedroom apartment building at 1155 4th St (Mission Rock & 4th), managed by Sares Regis Management.", "accuracy_caveat": "REAL -- surveyed DataSF Building Footprints outline (mblr SF8711025), cross-referenced by position against an OpenStreetMap building/address point (way 255652150) for the name and street address; not a hand trace or plan estimate. The real, notable Edwin M. Lee Apartments (124,000 sq ft supportive-housing building for veterans and low-income families, 1150 3rd St, one block away) was investigated for this pass but its address point sits ~37m from this footprint's edge -- close enough to be the nearest available DataSF footprint, but not confidently its own separate outline in the building-footprint data checked. Left out rather than guessed; a future pass should re-check with a dedicated satellite/plan comparison.", "why_no_real_parcel": null, "regulatory_context": null, "notes": "The real, notable Edwin M. Lee Apartments (124,000 sq ft supportive-housing building for veterans and low-income families, 1150 3rd St, one block away) was investigated for this pass but its address point sits ~37m from this footprint's edge -- close enough to be the nearest available DataSF footprint, but not confidently its own separate outline in the building-footprint data checked. Left out rather than guessed; a future pass should re-check with a dedicated satellite/plan comparison.", "images": null, "source_doc_urls": "['https://www.rentcafe.com/apartments/ca/san-francisco/venue-0/default.aspx'\n 'https://www.openstreetmap.org/way/255652150']", "street_clip_exempt": null, "p_number": null }, "geometry": { "type": "Polygon", "coordinates": [ [ [ -122.3912658, 37.7729161 ], [ -122.3912863, 37.773117 ], [ -122.3912665, 37.7731163 ], [ -122.3912728, 37.7731592 ], [ -122.3912998, 37.7731564 ], [ -122.3913267, 37.7733409 ], [ -122.3913078, 37.7733452 ], [ -122.3913087, 37.7733709 ], [ -122.391333, 37.7733702 ], [ -122.3913536, 37.773559 ], [ -122.391231, 37.773564 ], [ -122.3912257, 37.7735339 ], [ -122.3911797, 37.7735354 ], [ -122.3911815, 37.7735675 ], [ -122.3911355, 37.7735697 ], [ -122.3911319, 37.7735561 ], [ -122.3910824, 37.7735589 ], [ -122.3910797, 37.7735446 ], [ -122.3910391, 37.773546 ], [ -122.39104, 37.7735653 ], [ -122.3910427, 37.7735746 ], [ -122.3910004, 37.7735775 ], [ -122.3909986, 37.7735682 ], [ -122.390949, 37.7735731 ], [ -122.390949, 37.773551 ], [ -122.3909094, 37.7735531 ], [ -122.3909139, 37.7735846 ], [ -122.3908598, 37.7735888 ], [ -122.3908571, 37.7735731 ], [ -122.390813, 37.7735759 ], [ -122.3908112, 37.7735588 ], [ -122.390768, 37.7735609 ], [ -122.3907715, 37.7735888 ], [ -122.3907364, 37.7735909 ], [ -122.3907346, 37.7735845 ], [ -122.390728488364928, 37.773584729596308 ], [ -122.390633799463302, 37.773509248410186 ], [ -122.3906203, 37.7733735 ], [ -122.3906025, 37.7731746 ], [ -122.3905828, 37.7729565 ], [ -122.3912658, 37.7729161 ] ] ] } },
{ "type": "Feature", "properties": { "project_name": "500 Terry A. Francois Boulevard", "site": "Mission Bay South", "status": "complete", "use": "commercial", "geometry_type": "real", "digitized_from": "DataSF Building Footprints (mblr SF8721010, all 3 real footprint pieces within this Assessor lot unioned)", "digitization_method": "ADDED 2026-09-19 for Mission Bay's third real-buildings pass (remaining uncovered footprints inside the official Mission Bay North/South redevelopment-area boundary): 500 Terry A. Francois Blvd (Mission Bay Block 26A), a 6-story, ~310,000 sq ft office building built by the Sobrato Organization, completed 2008; sat empty for four years before Cisco's Meraki division leased space in 2012, followed by Cisco's $1.2B acquisition of Meraki. Tenants have included Cisco and Wix. CORRECTED 2026-09-19: this file originally used only 1 of 3 real DataSF footprint pieces sharing mblr SF8721010 (the smallest, ~1172 sq m) -- a satellite-imagery cross-check prompted by the owner questioning apparent gaps elsewhere on the map led to a systematic real-city-block coverage audit, which caught this building's own incomplete geometry. Corrected to the union of all 3 pieces (~8636 sq m total), matching the ~310,000 sq ft / 6-story building described in sourcing.", "accuracy_caveat": "REAL -- surveyed DataSF Building Footprints outline (mblr SF8721010), cross-referenced by position against an OpenStreetMap building/address point (way 28844040) for the name and street address; not a hand trace or plan estimate. ", "why_no_real_parcel": null, "regulatory_context": null, "notes": " GEOMETRY CORRECTED 2026-09-19: previously only captured 1 of 3 real footprint pieces; now unioned.", "images": null, "source_doc_urls": "['https://www.clarkpacific.com/project/500-terry-francois-mission-bay-block-26a/'\n 'https://www.sfchronicle.com/tech/article/tech-giant-signs-s-f-s-biggest-office-lease-17878648.php'\n 'https://www.openstreetmap.org/way/28844040']", "street_clip_exempt": null, "p_number": null }, "geometry": { "type": "MultiPolygon", "coordinates": [ [ [ [ -122.3870031, 37.7702983 ], [ -122.387003, 37.7702982 ], [ -122.3870015, 37.7702824 ], [ -122.3869528, 37.7702857 ], [ -122.3869171, 37.7702319 ], [ -122.386917, 37.7702318 ], [ -122.3869188, 37.7699971 ], [ -122.3870258, 37.7699903 ], [ -122.3870259, 37.7699903 ], [ -122.3870267, 37.7700011 ], [ -122.3871124, 37.769996 ], [ -122.3871114, 37.7699851 ], [ -122.3875579, 37.7699601 ], [ -122.3875579, 37.7699602 ], [ -122.3875811, 37.7702197 ], [ -122.3875716, 37.7702202 ], [ -122.3875757, 37.7702641 ], [ -122.3875536, 37.7702654 ], [ -122.3875638, 37.7704126 ], [ -122.3871045, 37.7704397 ], [ -122.3870587, 37.7704432 ], [ -122.3870586, 37.7704431 ], [ -122.3870554, 37.7704081 ], [ -122.3870495, 37.7703447 ], [ -122.3870461, 37.7703073 ], [ -122.3870519, 37.7703068 ], [ -122.3870509, 37.7702954 ], [ -122.3870031, 37.7702983 ] ] ], [ [ [ -122.3875898, 37.7704191 ], [ -122.3875919, 37.770419 ], [ -122.387592, 37.7704191 ], [ -122.3876139, 37.7706352 ], [ -122.3874389, 37.7706453 ], [ -122.3874466, 37.770731 ], [ -122.3866426, 37.7707763 ], [ -122.3866426, 37.7707762 ], [ -122.3866224, 37.7705523 ], [ -122.3866331, 37.7705517 ], [ -122.3866258, 37.7704778 ], [ -122.3875897, 37.770418 ], [ -122.3875897, 37.7704181 ], [ -122.3875898, 37.7704191 ] ] ] ] } },
{ "type": "Feature", "properties": { "project_name": "1500 Owens Street", "site": "Mission Bay South", "status": "complete", "use": "institutional", "geometry_type": "real", "digitized_from": "DataSF Building Footprints (mblr SF8709018); name/address from OpenStreetMap way 84805709 (1500 Owens St)", "digitization_method": "ADDED 2026-09-19 for Mission Bay's third real-buildings pass (remaining uncovered footprints inside the official Mission Bay North/South redevelopment-area boundary): 1500 Owens St, a UCSF Health outpatient medical building housing Radiology, Sports Medicine, Physical Therapy & Rehabilitation, Orthopedic Surgery Center, and Gynecology & Urogynecology clinics at Mission Bay.", "accuracy_caveat": "REAL -- surveyed DataSF Building Footprints outline (mblr SF8709018), cross-referenced by position against an OpenStreetMap building/address point (way 84805709) for the name and street address; not a hand trace or plan estimate. Construction date and architect not confirmed by any source found in this pass.", "why_no_real_parcel": null, "regulatory_context": null, "notes": "Construction date and architect not confirmed by any source found in this pass.", "images": null, "source_doc_urls": "['https://www.ucsfhealth.org/locations/radiology-mission-bay-owens-st'\n 'https://www.openstreetmap.org/way/84805709']", "street_clip_exempt": null, "p_number": null }, "geometry": { "type": "Polygon", "coordinates": [ [ [ -122.3959714, 37.7690819 ], [ -122.3959737, 37.7690831 ], [ -122.3959737, 37.7690832 ], [ -122.3959339, 37.7691319 ], [ -122.3959088, 37.7691076 ], [ -122.3958068, 37.7691495 ], [ -122.3957042, 37.7690149 ], [ -122.3954592, 37.7688371 ], [ -122.3954592, 37.768837 ], [ -122.3954673, 37.7688315 ], [ -122.3954672, 37.7688314 ], [ -122.395452, 37.7688185 ], [ -122.395452, 37.7688184 ], [ -122.3954579, 37.7688139 ], [ -122.3954394, 37.7687991 ], [ -122.3954327, 37.7688044 ], [ -122.3953226, 37.7687168 ], [ -122.3953226, 37.7687166 ], [ -122.3956105, 37.7684897 ], [ -122.3959363, 37.7687459 ], [ -122.3959906, 37.7687038 ], [ -122.3960972, 37.7687873 ], [ -122.3960955, 37.7687887 ], [ -122.3960967, 37.7687897 ], [ -122.3960488, 37.7688276 ], [ -122.3961369, 37.7689 ], [ -122.3961425, 37.7689046 ], [ -122.396135, 37.7690147 ], [ -122.3959714, 37.7690819 ] ] ] } },
{ "type": "Feature", "properties": { "project_name": "1700 Owens Street", "site": "Mission Bay South", "status": "complete", "use": "institutional", "geometry_type": "real", "digitized_from": "DataSF Building Footprints (mblr SF8709007); name/address from OpenStreetMap way 27955297 (1700 Owens St)", "digitization_method": "ADDED 2026-09-19 for Mission Bay's third real-buildings pass (remaining uncovered footprints inside the official Mission Bay North/South redevelopment-area boundary): 1700 Owens St, a UCSF-affiliated research building at the west corner of Owens Street housing the UCSF-Bay Area Center for AIDS Research (CFAR) and the Taube-Koret Center for Huntington's Disease Research.", "accuracy_caveat": "REAL -- surveyed DataSF Building Footprints outline (mblr SF8709007), cross-referenced by position against an OpenStreetMap building/address point (way 27955297) for the name and street address; not a hand trace or plan estimate. Construction date and architect not confirmed by any source found in this pass.", "why_no_real_parcel": null, "regulatory_context": null, "notes": "Construction date and architect not confirmed by any source found in this pass.", "images": null, "source_doc_urls": "['https://cfar.ucsf.edu/event-location/1700-owens-street'\n 'https://www.openstreetmap.org/way/27955297']", "street_clip_exempt": null, "p_number": null }, "geometry": { "type": "Polygon", "coordinates": [ [ [ -122.3935257, 37.7671678 ], [ -122.3935277, 37.7671663 ], [ -122.393527, 37.7671657 ], [ -122.3934935, 37.767193 ], [ -122.3934626, 37.7671684 ], [ -122.3934571, 37.7671727 ], [ -122.393195, 37.7669638 ], [ -122.3931949, 37.7669637 ], [ -122.3932003, 37.7669594 ], [ -122.3931949, 37.7669551 ], [ -122.3931948, 37.7669549 ], [ -122.3932035, 37.7669478 ], [ -122.3932021, 37.7669489 ], [ -122.3931297, 37.7668908 ], [ -122.3931297, 37.7668907 ], [ -122.3931612, 37.7668079 ], [ -122.3932654, 37.7668018 ], [ -122.3932655, 37.7667877 ], [ -122.3932656, 37.7667877 ], [ -122.3932652, 37.7667834 ], [ -122.3935158, 37.7667679 ], [ -122.3935158, 37.766768 ], [ -122.3935163, 37.7667736 ], [ -122.393566, 37.7667708 ], [ -122.393566, 37.7667709 ], [ -122.3935667, 37.766779 ], [ -122.3937057, 37.7667787 ], [ -122.3937075, 37.7667711 ], [ -122.3937556, 37.7667741 ], [ -122.3937561, 37.7667697 ], [ -122.3937584, 37.7667698 ], [ -122.3937589, 37.7667666 ], [ -122.3937596, 37.7667617 ], [ -122.3937592, 37.7667562 ], [ -122.3940708, 37.7667371 ], [ -122.3941362, 37.7667878 ], [ -122.3941363, 37.7667877 ], [ -122.3942219, 37.7668553 ], [ -122.3942219, 37.7668554 ], [ -122.394155, 37.7669065 ], [ -122.3941534, 37.7669053 ], [ -122.3940775, 37.7669646 ], [ -122.394073, 37.766961 ], [ -122.3937795, 37.7671932 ], [ -122.3937488, 37.7671692 ], [ -122.3937291, 37.7671838 ], [ -122.3937629, 37.7672103 ], [ -122.3936365, 37.7673122 ], [ -122.3935068, 37.7672109 ], [ -122.3935428, 37.7671818 ], [ -122.3935257, 37.7671679 ], [ -122.3935257, 37.7671678 ] ] ] } },
{ "type": "Feature", "properties": { "project_name": "Mission Creek Park Pavilion", "site": "Mission Bay South", "status": "complete", "use": "park", "geometry_type": "real", "digitized_from": "DataSF Building Footprints (mblr SF8710002); name/address from OpenStreetMap way 188854480 (290 Channel St)", "digitization_method": "ADDED 2026-09-19 for Mission Bay's third real-buildings pass (remaining uncovered footprints inside the official Mission Bay North/South redevelopment-area boundary): The Mission Creek Park Pavilion, an SF Recreation and Parks Department building at 290 Channel St within Mission Creek Park (12 acres), with floor-to-ceiling windows and two patios overlooking Mission Creek, available for café/recreational use; adjacent to the Channel Street Dog Park. Confirmed not to overlap the already-tracked Mission Creek Park boundary polygon (mission_bay_creek_park.geojson).", "accuracy_caveat": "REAL -- surveyed DataSF Building Footprints outline (mblr SF8710002), cross-referenced by position against an OpenStreetMap building/address point (way 188854480) for the name and street address; not a hand trace or plan estimate. ", "why_no_real_parcel": null, "regulatory_context": null, "notes": "", "images": null, "source_doc_urls": "['https://sfrecpark.org/1704/Mission-Creek-Park-Pavilion'\n 'https://missionbayparks.com/venue/mission-creek-park-pavilion/'\n 'https://www.openstreetmap.org/way/188854480']", "street_clip_exempt": null, "p_number": null }, "geometry": { "type": "Polygon", "coordinates": [ [ [ -122.3936183, 37.7730579 ], [ -122.3936729, 37.7730123 ], [ -122.3938257, 37.7731379 ], [ -122.3938257, 37.7731386 ], [ -122.3936681, 37.7732636 ], [ -122.3936044, 37.7731995 ], [ -122.3936452, 37.7731669 ], [ -122.3935497, 37.7730915 ], [ -122.3936057, 37.7730479 ], [ -122.3936183, 37.7730579 ] ] ] } },
{ "type": "Feature", "properties": { "project_name": "UCSF Wayne and Gladys Valley Center for Vision", "site": "Mission Bay South", "status": "complete", "use": "institutional", "geometry_type": "real", "digitized_from": "DataSF Building Footprints (mblr SF3940003); name/address from OpenStreetMap way 84821715 (490 Illinois St)", "digitization_method": "ADDED 2026-09-19 for Mission Bay's block-by-block reconciliation pass, cross-checking OCII's own numbered Land Use Map (Dec 2019, data/manual/_reference/mission_bay_land_use_map_2019.png) against everything already tracked: The UCSF Wayne and Gladys Valley Center for Vision at 490 Illinois St: a 12-story tower with a 5-story south wing and a garden-topped 3-story north wing, ~75,000 sq ft of parking for 200+ vehicles, opened 2020, construction cost reported at ~$237M.", "accuracy_caveat": "REAL -- surveyed DataSF Building Footprints outline (mblr SF3940003), name/address from OpenStreetMap way 84821715 (490 Illinois St); not a hand trace or plan estimate. This building's DataSF footprint shares its mblr (SF3940003) with the adjacent 499 Illinois St building (below) -- both address points fall on the same Assessor block-lot pairing in the source data, consistent with the two being described as a connected campus (409-499 Illinois) in commercial listings, but the two footprints themselves are geometrically distinct pieces, used here as separate records since they carry separate names, addresses, and OSM tags.", "why_no_real_parcel": null, "regulatory_context": null, "notes": "This building's DataSF footprint shares its mblr (SF3940003) with the adjacent 499 Illinois St building (below) -- both address points fall on the same Assessor block-lot pairing in the source data, consistent with the two being described as a connected campus (409-499 Illinois) in commercial listings, but the two footprints themselves are geometrically distinct pieces, used here as separate records since they carry separate names, addresses, and OSM tags.", "images": null, "source_doc_urls": "['https://sfyimby.com/2020/11/ucsf-opens-medical-facility-at-490-illinois-street-mission-bay-san-francisco.html'\n 'https://www.openstreetmap.org/way/84821715']", "street_clip_exempt": null, "p_number": null }, "geometry": { "type": "Polygon", "coordinates": [ [ [ -122.3874939, 37.7663161 ], [ -122.3874939, 37.766316 ], [ -122.3879455, 37.7662924 ], [ -122.3879483, 37.7663261 ], [ -122.3879486, 37.766326 ], [ -122.3879487, 37.7663262 ], [ -122.3879492, 37.7663323 ], [ -122.3879488, 37.7663324 ], [ -122.3879491, 37.7663353 ], [ -122.3879477, 37.7663353 ], [ -122.3879479, 37.7663378 ], [ -122.3879784, 37.7663352 ], [ -122.3879784, 37.7663353 ], [ -122.3880283, 37.766849 ], [ -122.3875511, 37.7668782 ], [ -122.387551, 37.7668781 ], [ -122.3875499, 37.7668575 ], [ -122.3873621, 37.7668687 ], [ -122.3873618, 37.7668896 ], [ -122.3871637, 37.7669 ], [ -122.3871655, 37.7669049 ], [ -122.3870968, 37.766909 ], [ -122.3870967, 37.7669089 ], [ -122.3870902, 37.76689 ], [ -122.3870815, 37.76689 ], [ -122.3870866, 37.7669045 ], [ -122.3869483, 37.7669117 ], [ -122.3869482, 37.7669116 ], [ -122.3868606, 37.7666566 ], [ -122.3869874, 37.7666243 ], [ -122.386992, 37.7666372 ], [ -122.3870026, 37.7666351 ], [ -122.3869951, 37.7666133 ], [ -122.3870521, 37.766601 ], [ -122.3870521, 37.7666011 ], [ -122.3870541, 37.7666064 ], [ -122.3872169, 37.7665632 ], [ -122.3875237, 37.7665511 ], [ -122.3875087, 37.7663583 ], [ -122.3874975, 37.7663589 ], [ -122.3874974, 37.7663585 ], [ -122.3874962, 37.7663586 ], [ -122.3874961, 37.7663585 ], [ -122.3874956, 37.7663523 ], [ -122.3874961, 37.7663523 ], [ -122.3874939, 37.7663161 ] ] ] } },
{ "type": "Feature", "properties": { "project_name": "499 Illinois Street (Alexandria Center for Science and Technology)", "site": "Mission Bay South", "status": "complete", "use": "institutional", "geometry_type": "real", "digitized_from": "DataSF Building Footprints (mblr SF3940003); name/address from OpenStreetMap way 84821722 (499 Illinois St)", "digitization_method": "ADDED 2026-09-19 for Mission Bay's block-by-block reconciliation pass, cross-checking OCII's own numbered Land Use Map (Dec 2019, data/manual/_reference/mission_bay_land_use_map_2019.png) against everything already tracked: 499 Illinois St, the Alexandria Center for Science and Technology: a 6-story, ~450,000 sq ft biotechnology building (lab, office, retail, parking) completed 2008. UCSF leased space here for over a decade (most recently ~90% of the building) and purchased the building outright from longtime landlord Alexandria Real Estate Equities; UCSF Health also operates a Reproductive Health clinic on the 6th floor.", "accuracy_caveat": "REAL -- surveyed DataSF Building Footprints outline (mblr SF3940003), name/address from OpenStreetMap way 84821722 (499 Illinois St); not a hand trace or plan estimate. Shares its DataSF mblr (SF3940003) with the adjacent 490 Illinois St building -- see that file's notes.", "why_no_real_parcel": null, "regulatory_context": null, "notes": "Shares its DataSF mblr (SF3940003) with the adjacent 490 Illinois St building -- see that file's notes.", "images": null, "source_doc_urls": "['https://www.fiercebiotech.com/biotech/alexandria-s-499-illinois-street-mission-bay-san-francisco-signs-anchor-97-700-rentable'\n 'https://www.sgh.com/project/499-illinois-street/'\n 'https://www.openstreetmap.org/way/84821722']", "street_clip_exempt": null, "p_number": null }, "geometry": { "type": "Polygon", "coordinates": [ [ [ -122.3874912, 37.7661702 ], [ -122.3874911, 37.7661693 ], [ -122.3874854, 37.7661363 ], [ -122.3874802, 37.7660783 ], [ -122.3874691, 37.7659757 ], [ -122.387265, 37.7659894 ], [ -122.3870566, 37.7659486 ], [ -122.3870546, 37.7659526 ], [ -122.3870131, 37.7659464 ], [ -122.387013, 37.7659463 ], [ -122.387023, 37.7659272 ], [ -122.3870151, 37.7659259 ], [ -122.3870081, 37.7659392 ], [ -122.3868934, 37.7659184 ], [ -122.3868934, 37.7659183 ], [ -122.3870209, 37.7656707 ], [ -122.387151, 37.7656642 ], [ -122.3871511, 37.7656643 ], [ -122.3871421, 37.7656815 ], [ -122.3871686, 37.7656786 ], [ -122.387177, 37.7656622 ], [ -122.3879104, 37.7656161 ], [ -122.3879105, 37.7656163 ], [ -122.3879417, 37.7659446 ], [ -122.3879423, 37.7659508 ], [ -122.3879594, 37.7661306 ], [ -122.3879257, 37.766132 ], [ -122.3879267, 37.7661365 ], [ -122.3879256, 37.7661366 ], [ -122.3879258, 37.7661381 ], [ -122.3879305, 37.7661378 ], [ -122.3879306, 37.766138 ], [ -122.3879311, 37.7661426 ], [ -122.3879313, 37.7661426 ], [ -122.3879314, 37.7661428 ], [ -122.3879329, 37.766178 ], [ -122.3874973, 37.7662062 ], [ -122.3874912, 37.7661702 ] ] ] } },
{ "type": "Feature", "properties": { "project_name": "P26 -- landscaped wedge (16th/3rd/Owens St interchange)", "site": "Mission Bay South", "status": "complete", "use": "park", "geometry_type": "approximate", "digitized_from": "Real-gap-fragment technique: bbox.difference(street buffer).difference(already-tracked polygons) near the UCSF Medical Center campus. The owner reviewed the numbered fragment map and picked fragment 49 as P26's real extent, then directed a further cut: the fragment forks into two thin parallel strips (~13-21m wide, running north alongside a building courtyard) above a wider single base (up to 46m wide) -- keep the base, drop both forks.", "digitization_method": "ADDED 2026-09-20: the owner corrected the prior resolution (which had P26 'absorbed into the hospital's own footprint, not a separate parcel') using the numbered real-gap-fragment technique. Fragment 49 (a landscaped wedge between the I-280 ramps/curve near 16th St, 3rd St and Owens St, 4,384 sqm raw) forks above a widening base into two thin parallel strips flanking a walkway toward the UCSF building courtyard to the north -- found via a width-cross-section scan (nseg=2 for a wide latitude band, meaning two separate boundary crossings = two parallel arms) rather than eyeballed. Cut at the fork (lat 37.76495, where the cross-section width drops from a single 46m span to two separate ~17m arms) and kept only the single-segment base south of it, per the owner's 'keep the head, drop the horns' instruction. Result: 2,037 sqm triangular landscaped wedge in the freeway-ramp interchange.", "accuracy_caveat": "APPROXIMATE -- real landscaped/grassed land per Esri satellite imagery and the street/already-tracked-polygon-bounded gap computation, not a surveyed footprint or named park record. Name and operator (likely SFMTA/Caltrans ramp landscaping or an OCII-era open-space installation, matching its P26 plan designation) not confirmed by any source found in this pass.", "why_no_real_parcel": null, "regulatory_context": null, "notes": "OCII plan open-space parcel P26. A small landscaped wedge in the freeway on/off-ramp interchange near 16th St/3rd St/Owens St, just west of the UCSF Medical Center campus.", "images": null, "source_doc_urls": [ ], "street_clip_exempt": null, "p_number": null }, "geometry": { "type": "Polygon", "coordinates": [ [ [ -122.392860834, 37.764947741 ], [ -122.392855221, 37.764937429 ], [ -122.392849631, 37.764927109 ], [ -122.392844068, 37.764916781 ], [ -122.392838529, 37.764906443 ], [ -122.392833016, 37.764896098 ], [ -122.392827528, 37.764885744 ], [ -122.392822064, 37.764875382 ], [ -122.392816627, 37.764865011 ], [ -122.392678093, 37.764873359 ], [ -122.392477846, 37.764885426 ], [ -122.392484020410137, 37.76495 ], [ -122.392458551165802, 37.76495 ], [ -122.392454672, 37.764860647 ], [ -122.392467659, 37.764653325 ], [ -122.392517591, 37.764327361 ], [ -122.392561837, 37.764218807 ], [ -122.392563814, 37.764213187 ], [ -122.392565234, 37.764207401 ], [ -122.392566084, 37.764201504 ], [ -122.392566355, 37.764195552 ], [ -122.392566045, 37.764189603 ], [ -122.392565157, 37.764183711 ], [ -122.392560566610427, 37.764160879293449 ], [ -122.392567333633608, 37.764160458101642 ], [ -122.39259262, 37.764241842 ], [ -122.392594437, 37.764246895 ], [ -122.392596691, 37.764251769 ], [ -122.392599364, 37.764256427 ], [ -122.392952733, 37.764813784 ], [ -122.393032163769576, 37.76495 ], [ -122.392862070387565, 37.76495 ], [ -122.392860834, 37.764947741 ] ] ] } },
{ "type": "Feature", "properties": { "project_name": "P27 -- oval running track and field (south of UCSF Medical Center)", "site": "Mission Bay South", "status": "complete", "use": "park", "geometry_type": "approximate", "digitized_from": "Real-gap-fragment technique: bbox.difference(street buffer).difference(already-tracked polygons) near the UCSF Medical Center campus. The owner reviewed the numbered fragment map and identified fragment 29 (an oval running track and central field, clearly visible on satellite imagery) as P27's real extent.", "digitization_method": "ADDED 2026-09-20: the owner corrected the prior resolution (which had P27 'absorbed into the hospital's own footprint, not a separate parcel') using the numbered real-gap-fragment technique -- fragment 29 (11,734 sqm), a real oval running track with a central grass field and surrounding path, sits as its own real feature just south of the hospital campus, bounded by real streets on all sides and not overlapping any already-tracked polygon. Used as-is, no trim needed.", "accuracy_caveat": "APPROXIMATE -- real running track/field per Esri satellite imagery and the street/already-tracked-polygon-bounded gap computation, not a surveyed footprint or named park record. Name and operator not confirmed by any source found in this pass.", "why_no_real_parcel": null, "regulatory_context": null, "notes": "OCII plan open-space parcel P27. A real oval running track and central field immediately south of the UCSF Medical Center at Mission Bay campus.", "images": null, "source_doc_urls": [ ], "street_clip_exempt": null, "p_number": null }, "geometry": { "type": "Polygon", "coordinates": [ [ [ -122.390905113, 37.764486912 ], [ -122.390904848, 37.764481096 ], [ -122.390884654938517, 37.764265191078721 ], [ -122.392265190940748, 37.764179264011418 ], [ -122.392263429, 37.764182796 ], [ -122.392261333, 37.764188248 ], [ -122.392259768, 37.764193876 ], [ -122.392258747, 37.764199628 ], [ -122.39225828, 37.764205451 ], [ -122.392248114, 37.764521604 ], [ -122.392217575, 37.76486408 ], [ -122.392217335, 37.764869831 ], [ -122.392217637, 37.76487558 ], [ -122.392233738, 37.76503668 ], [ -122.392250563, 37.765225743 ], [ -122.392251515, 37.765232338 ], [ -122.39225318, 37.765238791 ], [ -122.392281508, 37.765328132 ], [ -122.392301797, 37.765548525 ], [ -122.392294700514086, 37.765694516738314 ], [ -122.3922817, 37.7655498 ], [ -122.3922296, 37.7650324 ], [ -122.3908415, 37.7651151 ], [ -122.39069048005193, 37.765069008534006 ], [ -122.390692246, 37.765068456 ], [ -122.390697764, 37.765066114 ], [ -122.390703026, 37.765063243 ], [ -122.390707982, 37.765059869 ], [ -122.390712583, 37.765056026 ], [ -122.390716785, 37.765051751 ], [ -122.390720547, 37.765047084 ], [ -122.390723834, 37.765042071 ], [ -122.390726614, 37.76503676 ], [ -122.39072886, 37.765031202 ], [ -122.390730551, 37.765025451 ], [ -122.390731641, 37.765020933 ], [ -122.390732718, 37.76501658 ], [ -122.390733816, 37.765012241 ], [ -122.390734941, 37.765007906 ], [ -122.390736095, 37.765003557 ], [ -122.390737271, 37.76499922 ], [ -122.390738469, 37.764994897 ], [ -122.390739695, 37.764990573 ], [ -122.390740949, 37.764986243 ], [ -122.390742224, 37.764981923 ], [ -122.390743523, 37.764977618 ], [ -122.390744851, 37.764973304 ], [ -122.3907462, 37.764969001 ], [ -122.390747577, 37.764964702 ], [ -122.39074898, 37.764960398 ], [ -122.390750406, 37.764956105 ], [ -122.390751857, 37.764951815 ], [ -122.390753331, 37.764947538 ], [ -122.39075483, 37.764943266 ], [ -122.39075636, 37.764938982 ], [ -122.390757912, 37.764934707 ], [ -122.390759484, 37.764930451 ], [ -122.390761084, 37.764926193 ], [ -122.390762707, 37.764921944 ], [ -122.390764358, 37.764917696 ], [ -122.390766036, 37.764913441 ], [ -122.390767732, 37.764909209 ], [ -122.390769453, 37.764904986 ], [ -122.390771203, 37.764900757 ], [ -122.390772978, 37.764896531 ], [ -122.390774778, 37.76489231 ], [ -122.390776596, 37.764888109 ], [ -122.390778441, 37.764883911 ], [ -122.390780315, 37.764879708 ], [ -122.390782211, 37.764875515 ], [ -122.390784128, 37.764871337 ], [ -122.390786072, 37.764867161 ], [ -122.390788045, 37.76486298 ], [ -122.390790036, 37.764858819 ], [ -122.390792054, 37.76485466 ], [ -122.390793631, 37.764851452 ], [ -122.390795425, 37.764848144 ], [ -122.39079557, 37.764847875 ], [ -122.390797923, 37.764843484 ], [ -122.39079808, 37.76484319 ], [ -122.390800407, 37.76483879 ], [ -122.390800559, 37.764838499 ], [ -122.39080286, 37.764834091 ], [ -122.390803009, 37.764833804 ], [ -122.390805285, 37.764829387 ], [ -122.390805428, 37.764829108 ], [ -122.390807679, 37.764824684 ], [ -122.390807833, 37.76482438 ], [ -122.390810058, 37.764819946 ], [ -122.3908102, 37.76481966 ], [ -122.390812399, 37.76481522 ], [ -122.390812543, 37.764814928 ], [ -122.390814717, 37.764810479 ], [ -122.390814862, 37.76481018 ], [ -122.39081701, 37.764805723 ], [ -122.390817146, 37.764805438 ], [ -122.390819269, 37.764800974 ], [ -122.390819407, 37.764800683 ], [ -122.390821505, 37.764796211 ], [ -122.390821655, 37.764795889 ], [ -122.390823725, 37.764791409 ], [ -122.390823857, 37.76479112 ], [ -122.390825902, 37.764786633 ], [ -122.390826038, 37.764786333 ], [ -122.390828057, 37.764781839 ], [ -122.390828189, 37.764781544 ], [ -122.390830183, 37.764777042 ], [ -122.390830321, 37.764776729 ], [ -122.390832288, 37.76477222 ], [ -122.390832415, 37.764771927 ], [ -122.390834357, 37.764767411 ], [ -122.390834487, 37.764767106 ], [ -122.390836403, 37.764762583 ], [ -122.390836536, 37.764762266 ], [ -122.390838425, 37.764757736 ], [ -122.390838546, 37.764757444 ], [ -122.39084041, 37.764752908 ], [ -122.390840541, 37.764752585 ], [ -122.390842378, 37.764748041 ], [ -122.390842507, 37.764747721 ], [ -122.390844317, 37.76474317 ], [ -122.390844432, 37.764742878 ], [ -122.390846217, 37.764738322 ], [ -122.390846342, 37.764738 ], [ -122.3908481, 37.764733437 ], [ -122.390848215, 37.764733135 ], [ -122.390849948, 37.764728565 ], [ -122.390850067, 37.764728249 ], [ -122.390851773, 37.764723674 ], [ -122.390851892, 37.764723352 ], [ -122.390853571, 37.764718771 ], [ -122.390853687, 37.764718451 ], [ -122.39085534, 37.764713862 ], [ -122.390855449, 37.764713558 ], [ -122.390857076, 37.764708965 ], [ -122.390857192, 37.764708636 ], [ -122.390858792, 37.764704036 ], [ -122.390858903, 37.764703714 ], [ -122.390860476, 37.764699109 ], [ -122.390860584, 37.764698789 ], [ -122.390862131, 37.764694177 ], [ -122.390862234, 37.764693868 ], [ -122.390863755, 37.764689252 ], [ -122.390863862, 37.764688923 ], [ -122.390865356, 37.764684301 ], [ -122.390865462, 37.764683971 ], [ -122.390866929, 37.764679343 ], [ -122.390867028, 37.764679027 ], [ -122.390868469, 37.764674394 ], [ -122.390868569, 37.764674069 ], [ -122.390869983, 37.764669432 ], [ -122.390870087, 37.764669088 ], [ -122.390871473, 37.764664445 ], [ -122.390871564, 37.764664138 ], [ -122.390872925, 37.76465949 ], [ -122.390873021, 37.764659159 ], [ -122.390874355, 37.764654506 ], [ -122.390874449, 37.764654174 ], [ -122.390875756, 37.764649516 ], [ -122.390875847, 37.764649186 ], [ -122.390877127, 37.764644524 ], [ -122.390877218, 37.76464419 ], [ -122.390878471, 37.764639523 ], [ -122.390878559, 37.764639192 ], [ -122.390879785, 37.764634521 ], [ -122.390879872, 37.764634185 ], [ -122.390881071, 37.764629509 ], [ -122.390881152, 37.764629188 ], [ -122.390882325, 37.764624508 ], [ -122.390882412, 37.764624159 ], [ -122.390883557, 37.764619474 ], [ -122.390883637, 37.764619142 ], [ -122.390884755, 37.764614454 ], [ -122.390884832, 37.764614128 ], [ -122.390885924, 37.764609435 ], [ -122.390886003, 37.764609089 ], [ -122.390887067, 37.764604393 ], [ -122.39088714, 37.764604068 ], [ -122.390888178, 37.764599368 ], [ -122.390888257, 37.764599006 ], [ -122.390889266, 37.764594302 ], [ -122.390889332, 37.764593988 ], [ -122.390890316, 37.76458928 ], [ -122.39089039, 37.764588919 ], [ -122.390891345, 37.764584208 ], [ -122.390891411, 37.764583881 ], [ -122.39089234, 37.764579166 ], [ -122.390892406, 37.764578828 ], [ -122.390893308, 37.76457411 ], [ -122.390893371, 37.764573771 ], [ -122.390894246, 37.76456905 ], [ -122.39089431, 37.764568698 ], [ -122.390895157, 37.764563974 ], [ -122.390895217, 37.764563637 ], [ -122.390896037, 37.764558911 ], [ -122.390896096, 37.764558566 ], [ -122.390896889, 37.764553835 ], [ -122.390896947, 37.764553484 ], [ -122.390897712, 37.764548751 ], [ -122.390897764, 37.764548422 ], [ -122.390898503, 37.764543686 ], [ -122.390898559, 37.764543321 ], [ -122.390899269, 37.764538583 ], [ -122.390899315, 37.764538265 ], [ -122.3909, 37.764533524 ], [ -122.390900054, 37.764533145 ], [ -122.390900709, 37.764528402 ], [ -122.390900752, 37.764528086 ], [ -122.390901382, 37.764523341 ], [ -122.390901428, 37.764522983 ], [ -122.39090203, 37.764518234 ], [ -122.390902074, 37.764517882 ], [ -122.390902648, 37.764513133 ], [ -122.390902687, 37.764512801 ], [ -122.390903235, 37.764508049 ], [ -122.390903276, 37.76450768 ], [ -122.390903795, 37.764502926 ], [ -122.390903832, 37.764502583 ], [ -122.390904324, 37.764497827 ], [ -122.390904358, 37.764497484 ], [ -122.390904823, 37.764492727 ], [ -122.390905113, 37.764486912 ] ] ] } },
{ "type": "Feature", "properties": { "project_name": "550 Terry A. Francois Boulevard", "site": "Mission Bay South", "status": "complete", "use": "commercial", "geometry_type": "real", "digitized_from": "DataSF Building Footprints (mblr SF8721011); address confirmed via DataSF Assessor parcel data (blklot 8721011) and independent commercial real-estate sources (no OSM name/address tag found on this footprint)", "digitization_method": "ADDED 2026-09-19 for Mission Bay's block-by-block reconciliation pass, cross-checking OCII's own numbered Land Use Map (Dec 2019, data/manual/_reference/mission_bay_land_use_map_2019.png) against everything already tracked: 550 Terry A. Francois Blvd, a 6-story Class A office building built 2002; longtime Gap Inc./Old Navy corporate headquarters, purchased by DivcoWest from Gap in May 2022, then subleased to OpenAI in 2024 (reported as San Francisco's largest office lease that year).", "accuracy_caveat": "REAL -- surveyed DataSF Building Footprints outline (mblr SF8721011), address confirmed via DataSF Assessor parcel data (blklot 8721011) and independent commercial real-estate sources (no OSM name/address tag found on this footprint); not a hand trace or plan estimate. No OSM building/name tag found on this footprint; address and history confirmed via DataSF Assessor parcel data and news coverage instead.", "why_no_real_parcel": null, "regulatory_context": null, "notes": "No OSM building/name tag found on this footprint; address and history confirmed via DataSF Assessor parcel data and news coverage instead.", "images": null, "source_doc_urls": "['https://divcowest.com/property/550-terry-francois/'\n 'https://therealdeal.com/san-francisco/2024/09/23/openai-subleases-350k-sf-building-in-sfs-mission-bay/'\n 'https://rebusinessonline.com/divcowest-buys-320000-sf-office-building-in-san-franciscos-mission-bay/']", "street_clip_exempt": null, "p_number": null }, "geometry": { "type": "Polygon", "coordinates": [ [ [ -122.3865629, 37.7695225 ], [ -122.3865532, 37.7694208 ], [ -122.3865115, 37.7694233 ], [ -122.3865115, 37.7694232 ], [ -122.3865039, 37.7693478 ], [ -122.3865099, 37.7693472 ], [ -122.3865019, 37.76928 ], [ -122.3864709, 37.7692818 ], [ -122.3864708, 37.7692816 ], [ -122.3864571, 37.7691235 ], [ -122.3866799, 37.7691113 ], [ -122.38668, 37.7691114 ], [ -122.386681, 37.7691229 ], [ -122.3867427, 37.7691194 ], [ -122.386738, 37.7690684 ], [ -122.3874604, 37.7690261 ], [ -122.3874604, 37.7690262 ], [ -122.3874666, 37.7690927 ], [ -122.3874626, 37.7690929 ], [ -122.3874654, 37.7691229 ], [ -122.3874916, 37.7693639 ], [ -122.3869048, 37.7693995 ], [ -122.3869081, 37.7694339 ], [ -122.3869148, 37.7695038 ], [ -122.3869212, 37.7695033 ], [ -122.3869212, 37.7695035 ], [ -122.3869215, 37.7695035 ], [ -122.3869215, 37.7695036 ], [ -122.3869255, 37.7695244 ], [ -122.387135, 37.7695489 ], [ -122.3871351, 37.769549 ], [ -122.3871518, 37.7697089 ], [ -122.3871521, 37.7697157 ], [ -122.3871609, 37.7697151 ], [ -122.387161, 37.7697152 ], [ -122.3871688, 37.769799 ], [ -122.3869685, 37.7698108 ], [ -122.3869685, 37.7698107 ], [ -122.3869678, 37.769804 ], [ -122.3868724, 37.7698028 ], [ -122.3867535, 37.769791 ], [ -122.3866364, 37.7697696 ], [ -122.3865163, 37.769732 ], [ -122.3865162, 37.7697319 ], [ -122.3864971, 37.769526 ], [ -122.3865629, 37.7695225 ] ] ] } },
{ "type": "Feature", "properties": { "project_name": "1180 Fourth Street", "site": "Mission Bay South", "status": "complete", "use": "residential", "geometry_type": "real", "digitized_from": "DataSF Building Footprints (mblr SF8711014); address confirmed via DataSF Assessor parcel data (blklot 8711501) and architect/press project pages (no OSM name/address tag found on this footprint)", "digitization_method": "ADDED 2026-09-19 for Mission Bay's block-by-block reconciliation pass, cross-checking OCII's own numbered Land Use Map (Dec 2019, data/manual/_reference/mission_bay_land_use_map_2019.png) against everything already tracked: 1180 Fourth Street, a 150-unit affordable housing development (50 units for formerly homeless residents) on a full city block, designed by Kennerly Architecture & Planning with Mithun|Solomon and Full Circle Architecture, opened 2015; 216,000 sq ft with ground-floor retail along 4th St and a mid-block courtyard.", "accuracy_caveat": "REAL -- surveyed DataSF Building Footprints outline (mblr SF8711014), address confirmed via DataSF Assessor parcel data (blklot 8711501) and architect/press project pages (no OSM name/address tag found on this footprint); not a hand trace or plan estimate. No OSM building/name tag found on this footprint; address and history confirmed via architect project pages and press coverage instead.", "why_no_real_parcel": null, "regulatory_context": null, "notes": "No OSM building/name tag found on this footprint; address and history confirmed via architect project pages and press coverage instead.", "images": null, "source_doc_urls": "['https://casestudies.uli.org/1180-fourth-street/'\n 'https://mithun.com/project/1180-fourth-street/'\n 'https://www.dezeen.com/2016/07/21/1180-fourth-street-san-francisco-low-cost-housing-mithun-solomon-kennerly-architecture-planning-full-circle/']", "street_clip_exempt": null, "p_number": null }, "geometry": { "type": "Polygon", "coordinates": [ [ [ -122.3916472, 37.7739487 ], [ -122.3916306, 37.7738805 ], [ -122.3915948, 37.7735535 ], [ -122.3916098, 37.7735501 ], [ -122.3916075, 37.7735349 ], [ -122.3915876, 37.7735325 ], [ -122.3915756, 37.7735291 ], [ -122.3915696, 37.7735215 ], [ -122.3915678, 37.773512 ], [ -122.391572, 37.7735048 ], [ -122.3915817, 37.7734958 ], [ -122.391902, 37.7732356 ], [ -122.3921295, 37.7730573 ], [ -122.3926194, 37.7734483 ], [ -122.3921913, 37.7737841 ], [ -122.3921887, 37.7737877 ], [ -122.3921818, 37.7737934 ], [ -122.392192, 37.7738037 ], [ -122.3921871, 37.7738066 ], [ -122.3918303, 37.7740877 ], [ -122.3916868, 37.7741782 ], [ -122.3916329, 37.7739755 ], [ -122.3916615, 37.7739726 ], [ -122.3916577, 37.7739487 ], [ -122.3916472, 37.7739487 ] ], [ [ -122.3918287, 37.773578 ], [ -122.3918839, 37.7736228 ], [ -122.3918166, 37.7736743 ], [ -122.3919055, 37.773742 ], [ -122.3918369, 37.7737925 ], [ -122.3919222, 37.7738479 ], [ -122.3920678, 37.7737278 ], [ -122.3920752, 37.7737218 ], [ -122.3920773, 37.7737207 ], [ -122.3920052, 37.773662 ], [ -122.3923502, 37.7733828 ], [ -122.3922145, 37.773274 ], [ -122.3918287, 37.773578 ] ] ] } },
{ "type": "Feature", "properties": { "project_name": "Rich Sorro Commons", "site": "Mission Bay North", "status": "complete", "use": "residential", "geometry_type": "real", "digitized_from": "DataSF Building Footprints (mblr SF8706264); name/address from Mission Housing Development Corporation's own project page and press coverage; OpenStreetMap way 679290110 tags the footprint but carries no name/address of its own", "digitization_method": "ADDED 2026-09-19 for Mission Bay's block-by-block reconciliation pass, cross-checking OCII's own numbered Land Use Map (Dec 2019, data/manual/_reference/mission_bay_land_use_map_2019.png) against everything already tracked: Rich Sorro Commons, a 101-unit supportive housing building at 150 Berry St for people living with HIV/AIDS and their families, developed by Mission Housing Development Corporation, built 2002 (174,100 sq ft). Also houses a Head Start early-childhood center (152 Berry St) on the ground floor.", "accuracy_caveat": "REAL -- surveyed DataSF Building Footprints outline (mblr SF8706264), name/address from Mission Housing Development Corporation's own project page and press coverage; OpenStreetMap way 679290110 tags the footprint but carries no name/address of its own; not a hand trace or plan estimate. ", "why_no_real_parcel": null, "regulatory_context": null, "notes": "", "images": null, "source_doc_urls": "['https://www.missionhousing.org/richsorro'\n 'https://www.yelp.com/biz/rich-sorro-commons-san-francisco'\n 'https://www.openstreetmap.org/way/679290110']", "street_clip_exempt": null, "p_number": null }, "geometry": { "type": "Polygon", "coordinates": [ [ [ -122.3924967, 37.7770017 ], [ -122.3924967, 37.7770016 ], [ -122.3925985, 37.7769223 ], [ -122.3927143, 37.7770165 ], [ -122.3927143, 37.7770166 ], [ -122.3926903, 37.7770348 ], [ -122.3927151, 37.7770553 ], [ -122.3927151, 37.7770554 ], [ -122.3920532, 37.7775777 ], [ -122.3920514, 37.7775762 ], [ -122.392037, 37.7775876 ], [ -122.3920558, 37.7776028 ], [ -122.3918629, 37.7777531 ], [ -122.3918478, 37.7777409 ], [ -122.3917906, 37.777786 ], [ -122.3918052, 37.7777977 ], [ -122.3917546, 37.7778386 ], [ -122.3914656, 37.7776073 ], [ -122.3914691, 37.7776045 ], [ -122.3913371, 37.7774999 ], [ -122.39135, 37.7774896 ], [ -122.3913412, 37.7774826 ], [ -122.3913412, 37.7774825 ], [ -122.3914984, 37.7773583 ], [ -122.3914995, 37.7773591 ], [ -122.3915026, 37.7773566 ], [ -122.3914981, 37.777353 ], [ -122.3914981, 37.7773529 ], [ -122.3915358, 37.7773241 ], [ -122.3915396, 37.7773272 ], [ -122.3915463, 37.7773219 ], [ -122.3915421, 37.7773185 ], [ -122.3915798, 37.7772896 ], [ -122.3915833, 37.7772925 ], [ -122.3915887, 37.7772881 ], [ -122.391585, 37.7772851 ], [ -122.391585, 37.777285 ], [ -122.3916227, 37.7772562 ], [ -122.3916258, 37.7772587 ], [ -122.3916382, 37.7772488 ], [ -122.3916379, 37.7772485 ], [ -122.3916531, 37.7772351 ], [ -122.391650516408461, 37.777232484512275 ], [ -122.39229740806617, 37.776722256650402 ], [ -122.3923059, 37.7767289 ], [ -122.3923264, 37.7767133 ], [ -122.3923269, 37.7767138 ], [ -122.3923278, 37.7767131 ], [ -122.3923674, 37.7767453 ], [ -122.3923674, 37.7767454 ], [ -122.3923641, 37.7767479 ], [ -122.3923627, 37.7767467 ], [ -122.3923456, 37.7767597 ], [ -122.3923867, 37.7767916 ], [ -122.392355, 37.7768145 ], [ -122.392372, 37.7768303 ], [ -122.3923721, 37.7768303 ], [ -122.3923524, 37.7768534 ], [ -122.3923208, 37.7768709 ], [ -122.3923016, 37.7768565 ], [ -122.3922448, 37.7769028 ], [ -122.3922629, 37.7769173 ], [ -122.3922629, 37.7769174 ], [ -122.3922403, 37.7769412 ], [ -122.3922112, 37.7769581 ], [ -122.3921928, 37.7769433 ], [ -122.392133, 37.7769892 ], [ -122.3921525, 37.7770053 ], [ -122.3921525, 37.7770054 ], [ -122.3921296, 37.7770296 ], [ -122.3921009, 37.7770454 ], [ -122.3920813, 37.777031 ], [ -122.3920235, 37.7770772 ], [ -122.3920411, 37.7770918 ], [ -122.3920411, 37.7770919 ], [ -122.3920206, 37.7771151 ], [ -122.3919904, 37.7771326 ], [ -122.3919699, 37.7771179 ], [ -122.3919135, 37.7771633 ], [ -122.391932, 37.7771794 ], [ -122.3919321, 37.7771795 ], [ -122.3919087, 37.7772027 ], [ -122.3918795, 37.7772202 ], [ -122.3918613, 37.7772066 ], [ -122.3918091, 37.7772495 ], [ -122.3918582, 37.7772838 ], [ -122.3918646, 37.7772785 ], [ -122.3918957, 37.7773049 ], [ -122.3919226, 37.7773272 ], [ -122.3919205, 37.7773288 ], [ -122.3920374, 37.777433 ], [ -122.3920704, 37.7774086 ], [ -122.3920737, 37.7774061 ], [ -122.3920913, 37.7773931 ], [ -122.3920446, 37.7773566 ], [ -122.3920446, 37.7773565 ], [ -122.3924543, 37.7770358 ], [ -122.3924597, 37.7770402 ], [ -122.3924599, 37.7770401 ], [ -122.3924815, 37.7770207 ], [ -122.3924919, 37.7770293 ], [ -122.3925118, 37.7770156 ], [ -122.3924967, 37.7770017 ] ], [ [ -122.3916424, 37.7774884 ], [ -122.3917504, 37.7775744 ], [ -122.391883, 37.7774684 ], [ -122.3917751, 37.7773818 ], [ -122.3916424, 37.7774884 ] ] ] } },
{ "type": "Feature", "properties": { "project_name": "MB360 (1200 4th St)", "site": "Mission Bay South", "status": "complete", "use": "residential", "geometry_type": "real", "digitized_from": "DataSF Building Footprints (mblr SF8711017); address confirmed via DataSF Assessor parcel data (blklot 8711017) and apartment-listing sources that name this address as part of the MB360 complex", "digitization_method": "ADDED 2026-09-19 after the owner flagged missing coverage in this area on review, prompting a closer satellite-imagery check that the prior block-by-block pass had not actually done for every block despite its own description: MB360, a residential complex marketed under one name but built as two separated volumes -- 701 China Basin St (already tracked as 'MB360', mission_bay_mb360.geojson) and this one at 1200 4th St, ~180m apart. Both addresses are used interchangeably for 'MB360' across apartment-listing sites (apartments.com uses 701 China Basin St; Trulia/Redfin/Zillow use 1200 4th St), consistent with one development having two street-facing volumes rather than being two different buildings.", "accuracy_caveat": "REAL -- surveyed DataSF Building Footprints outline (mblr SF8711017), address confirmed via DataSF Assessor parcel data and apartment-listing sources; not a hand trace or plan estimate. Trimmed against the adjacent Mission Bay Kids' Park to remove a 69 sq m overlap.", "why_no_real_parcel": null, "regulatory_context": null, "notes": "Treated as a second volume of the same MB360 development as mission_bay_mb360.geojson (701 China Basin St) rather than a wholly separate project, per apartment-listing sources using both addresses for one marketed community; not independently confirmed via a primary developer source. This footprint originally overlapped the adjacent Mission Bay Kids' Park by 69 sq m; trimmed to the non-overlapping remainder.", "images": null, "source_doc_urls": "['https://www.trulia.com/building/mb360-1200-4th-st-san-francisco-ca-94158-1001482983'\n 'https://www.redfin.com/CA/San-Francisco/MB360/apartment/110043175']", "street_clip_exempt": null, "p_number": null }, "geometry": { "type": "Polygon", "coordinates": [ [ [ -122.3915687, 37.7732114 ], [ -122.3915497, 37.772892 ], [ -122.3915245, 37.77289 ], [ -122.3915162, 37.7727604 ], [ -122.3915354, 37.7727556 ], [ -122.3914448, 37.7719565 ], [ -122.3916021, 37.7719509 ], [ -122.3916057, 37.7719699 ], [ -122.3921163, 37.7719473 ], [ -122.3921166, 37.7719504 ], [ -122.3921146, 37.7719505 ], [ -122.3921145, 37.7719505 ], [ -122.3921144, 37.7719505 ], [ -122.3921144, 37.7719506 ], [ -122.3921143, 37.7719506 ], [ -122.3921142, 37.7719507 ], [ -122.3921142, 37.7719508 ], [ -122.3921141, 37.7719508 ], [ -122.3921141, 37.7719509 ], [ -122.3921141, 37.771951 ], [ -122.3921513, 37.7723366 ], [ -122.3921609, 37.772434 ], [ -122.3921941, 37.7727804 ], [ -122.3921941, 37.7727805 ], [ -122.3921941, 37.7727806 ], [ -122.3921942, 37.7727806 ], [ -122.3921942, 37.7727807 ], [ -122.3921942, 37.7727808 ], [ -122.3921943, 37.7727808 ], [ -122.3921944, 37.7727808 ], [ -122.3921944, 37.7727809 ], [ -122.3921945, 37.7727809 ], [ -122.3921946, 37.7727809 ], [ -122.3921947, 37.7727809 ], [ -122.3921948, 37.7727809 ], [ -122.3921948, 37.7727808 ], [ -122.3921949, 37.7727808 ], [ -122.3922105, 37.7727686 ], [ -122.392211303124952, 37.772775426562113 ], [ -122.39163575233006, 37.773230001042684 ], [ -122.3915687, 37.7732114 ] ] ] } },
{ "type": "Feature", "properties": { "project_name": "Sister Lillian Murphy Community", "site": "Mission Bay South", "status": "complete", "use": "residential", "geometry_type": "real", "digitized_from": "DataSF Assessor real parcel boundary, blklot 8711020 (671-691 China Basin St); name/address from press coverage", "digitization_method": "ADDED 2026-09-19 after the owner flagged missing coverage in this area on review: Sister Lillian Murphy Community, a 152-unit affordable housing development (studios to 5-bedroom units, serving multigenerational households) at 671-691 China Basin St, developer Mercy Housing, celebrated in a City/Mayor London Breed event in April 2022. All 11 DataSF building-footprint pieces that fall within this address's own Assessor lot (blklot 8711020) were unioned into one multipolygon -- a courtyard-style building typically LIDAR-detects as several disconnected roof sections, the same pattern already seen for The Beacon. CORRECTED 2026-09-19: this record's own site field read 'Mission Bay North' since it was added -- wrong; a point-in-polygon check against DataSF's official redevelopment-area boundary (data/raw/redevelopment_project_areas.geojson) places it in 'Mission Bay - South', and it corresponds to the OCII plan's Block 6 West (671-691 China Basin St fronts China Basin St, Block 6's own north boundary per the plan drawing, immediately west of the already-confirmed Block 6 East). Neighboring records added in the same original pass (MB360, MB360 1200 4th St) were correctly tagged Mission Bay South, so this was an isolated mistake, not a systemic one. CORRECTED AGAIN 2026-09-19: the owner flagged this record's shape as visibly funky on the rendered map. The 11-piece footprint union only ever covered the building's separate roof/wing sections (892 sqm total), leaving the courtyard, connecting sections and most of the complex unshaded even though they're part of the same real building. Replaced with blklot 8711020's own real Assessor parcel boundary (7363 sqm, a single clean polygon) -- visually confirmed against satellite to cover the whole real building complex (both wings and the courtyard) while correctly excluding the neighboring building across the internal walkway to its east; checked for overlap against the already-tracked 6E parcel (blklot 8711505) and found none.", "accuracy_caveat": "REAL -- DataSF Assessor real parcel boundary (blklot 8711020), name/address from press coverage; not a hand trace or plan estimate. Exact opening date (vs. the April 2022 event date) not independently confirmed.", "why_no_real_parcel": null, "regulatory_context": null, "notes": "Exact opening date not independently confirmed beyond the April 2022 celebration event; unit-mix figures (studio-5BR) not verified against a primary developer source.", "images": null, "source_doc_urls": "['https://sfyimby.com/2022/04/our-city-mayor-london-breed-celebrate-new-housing-at-691-china-basin-street-mission-bay-san-francisco.html'\n 'https://housing.sfgov.org/listings/a0W4U00000HllNMUAZ']", "street_clip_exempt": null, "p_number": null }, "geometry": { "type": "Polygon", "coordinates": [ [ [ -122.3928245, 37.771717226 ], [ -122.392204386, 37.771754592 ], [ -122.392133578701973, 37.77101410066377 ], [ -122.392753687011648, 37.770976738820742 ], [ -122.3928245, 37.771717226 ] ] ] } },
{ "type": "Feature", "properties": { "project_name": "1401 Third Street", "site": "Mission Bay South", "status": "complete", "use": "commercial", "geometry_type": "real", "digitized_from": "DataSF Building Footprints (mblr SF8721032); address confirmed via DataSF Assessor parcel data (blklot 8721032) and real-estate listing sources", "digitization_method": "ADDED 2026-09-19 during a systematic real-city-block coverage audit (block_fit.py's polygonized street blocks, checked for building-footprint area not covered by any tracked record) prompted by the owner questioning apparent map gaps: A ~222,000 sq ft office building at 1401 3rd St, built 2009. Specific tenant not confirmed by any source found in this pass.", "accuracy_caveat": "REAL -- surveyed DataSF Building Footprints outline (mblr SF8721032), address confirmed via DataSF Assessor parcel data (blklot 8721032) and real-estate listing sources; not a hand trace or plan estimate. Building name/tenant not confirmed -- addressed by its street number only, consistent with how this project handles other buildings where no clean primary name was found (e.g. 1500/1700 Owens St).", "why_no_real_parcel": null, "regulatory_context": null, "notes": "Tenant/occupant not identified in this pass; left blank rather than guessed.", "images": null, "source_doc_urls": [ "https://www.cbre.com/properties/properties-for-lease/retail/details/US-SMPL-53845/1455-3rd-street-san-francisco-ca-94158" ], "street_clip_exempt": null, "p_number": null }, "geometry": { "type": "MultiPolygon", "coordinates": [ [ [ [ -122.3878418, 37.7706231 ], [ -122.3878418, 37.770623 ], [ -122.3878383, 37.7705803 ], [ -122.3878586, 37.7705786 ], [ -122.3878574, 37.7705649 ], [ -122.387857, 37.7705649 ], [ -122.387857, 37.7705652 ], [ -122.3878468, 37.7705657 ], [ -122.3878468, 37.7705656 ], [ -122.3878399, 37.7704888 ], [ -122.3878452, 37.7704885 ], [ -122.3878451, 37.7704877 ], [ -122.3878502, 37.7704875 ], [ -122.3878491, 37.7704748 ], [ -122.3878441, 37.7704752 ], [ -122.3878441, 37.7704751 ], [ -122.3878392, 37.7704754 ], [ -122.3878391, 37.7704753 ], [ -122.3878261, 37.7703417 ], [ -122.3882246, 37.770318 ], [ -122.3882247, 37.7703181 ], [ -122.388225, 37.7703216 ], [ -122.3882278, 37.7703215 ], [ -122.3882279, 37.7703216 ], [ -122.3882284, 37.7703253 ], [ -122.3882443, 37.7703247 ], [ -122.3882439, 37.7703199 ], [ -122.3882441, 37.7703199 ], [ -122.3882437, 37.7703161 ], [ -122.388396706582256, 37.77030721574684 ], [ -122.388426295927275, 37.770611747530623 ], [ -122.3883874, 37.7706142 ], [ -122.388391383271113, 37.77066129632319 ], [ -122.387858841447468, 37.77069336680777 ], [ -122.3878514, 37.7706225 ], [ -122.3878418, 37.7706231 ] ] ], [ [ [ -122.3884452, 37.7703044 ], [ -122.3884453, 37.7703046 ], [ -122.3884607, 37.77047 ], [ -122.388585207785056, 37.770461635135888 ], [ -122.388598143, 37.77059476 ], [ -122.388598152, 37.770594851 ], [ -122.388598225, 37.770595526 ], [ -122.388598248, 37.77059572 ], [ -122.38859834, 37.770596435 ], [ -122.388598367, 37.770596626 ], [ -122.388598475, 37.770597339 ], [ -122.388598506, 37.770597529 ], [ -122.388598629, 37.770598242 ], [ -122.388598666, 37.770598438 ], [ -122.388598805, 37.770599148 ], [ -122.388598844, 37.770599336 ], [ -122.388598999, 37.770600044 ], [ -122.388599043, 37.770600238 ], [ -122.388599190306863, 37.770600846179249 ], [ -122.388444236392615, 37.77061061634685 ], [ -122.388414655726962, 37.770306173538437 ], [ -122.3884452, 37.7703044 ] ] ], [ [ [ -122.3886155, 37.7704596 ], [ -122.3886, 37.7702961 ], [ -122.3892166, 37.7702584 ], [ -122.3892167, 37.7702585 ], [ -122.3892394, 37.7704815 ], [ -122.3892368, 37.7704817 ], [ -122.3892368, 37.7704821 ], [ -122.3892276, 37.7704827 ], [ -122.389229, 37.7704974 ], [ -122.389252, 37.770496 ], [ -122.389252, 37.7704961 ], [ -122.3892562, 37.7705394 ], [ -122.3892456, 37.77054 ], [ -122.389251413372094, 37.770609503992773 ], [ -122.388719244819555, 37.770641551998395 ], [ -122.388718938872373, 37.770637404714506 ], [ -122.389029035, 37.770618669 ], [ -122.389029911, 37.770618573 ], [ -122.389030773, 37.770618391 ], [ -122.389031614, 37.770618126 ], [ -122.389032425, 37.770617779 ], [ -122.389033197, 37.770617355 ], [ -122.389033925, 37.770616857 ], [ -122.3890346, 37.77061629 ], [ -122.389035216, 37.77061566 ], [ -122.389035768, 37.770614972 ], [ -122.389036249, 37.770614234 ], [ -122.389036656, 37.770613451 ], [ -122.389036984, 37.770612633 ], [ -122.389037231, 37.770611787 ], [ -122.389037393, 37.77061092 ], [ -122.389037469, 37.770610042 ], [ -122.38903746, 37.770609161 ], [ -122.389037363, 37.770608284 ], [ -122.389037182, 37.770607422 ], [ -122.389036916, 37.770606581 ], [ -122.38903657, 37.77060577 ], [ -122.389036145, 37.770604998 ], [ -122.389035647, 37.77060427 ], [ -122.389035081, 37.770603595 ], [ -122.38903445, 37.770602979 ], [ -122.389033762, 37.770602427 ], [ -122.389033024, 37.770601946 ], [ -122.389032242, 37.770601539 ], [ -122.389031424, 37.770601211 ], [ -122.389030577, 37.770600964 ], [ -122.389029711, 37.770600802 ], [ -122.389028833, 37.770600726 ], [ -122.389027951, 37.770600736 ], [ -122.3887176170022, 37.770619486029887 ], [ -122.3887157, 37.7705935 ], [ -122.388617637498783, 37.770599683045305 ], [ -122.388617456, 37.770599208 ], [ -122.388617272, 37.770598691 ], [ -122.3886171, 37.770598178 ], [ -122.38861694, 37.770597664 ], [ -122.388616792, 37.770597147 ], [ -122.388616655, 37.770596629 ], [ -122.388616529, 37.770596111 ], [ -122.388616416, 37.770595592 ], [ -122.388616314, 37.770595074 ], [ -122.388616224, 37.770594555 ], [ -122.388616145, 37.770594032 ], [ -122.388616077, 37.770593509 ], [ -122.38861602, 37.770592977 ], [ -122.388603140990796, 37.77046043032103 ], [ -122.3886155, 37.7704596 ] ] ] ] } },
{ "type": "Feature", "properties": { "project_name": "Chase Center Parking Garage (150 Warriors Way)", "site": "Mission Bay South", "status": "complete", "use": "parking", "geometry_type": "real", "digitized_from": "DataSF Building Footprints (mblr SF8721030); address confirmed via DataSF Assessor parcel data (blklot 8721030) and real-estate listing sources", "digitization_method": "ADDED 2026-09-19 during a systematic real-city-block coverage audit (block_fit.py's polygonized street blocks, checked for building-footprint area not covered by any tracked record) prompted by the owner questioning apparent map gaps: A 469,726 sq ft parking structure at 150 Warriors Way (1.58-acre lot), built 2009, serving Chase Center (directly across the street) and other Mission Bay South uses.", "accuracy_caveat": "REAL -- surveyed DataSF Building Footprints outline (mblr SF8721030), address confirmed via DataSF Assessor parcel data (blklot 8721030) and real-estate listing sources; not a hand trace or plan estimate.  Trimmed against the adjacent Uber Mission Bay 2 parcel to remove a 92 sq m overlap.", "why_no_real_parcel": null, "regulatory_context": null, "notes": "This footprint originally overlapped the adjacent Uber Mission Bay 2 parcel (blklot 8721029) by 92 sq m; trimmed to the non-overlapping remainder.", "images": null, "source_doc_urls": [ "https://www.redfin.com/CA/San-Francisco/150-Warriors-Way-94158/home/146920252" ], "street_clip_exempt": null, "p_number": null }, "geometry": { "type": "MultiPolygon", "coordinates": [ [ [ [ -122.3885111, 37.7689667 ], [ -122.3885165, 37.769005 ], [ -122.3885528, 37.7690034 ], [ -122.3886169, 37.769675 ], [ -122.3885276, 37.76968 ], [ -122.3885317, 37.7697195 ], [ -122.388531151049492, 37.769719532671822 ], [ -122.388521143, 37.769616533 ], [ -122.388563593, 37.769613934 ], [ -122.388564469, 37.769613837 ], [ -122.388565332, 37.769613655 ], [ -122.388566172, 37.769613389 ], [ -122.388566982, 37.769613042 ], [ -122.388567755, 37.769612617 ], [ -122.388568482, 37.769612118 ], [ -122.388569156, 37.769611551 ], [ -122.388569772, 37.76961092 ], [ -122.388570323, 37.769610232 ], [ -122.388570804, 37.769609493 ], [ -122.38857121, 37.76960871 ], [ -122.388571538, 37.769607892 ], [ -122.388571783, 37.769607045 ], [ -122.388571945, 37.769606179 ], [ -122.388572021, 37.7696053 ], [ -122.38857201, 37.769604419 ], [ -122.388571913, 37.769603543 ], [ -122.388571731, 37.76960268 ], [ -122.388571465, 37.76960184 ], [ -122.388571118, 37.769601029 ], [ -122.388570693, 37.769600257 ], [ -122.388570194, 37.76959953 ], [ -122.388569627, 37.769598855 ], [ -122.388568996, 37.76959824 ], [ -122.388568308, 37.769597689 ], [ -122.388567569, 37.769597208 ], [ -122.388566786, 37.769596802 ], [ -122.388565968, 37.769596474 ], [ -122.388565121, 37.769596228 ], [ -122.388564255, 37.769596067 ], [ -122.388563376, 37.769595991 ], [ -122.388562495, 37.769596002 ], [ -122.388510753, 37.769599169 ], [ -122.388509857, 37.76959927 ], [ -122.388508975, 37.769599459 ], [ -122.388508117, 37.769599736 ], [ -122.388507291, 37.769600097 ], [ -122.388506506, 37.76960054 ], [ -122.388505769, 37.769601059 ], [ -122.388505087, 37.769601649 ], [ -122.388504468, 37.769602305 ], [ -122.388503918, 37.769603019 ], [ -122.388503443, 37.769603785 ], [ -122.388503046, 37.769604595 ], [ -122.388502733, 37.76960544 ], [ -122.388502506, 37.769606313 ], [ -122.388502367, 37.769607204 ], [ -122.388502319, 37.769608104 ], [ -122.388502361, 37.769609004 ], [ -122.388513204418274, 37.769720600799317 ], [ -122.388358653298511, 37.769729799199787 ], [ -122.388285782386234, 37.768979815225322 ], [ -122.388440346313814, 37.768970745787563 ], [ -122.388484801, 37.769428283 ], [ -122.388484926, 37.769429135 ], [ -122.388485131, 37.769429972 ], [ -122.388485416, 37.769430785 ], [ -122.388485777, 37.769431567 ], [ -122.388486212, 37.769432311 ], [ -122.388486715, 37.76943301 ], [ -122.388487284, 37.769433657 ], [ -122.388487912, 37.769434247 ], [ -122.388488593, 37.769434775 ], [ -122.388489322, 37.769435234 ], [ -122.388490091, 37.769435621 ], [ -122.388490894, 37.769435933 ], [ -122.388491724, 37.769436167 ], [ -122.388492571, 37.76943632 ], [ -122.38849343, 37.769436392 ], [ -122.388494291, 37.76943638 ], [ -122.388546033, 37.769433212 ], [ -122.388546909, 37.769433115 ], [ -122.388547772, 37.769432933 ], [ -122.388548612, 37.769432667 ], [ -122.388549422, 37.769432319 ], [ -122.388550195, 37.769431894 ], [ -122.388550922, 37.769431396 ], [ -122.388551596, 37.769430828 ], [ -122.388552212, 37.769430198 ], [ -122.388552763, 37.769429509 ], [ -122.388553244, 37.769428771 ], [ -122.38855365, 37.769427988 ], [ -122.388553978, 37.76942717 ], [ -122.388554224, 37.769426323 ], [ -122.388554385, 37.769425456 ], [ -122.388554461, 37.769424578 ], [ -122.38855445, 37.769423697 ], [ -122.388554353, 37.76942282 ], [ -122.388554171, 37.769421958 ], [ -122.388553905, 37.769421117 ], [ -122.388553558, 37.769420307 ], [ -122.388553133, 37.769419535 ], [ -122.388552634, 37.769418808 ], [ -122.388552067, 37.769418133 ], [ -122.388551436, 37.769417517 ], [ -122.388550748, 37.769416966 ], [ -122.388550009, 37.769416485 ], [ -122.388549226, 37.769416079 ], [ -122.388548408, 37.769415752 ], [ -122.388547561, 37.769415506 ], [ -122.388546695, 37.769415345 ], [ -122.388545816, 37.769415269 ], [ -122.388544935, 37.769415279 ], [ -122.388501845, 37.769417918 ], [ -122.388458295044629, 37.768969692599413 ], [ -122.388511, 37.7689666 ], [ -122.3885111, 37.7689667 ] ] ], [ [ [ -122.3878445, 37.7697604 ], [ -122.3878458, 37.7697738 ], [ -122.3877657, 37.7697788 ], [ -122.3877657, 37.7697787 ], [ -122.3877557, 37.7696779 ], [ -122.3877612, 37.7696776 ], [ -122.3877576, 37.7696424 ], [ -122.3877633, 37.769642 ], [ -122.3877049, 37.7690139 ], [ -122.38826783415638, 37.768980868384077 ], [ -122.388340706607735, 37.769730867330829 ], [ -122.3878445, 37.7697604 ] ] ] ] } },
{ "type": "Feature", "properties": { "project_name": "Nancy & Stephen Grand Family House", "site": "Mission Bay South", "status": "complete", "use": "institutional", "geometry_type": "real", "digitized_from": "DataSF Building Footprints (mblr SF8711227); address/name confirmed via DataSF Assessor Historical Secured Property Tax Roll (blklot 8711227, property_location '540 MISSION BAY BLVD NOR', use 'Commercial Hotel'/'Hotels - Other', year_property_built 2016, number_of_stories 5, exemption_code 'Welfare') and Family House Inc.'s own site", "digitization_method": "ADDED 2026-09-19 as part of the block-by-block plan reconciliation: found via a real-city-block coverage audit (src/block_fit.py load_blocks() matched against the OCII plan's blocks '7E'/'7W' label positions, which both resolve to the same coarse real-street-bounded block since no mapped internal street separates them) as a genuinely untracked real building. Its own Assessor lot (blklot 8711227, a standalone parcel recorded 2012) is distinct from the neighboring already-tracked buildings (Strata, Madrone) -- confirmed via the DataSF Assessor tax roll API rather than assumed from proximity. CORRECTED 2026-09-19: identifying the true '7W' block (Five88, blklot 8711226, added separately) exposed a 117 sq m overlap between this building's real DataSF footprint and Five88's real Assessor parcel boundary at their shared property line -- trimmed via geom.difference() against the Five88 parcel, same pattern as this project's other real-parcel-vs-real-footprint trims (e.g. Chase Center Parking Garage vs Uber Mission Bay 2). CONFIRMED 2026-09-19: found an independent primary-adjacent source explicitly naming this 'Block 7 East' -- Citizen Portal's report on OCII's own March 18 commission meeting, which approved CEQA findings and the combined basic concept/schematic design for 'Family House's institutional building on Block 7 East in Mission Bay South' (80 guest rooms, 42 parking spaces, architect Richard Stacy), closing the citation gap flagged when this record was first added.", "accuracy_caveat": "REAL -- surveyed DataSF building footprint, not a hand trace or plan estimate; trimmed 117 sq m at the shared boundary with the neighboring Five88 parcel (blklot 8711226) -- see digitization_method.", "why_no_real_parcel": null, "regulatory_context": null, "notes": "5-story, 80-room nonprofit 'home away from home' for families of children being treated at UCSF Benioff Children's Hospital -- free lodging, low-income-qualified, run by the 501(c)(3) Family House, Inc. (founded 1981). Opened at this Mission Bay location in 2016 after moving from an earlier Judah St. building; accommodates up to 250 people/night, serves 3,000+ families/year. Assessor's welfare exemption on the parcel matches its nonprofit operation.", "images": null, "source_doc_urls": "['https://familyhouseinc.org/rooms/'\n 'https://www.yelp.com/biz/family-house-san-francisco'\n 'https://data.sf.gov/resource/wv5m-vpq2.json?parcel_number=8711227'\n 'https://citizenportal.ai/articles/7096368/California/San-Francisco-County/San-Francisco-City/Commission-approves-Family-House-schematic-design-for-Mission-Bay-Block-7-East']", "street_clip_exempt": null, "p_number": null }, "geometry": { "type": "Polygon", "coordinates": [ [ [ -122.390085462041725, 37.771308497035008 ], [ -122.390049043, 37.771312092 ], [ -122.390040994, 37.771239143 ], [ -122.389974324, 37.771242685 ], [ -122.389977878, 37.771303474 ], [ -122.389913908, 37.771309162 ], [ -122.389964003, 37.771750428 ], [ -122.39012723617617, 37.771745491654322 ], [ -122.39014003027097, 37.771879112963624 ], [ -122.390183945392508, 37.771876809574771 ], [ -122.390184363, 37.771882026 ], [ -122.389771655, 37.771906884 ], [ -122.389700326751353, 37.77116068459447 ], [ -122.390069207909008, 37.771138464342911 ], [ -122.390085462041725, 37.771308497035008 ] ] ] } },
{ "type": "Feature", "properties": { "project_name": "Mission Bay South Block 15A (UCSF planned)", "site": "Mission Bay South", "status": "planned", "use": "institutional", "geometry_type": "approximate", "digitized_from": "Real block boundary from real street geometry (src/block_fit.py load_blocks(), polygonized from data/raw/official_street_centerlines.geojson); the plan's own A/B internal split has no mapped street, so it's a straight bisection along the block's long axis, not a real line.", "digitization_method": "ADDED 2026-09-19 for the block-by-block plan walk-through (docs/briefs/mission_bay_block_inventory.csv): the owner asked directly why 'confirmed vacant' blocks weren't being traced and registered as planned, per this project's own Mission Rock precedent (docs/briefs/mission-rock-geometry.md) -- an unbuilt block gets the same transform-and-register discipline as a built one, not left as a bare note. an operating surface parking lot, satellite-confirmed, between Mission Bay School and the UCSF Preliminary Utilities Plant, north of Nelson Rising Lane. The plan's own Dec 2019 Land Use Map colors this whole row light blue, the same category used for UCSF's other institutional buildings on this campus, but no specific named development or announced project was found for this parcel -- status left as 'planned' per the plan's own land-use designation, not a guessed project name.", "accuracy_caveat": "PARTIALLY REAL -- the outer boundary is a real polygonized city block from real street geometry, not hand-traced; only the internal A/B split line is approximate (a bisection, since no real street divides this block into A and B).", "why_no_real_parcel": null, "regulatory_context": null, "notes": "No building on this site as of 2026-09-19 (satellite- and building-footprint-confirmed); currently used as surface parking. The OCII plan's own Dec 2019 Land Use Map designates this block for future UCSF institutional use, consistent with the rest of this campus row, but no specific project, developer, or timeline was found in this pass.", "images": null, "source_doc_urls": [ "data/manual/_reference/mission_bay_land_use_map_2019.png" ], "street_clip_exempt": null, "p_number": null }, "geometry": { "type": "Polygon", "coordinates": [ [ [ -122.393668218987145, 37.769596690617171 ], [ -122.393883309031196, 37.7695838912231 ], [ -122.394087678270552, 37.76957175849288 ], [ -122.394158657, 37.77031385 ], [ -122.393642129345068, 37.770344978012133 ], [ -122.393642129345068, 37.769598243670899 ], [ -122.393668218987145, 37.769596690617171 ] ] ] } },
{ "type": "Feature", "properties": { "project_name": "Mission Bay South Block 15B (UCSF planned)", "site": "Mission Bay South", "status": "planned", "use": "institutional", "geometry_type": "approximate", "digitized_from": "Real block boundary from real street geometry (src/block_fit.py load_blocks(), polygonized from data/raw/official_street_centerlines.geojson); the plan's own A/B internal split has no mapped street, so it's a straight bisection along the block's long axis, not a real line.", "digitization_method": "ADDED 2026-09-19 for the block-by-block plan walk-through (docs/briefs/mission_bay_block_inventory.csv): the owner asked directly why 'confirmed vacant' blocks weren't being traced and registered as planned, per this project's own Mission Rock precedent (docs/briefs/mission-rock-geometry.md) -- an unbuilt block gets the same transform-and-register discipline as a built one, not left as a bare note. same parking lot as 15A, east half. The plan's own Dec 2019 Land Use Map colors this whole row light blue, the same category used for UCSF's other institutional buildings on this campus, but no specific named development or announced project was found for this parcel -- status left as 'planned' per the plan's own land-use designation, not a guessed project name.", "accuracy_caveat": "PARTIALLY REAL -- the outer boundary is a real polygonized city block from real street geometry, not hand-traced; only the internal A/B split line is approximate (a bisection, since no real street divides this block into A and B).", "why_no_real_parcel": null, "regulatory_context": null, "notes": "No building on this site as of 2026-09-19 (satellite- and building-footprint-confirmed); currently used as surface parking. The OCII plan's own Dec 2019 Land Use Map designates this block for future UCSF institutional use, consistent with the rest of this campus row, but no specific project, developer, or timeline was found in this pass.", "images": null, "source_doc_urls": [ "data/manual/_reference/mission_bay_land_use_map_2019.png" ], "street_clip_exempt": null, "p_number": null }, "geometry": { "type": "Polygon", "coordinates": [ [ [ -122.392871956284523, 37.769644108691296 ], [ -122.393050026746138, 37.769633490116519 ], [ -122.393642129345068, 37.769598243670899 ], [ -122.393642129345068, 37.770344978012133 ], [ -122.393456594825778, 37.770356159060647 ], [ -122.392944348923848, 37.770387029037295 ], [ -122.392918719485209, 37.770130465754349 ], [ -122.392871956284523, 37.769644108691296 ] ] ] } },
{ "type": "Feature", "properties": { "project_name": "Mission Bay South Block 16A (UCSF planned)", "site": "Mission Bay South", "status": "planned", "use": "institutional", "geometry_type": "approximate", "digitized_from": "Real block boundary from real street geometry (src/block_fit.py load_blocks(), polygonized from data/raw/official_street_centerlines.geojson); the plan's own A/B internal split has no mapped street, so it's a straight bisection along the block's long axis, not a real line.", "digitization_method": "ADDED 2026-09-19 for the block-by-block plan walk-through (docs/briefs/mission_bay_block_inventory.csv): the owner asked directly why 'confirmed vacant' blocks weren't being traced and registered as planned, per this project's own Mission Rock precedent (docs/briefs/mission-rock-geometry.md) -- an unbuilt block gets the same transform-and-register discipline as a built one, not left as a bare note. same parking lot, continuing east toward the Utilities Plant. The plan's own Dec 2019 Land Use Map colors this whole row light blue, the same category used for UCSF's other institutional buildings on this campus, but no specific named development or announced project was found for this parcel -- status left as 'planned' per the plan's own land-use designation, not a guessed project name.", "accuracy_caveat": "PARTIALLY REAL -- the outer boundary is a real polygonized city block from real street geometry, not hand-traced; only the internal A/B split line is approximate (a bisection, since no real street divides this block into A and B).", "why_no_real_parcel": null, "regulatory_context": null, "notes": "No building on this site as of 2026-09-19 (satellite- and building-footprint-confirmed); currently used as surface parking. The OCII plan's own Dec 2019 Land Use Map designates this block for future UCSF institutional use, consistent with the rest of this campus row, but no specific project, developer, or timeline was found in this pass.", "images": null, "source_doc_urls": [ "data/manual/_reference/mission_bay_land_use_map_2019.png" ], "street_clip_exempt": null, "p_number": null }, "geometry": { "type": "Polygon", "coordinates": [ [ [ -122.392675747256575, 37.769664808977957 ], [ -122.392721669497263, 37.77014241965869 ], [ -122.392721691959252, 37.770142648810165 ], [ -122.392747290606806, 37.770398903816023 ], [ -122.391979771452952, 37.770445147598615 ], [ -122.391979771452952, 37.769706252837892 ], [ -122.39265406441379, 37.769667505432658 ], [ -122.392664973122791, 37.769666393407583 ], [ -122.392675747256575, 37.769664808977957 ] ] ] } },
{ "type": "Feature", "properties": { "project_name": "Mission Bay South Block 16B (UCSF planned)", "site": "Mission Bay South", "status": "planned", "use": "institutional", "geometry_type": "approximate", "digitized_from": "Real block boundary from real street geometry (src/block_fit.py load_blocks(), polygonized from data/raw/official_street_centerlines.geojson); the plan's own A/B internal split has no mapped street, so it's a straight bisection along the block's long axis, not a real line.", "digitization_method": "ADDED 2026-09-19 for the block-by-block plan walk-through (docs/briefs/mission_bay_block_inventory.csv): the owner asked directly why 'confirmed vacant' blocks weren't being traced and registered as planned, per this project's own Mission Rock precedent (docs/briefs/mission-rock-geometry.md) -- an unbuilt block gets the same transform-and-register discipline as a built one, not left as a bare note. same parking lot; trimmed 3,953 sq m against the already-tracked Mission Bay Preliminary Utilities Plant, which sits at this block's own east edge. The plan's own Dec 2019 Land Use Map colors this whole row light blue, the same category used for UCSF's other institutional buildings on this campus, but no specific named development or announced project was found for this parcel -- status left as 'planned' per the plan's own land-use designation, not a guessed project name.", "accuracy_caveat": "PARTIALLY REAL -- the outer boundary is a real polygonized city block from real street geometry, not hand-traced; only the internal A/B split line is approximate (a bisection, since no real street divides this block into A and B).", "why_no_real_parcel": null, "regulatory_context": null, "notes": "No building on this site as of 2026-09-19 (satellite- and building-footprint-confirmed); currently used as surface parking. The OCII plan's own Dec 2019 Land Use Map designates this block for future UCSF institutional use, consistent with the rest of this campus row, but no specific project, developer, or timeline was found in this pass.", "images": null, "source_doc_urls": [ "data/manual/_reference/mission_bay_land_use_map_2019.png" ], "street_clip_exempt": null, "p_number": null }, "geometry": { "type": "Polygon", "coordinates": [ [ [ -122.391211220148961, 37.769750429960766 ], [ -122.391236434470585, 37.76975010023537 ], [ -122.391248554346731, 37.769749350529501 ], [ -122.391268671155146, 37.769747115330901 ], [ -122.391979771452952, 37.769706252837892 ], [ -122.391979771452952, 37.770445147598615 ], [ -122.391280981603629, 37.770487250373129 ], [ -122.391213634555115, 37.769775722611193 ], [ -122.391211220148961, 37.769750429960766 ] ], [ [ -122.391663080189986, 37.769732560652997 ], [ -122.391663064519321, 37.769732515008627 ], [ -122.391663044521238, 37.769732471087622 ], [ -122.391663020382026, 37.769732429299147 ], [ -122.391662992326587, 37.769732390032495 ], [ -122.391662960616259, 37.769732353653474 ], [ -122.39166292554647, 37.769732320500985 ], [ -122.391662887443914, 37.76973229088388 ], [ -122.39166284666355, 37.769732265078055 ], [ -122.391662803585291, 37.769732243323929 ], [ -122.391662758610451, 37.769732225824164 ], [ -122.391662712158023, 37.769732212741772 ], [ -122.391662664660728, 37.76973220419864 ], [ -122.391662616561064, 37.769732200274341 ], [ -122.391662568307112, 37.769732201005446 ], [ -122.391366568433511, 37.769751000997417 ], [ -122.391288768571272, 37.769755900988741 ], [ -122.391288767635587, 37.769755901048555 ], [ -122.391270267635591, 37.769757101048555 ], [ -122.391270218519054, 37.769757106683819 ], [ -122.391270170199135, 37.769757117142113 ], [ -122.391270123148246, 37.769757132321203 ], [ -122.391270077826405, 37.769757152072671 ], [ -122.391270034676694, 37.76975717620342 ], [ -122.391269994120989, 37.769757204477528 ], [ -122.391269956555789, 37.76975723661856 ], [ -122.391269922348357, 37.76975727231229 ], [ -122.391269891833133, 37.769757311209744 ], [ -122.391269865308473, 37.769757352930633 ], [ -122.391269843033683, 37.76975739706706 ], [ -122.39126982522653, 37.769757443187508 ], [ -122.39126981206114, 37.76975749084108 ], [ -122.391269803666205, 37.769757539561873 ], [ -122.391269800123808, 37.769757588873553 ], [ -122.391269801468596, 37.769757638294017 ], [ -122.391318401468595, 37.770390338294021 ], [ -122.391318407538321, 37.770390386495663 ], [ -122.39131841825737, 37.770390433880706 ], [ -122.391318433524532, 37.77039048000178 ], [ -122.39131845319568, 37.770390524423469 ], [ -122.391318477085065, 37.770390566726384 ], [ -122.391318504967188, 37.770390606511143 ], [ -122.391318536578808, 37.770390643402145 ], [ -122.391318571621454, 37.770390677051104 ], [ -122.391318609764326, 37.770390707140336 ], [ -122.391318650647293, 37.770390733385774 ], [ -122.391318693884386, 37.77039075553963 ], [ -122.391318739067415, 37.770390773392762 ], [ -122.391318785769798, 37.770390786776602 ], [ -122.391318833550628, 37.770390795564815 ], [ -122.391318881958796, 37.770390799674409 ], [ -122.391318930537295, 37.770390799066604 ], [ -122.391719330537299, 37.770366299066602 ], [ -122.391719380177562, 37.770366293529698 ], [ -122.391719429017712, 37.77036628306773 ], [ -122.391719476570373, 37.770366267785107 ], [ -122.391719522360987, 37.770366247834339 ], [ -122.39171956593259, 37.77036622341452 ], [ -122.391719606850401, 37.770366194769345 ], [ -122.391719644706072, 37.770366162184658 ], [ -122.391719679121834, 37.770366125985646 ], [ -122.391719709754241, 37.770366086533535 ], [ -122.391719736297603, 37.770366044222037 ], [ -122.391719758487042, 37.770365999473384 ], [ -122.391719776101127, 37.770365952734139 ], [ -122.391719788964082, 37.770365904470715 ], [ -122.391719796947541, 37.770365855164755 ], [ -122.391719799971824, 37.770365805308295 ], [ -122.391719798006775, 37.770365755398856 ], [ -122.391663098006774, 37.769732655398855 ], [ -122.39166309138723, 37.769732607595508 ], [ -122.391663080189986, 37.769732560652997 ] ] ] } },
{ "type": "Feature", "properties": { "project_name": "Mission Bay South Block 18A (UCSF planned)", "site": "Mission Bay South", "status": "planned", "use": "institutional", "geometry_type": "approximate", "digitized_from": "Real block boundary from real street geometry (src/block_fit.py load_blocks(), trimmed against src/street_geometry.py's fuller street buffer); the plan's own A/B internal split has no mapped street, so it's a straight bisection along the block's long axis, not a real line.", "digitization_method": "ADDED 2026-09-19 for the block-by-block plan walk-through (docs/briefs/mission_bay_block_inventory.csv), per the Mission Rock transform-and-register precedent for unbuilt blocks. West half of the parking lot west of the Owens St curve, north of Nelson Rising Lane. CORRECTED 2026-09-20: the owner reviewed a numbered real-gap-fragment map of this area and determined the parking lot previously split between this record and 18B (divided by an arbitrary bisection line, per the original 2026-09-19 note) is actually all one real block -- 18A. Merged in the former 18B polygon; the real 18B is a separate building complex further east (fragments 7+11+12 from the numbered map, morphologically closed to bridge two internal walkway strips -- see that record). The merged shape already stops ~14m short of the new 18B building on its own (a real access lane/driveway gap), so no additional east truncation was needed beyond that natural boundary.", "accuracy_caveat": "PARTIALLY REAL -- the outer boundary is a real polygonized city block from real street geometry, not hand-traced; only the internal A/B split line is approximate (a bisection, since no real street divides this block into A and B).", "why_no_real_parcel": null, "regulatory_context": null, "notes": "No building on this site as of 2026-09-19 (satellite- and building-footprint-confirmed); currently an operating surface parking lot west of the Owens St curve. The OCII plan's own Dec 2019 Land Use Map designates this block for future UCSF institutional use, consistent with the rest of this campus row, but no specific project, developer, or timeline was found in this pass.", "images": null, "source_doc_urls": [ "data/manual/_reference/mission_bay_land_use_map_2019.png" ], "street_clip_exempt": null, "p_number": null }, "geometry": { "type": "Polygon", "coordinates": [ [ [ -122.39520882654891, 37.768888121554014 ], [ -122.395364294619313, 37.769047490853801 ], [ -122.395516358407846, 37.769228775019734 ], [ -122.395542458696767, 37.769264196821744 ], [ -122.395549035356368, 37.769274880743886 ], [ -122.39553544918688, 37.769279872635586 ], [ -122.395429379428478, 37.769317039972577 ], [ -122.395341512623787, 37.769340010035165 ], [ -122.395251210562492, 37.769347010889256 ], [ -122.39519245983692, 37.769350941296402 ], [ -122.395192459836764, 37.769350941296409 ], [ -122.395052635732341, 37.769359369480576 ], [ -122.394914208115054, 37.76936771348862 ], [ -122.39483283767818, 37.769372072026954 ], [ -122.394567766554601, 37.769386270336547 ], [ -122.394525166554601, 37.769388570338961 ], [ -122.394523931486802, 37.76938864317065 ], [ -122.394420995143136, 37.769395226315837 ], [ -122.394340835563412, 37.769400011488095 ], [ -122.394181858994159, 37.769273282517155 ], [ -122.39411664, 37.768591396 ], [ -122.394746838, 37.768553412 ], [ -122.394752013, 37.768552878 ], [ -122.394757124, 37.768551905 ], [ -122.394811074262364, 37.768539238936739 ], [ -122.39483283767818, 37.768557561266093 ], [ -122.394875601388577, 37.768593563463206 ], [ -122.394998378519887, 37.768699169586498 ], [ -122.395120978070707, 37.768808268219416 ], [ -122.39520882654891, 37.768888121554014 ] ] ] } },
{ "type": "Feature", "properties": { "project_name": "Mission Bay South Block 18B (UCSF planned)", "site": "Mission Bay South", "status": "planned", "use": "institutional", "geometry_type": "approximate", "digitized_from": "Real block boundary from real street geometry (src/block_fit.py load_blocks(), trimmed against src/street_geometry.py's fuller street buffer); the plan's own A/B internal split has no mapped street, so it's a straight bisection along the block's long axis, not a real line.", "digitization_method": "ADDED 2026-09-19 for the block-by-block plan walk-through (docs/briefs/mission_bay_block_inventory.csv), per the Mission Rock transform-and-register precedent for unbuilt blocks. East half of the same parking lot, west of the Owens St curve. REPLACED 2026-09-20: the owner determined via a numbered real-gap-fragment map that the parking-lot polygon previously registered here was actually part of 18A (see that record -- merged there). The real 18B is the UCSF building complex east of that parking lot: union of fragments 7, 11 and 12 from the numbered map (a real, already-built campus building, ~10,023 sqm raw), closed with a small (~4.4m round-trip) morphological buffer to bridge two thin internal walkway strips that split it into 3 pieces in the raw fragment computation -- not a hand-traced or independently sourced boundary.", "accuracy_caveat": "APPROXIMATE -- derived from the numbered real-gap-fragment technique (bbox minus real streets minus already-tracked polygons) rather than a specific real parcel or building-footprint source; the owner picked this union directly off a rendered numbered map. The small morphological closing used to bridge two internal walkway gaps may slightly overstate area at those two seams.", "why_no_real_parcel": null, "regulatory_context": null, "notes": "No building on this site as of 2026-09-19 (satellite- and building-footprint-confirmed); currently an operating surface parking lot west of the Owens St curve. The OCII plan's own Dec 2019 Land Use Map designates this block for future UCSF institutional use, consistent with the rest of this campus row, but no specific project, developer, or timeline was found in this pass.", "images": null, "source_doc_urls": [ "data/manual/_reference/mission_bay_land_use_map_2019.png" ], "street_clip_exempt": null, "p_number": null }, "geometry": { "type": "MultiPolygon", "coordinates": [ [ [ [ -122.394072009882137, 37.769418476391536 ], [ -122.39368941187378, 37.769441533241618 ], [ -122.392786765227399, 37.769495930253477 ], [ -122.392785846810909, 37.769495941460576 ], [ -122.392785715618572, 37.7694950323936 ], [ -122.392707520565992, 37.768677320365803 ], [ -122.392707477439686, 37.768676365858184 ], [ -122.392708427107024, 37.768676260609972 ], [ -122.392781735008498, 37.768671842851973 ], [ -122.393115862316932, 37.768651707320068 ], [ -122.393116902741539, 37.768651699184488 ], [ -122.393117002518935, 37.768651719583325 ], [ -122.394072459636902, 37.769413365592314 ], [ -122.394072485644728, 37.769413437709169 ], [ -122.394072630194884, 37.769414424108895 ], [ -122.394072799975291, 37.769416199215705 ], [ -122.394072916414601, 37.769417416624925 ], [ -122.394072959558343, 37.769418371141001 ], [ -122.394072009882137, 37.769418476391536 ] ] ], [ [ [ -122.393144665925391, 37.768649971526663 ], [ -122.393323059234504, 37.768639221001109 ], [ -122.393354155369337, 37.768637347053073 ], [ -122.39335519579528, 37.768637338917543 ], [ -122.393355295572675, 37.768637359316408 ], [ -122.394051304932901, 37.769192186586039 ], [ -122.394051330940698, 37.76919225870288 ], [ -122.394051475490684, 37.769193245101704 ], [ -122.394067218426301, 37.769357842386405 ], [ -122.394070063003298, 37.769387583322917 ], [ -122.394070106442967, 37.769388514375201 ], [ -122.393143755637524, 37.768650070551736 ], [ -122.393144665925391, 37.768649971526663 ] ] ], [ [ [ -122.393382959642494, 37.768635611219615 ], [ -122.39350525121165, 37.768628241556222 ], [ -122.393993656784531, 37.76859880874499 ], [ -122.393994575190789, 37.768598797538246 ], [ -122.393994706397848, 37.76859970659298 ], [ -122.394020991738742, 37.768874528001177 ], [ -122.394048908243434, 37.769166403733927 ], [ -122.394048951683104, 37.769167334786374 ], [ -122.393382049354855, 37.768635710244645 ], [ -122.393382959642494, 37.768635611219615 ] ] ] ] } },
{ "type": "Feature", "properties": { "project_name": "Mission Bay South Block 22 (park)", "site": "Mission Bay South", "status": "complete", "use": "park", "geometry_type": "approximate", "digitized_from": "Real block boundary from real street geometry (src/block_fit.py load_blocks(), trimmed against src/street_geometry.py's fuller street buffer).", "digitization_method": "ADDED 2026-09-19 for the block-by-block plan walk-through (docs/briefs/mission_bay_block_inventory.csv), per the Mission Rock transform-and-register precedent for unbuilt blocks. Drawn in the plan's own park-green color, distinct from the surrounding blue UCSF blocks -- registered as a future open space, not a building site. Currently a landscaped lawn with trees, satellite-confirmed, not a formally named park in any source found. CORRECTED 2026-09-19 (same day): owner has been on site and confirms this is a completed park, not still-planned open space -- status changed from 'planned' to 'complete'. In hindsight this should have been flagged as a question rather than guessed: the satellite/building-footprint evidence gathered (landscaped lawn with trees, no dirt, no structure) was consistent with either a finished small park or an interim-landscaped future site, and that ambiguity should have gone to the owner instead of being resolved by assumption. A follow-up address/parcel lookup (DataSF Assessor Parcels + Building Footprints) found no building footprint on the site and traced the dominant underlying parcel to a retired 1998 'COMMON_AREAS' placeholder (blklot 8799TBA3, dropped 2005) plus edge fragments of the same scattered UCSF campus parcel already flagged for block 17AB -- consistent with open, non-built land, but that check does not by itself establish 'complete' vs 'planned'; it was the owner's own on-site visit that settled it.", "accuracy_caveat": "PARTIALLY REAL -- the outer boundary is a real polygonized city block from real street geometry, not hand-traced. No internal A/B split needed (this label is a single block).", "why_no_real_parcel": null, "regulatory_context": null, "notes": "Owner confirmed on site (2026-09-19) that this park is complete. No building footprint here (satellite- and building-footprint-confirmed); the OCII plan's own Dec 2019 Land Use Map designates this block's future land use as park (shown in park-green). No specific project name, developer, or completion date was found in this pass -- if the owner has one, it would be a useful addition.", "images": null, "source_doc_urls": [ "data/manual/_reference/mission_bay_land_use_map_2019.png" ], "street_clip_exempt": null, "p_number": null }, "geometry": { "type": "Polygon", "coordinates": [ [ [ -122.391146934162848, 37.768580711191987 ], [ -122.391108563383156, 37.768583009444228 ], [ -122.391099296775408, 37.768583560106762 ], [ -122.391098030650539, 37.768570481604208 ], [ -122.391084631503261, 37.768430090620207 ], [ -122.391033332013834, 37.767895595896981 ], [ -122.391028680313568, 37.767847041394454 ], [ -122.391049223542382, 37.767845780120965 ], [ -122.391751495457981, 37.767802981877573 ], [ -122.391751688366099, 37.767802969971051 ], [ -122.391758007490594, 37.767802575026188 ], [ -122.391958915084317, 37.767790280693852 ], [ -122.392030853256472, 37.767785891870751 ], [ -122.392538226047151, 37.76819034587902 ], [ -122.392567412836058, 37.768495573653027 ], [ -122.391831425533894, 37.768539711665944 ], [ -122.391599631897876, 37.768553611298962 ], [ -122.391146934162848, 37.768580711191987 ] ] ] } },
{ "type": "Feature", "properties": { "project_name": "Mission Creek Park South Extension -- P8 segment", "site": "Mission Bay South", "status": "planned", "use": "park", "geometry_type": "approximate", "digitized_from": "Hand-traced from satellite imagery (contextily/Esri World Imagery) against the currently-visible graded/disturbed extent, cross-checked against SF Recreation & Parks' own Mission Creek Park South Extension Project page and its Schematic Design document (P2 and P8, Feb 2022 CAC materials). UPDATED 2026-09-20: extended via a numbered real-gap-fragment technique -- bbox.difference(street buffer, src/street_geometry.py).difference(all already-tracked parcels/approx polygons) over the Mission Bay Circle roundabout area yielded ~68 disconnected candidate scraps of unclaimed real land; the owner picked a specific union by index while viewing a numbered map of all of them (fragments 4, 17, 34, 41, 18), a technique the owner asked to reuse for future ambiguous boundaries.", "digitization_method": "ADDED 2026-09-19 as 'P2 (meadow/community garden segment)' -- owner named this as a real, funded project while reviewing a zoomed map+drawing pair, researched and confirmed via SF Recreation & Parks' own project page (sfrecpark.org/1833) and schematic-design PDF (sfrecpark.org/DocumentCenter/View/25950). RELABELED 2026-09-20: this specific traced polygon is actually the P8 parcel, not P2 -- the owner clarified the overall scheme once P1 (data/manual/mission_bay_creek_park_p1_p3.geojson), P9 and P7 were resolved: P2 is the prolongation of P1 southwest along the creek, down to about where this polygon starts, and P8 takes over from there down toward the Mission Bay Circle roundabout (P9/P7 continue further south again). This polygon sits in that P8 stretch, immediately south of the already-tracked real 'Mission Creek Park' record's own south tip and north of P9/P7 -- not in the P2 stretch, which for now has no separate traced geometry of its own (see docs/briefs/mission_bay_block_inventory.csv's P2 row). The underlying trace, sourcing and street-buffer trim are otherwise unchanged from the original 2026-09-19 pass: traced against the visible graded/disturbed extent east of the I-280 viaduct, trimmed against src/street_geometry.py's real street buffer (22% of the raw hand-trace fell inside it), kept the largest resulting piece and simplified it (shapely simplify, tolerance 0.00001 deg). EXTENDED 2026-09-20: the owner, reviewing a wide real-street reference map with the already-traced P1 and the prior small P8 polygon shown for context, drew where P2 and P8 should actually run (P2 as the P1-to-roundabout prolongation along the creek/Channel St corridor, P8 taking over from the roundabout south/east under the freeway toward Berry St). For P8's freeway-interchange stretch, rather than trace the owner's freehand line directly, generated a numbered map of every disconnected real (street-buffer- and already-tracked-polygon-excluded) scrap of land in the area (68 candidates) and had the owner pick the exact union by index: the existing polygon above plus fragments 4, 17, 34, 41 and 18. Two follow-up trims per the owner: (1) fragment 18 is a ribbon-and-blob shape running along the west side of the interchange next to the Channel Pump Station (X1) -- found the natural waist of the ribbon by scanning cross-sectional width along its length (narrows to ~1.6m at lat 37.77020 before widening into the ~660 sqm south blob and separately into the north ribbon toward the creek) and cut there, keeping only the south blob per the owner's 'remove the thin ribbon going towards the creek'. (2) fragment 4 is a large, irregularly-shaped scrap whose own boundary already contains a straight diagonal edge (~52m + ~37m segments) exactly where it borders the interchange landscaping; fit a line through the north corners of fragments 34, 41 and 17 (all landscaped medians between freeway ramps that already terminate on that same real edge) -- the three points were colinear to within ~5e-8 deg, confirming it's one real physical edge, not three coincidences -- and confirmed fragment 4's own existing diagonal edge sits exactly on that same line. Cut fragment 4 along the extended line and kept the piece(s) on the fragments' own (south/east) side, which drops a ~2380 sqm lobe on the far side of that edge (matching the owner's 'so P8 north side aligns across all polygons: 34, 41, 17, truncated 4'). Verified against Esri World Imagery: the kept shape lands on real turf (the roundabout-side park lawn, and three landscaped median strips between the I-280 ramps on the west side of Owens St/the interchange), and the internal notches the fragment computation already carved out track real paved walkways crossing the lawn. Result is a MultiPolygon: the roundabout-side lawn (includes the original small polygon, now absorbed), three separate freeway-median strips (fragments 34/41/17, not touching each other -- real gaps between them), and the trimmed piece-18 blob next to the pump station.", "accuracy_caveat": "APPROXIMATE -- real turf/median extent per Esri satellite imagery and the owner's own hand-drawn scheme (street/creek-bounded gap-fragment technique, not surveyed). The three freeway-median strips and the pump-station-side blob are deliberately kept as separate polygons in a MultiPolygon (they are physically separated by pavement/ramp lanes, not one contiguous parcel). Overlaps the already-tracked real 'Mission Creek Park' polygon for part of its northeast extent -- not reconciled with it yet, per the owner's own framing that Mission Creek Park will eventually evolve to encompass P1+P2+P8.", "why_no_real_parcel": null, "regulatory_context": null, "notes": "Mission Creek Park South Extension Project, P8 segment (see P2's row in the block inventory for the project's other parcel). Design principles per the schematic: respect the Mission Creek Harbor Association community, relocate/expand the existing community garden, add teaching and perennial gardens, meadow planting and native shrub berms partially under the freeway. Project manager: Monica Scott (SF Rec & Park), monica.scott@sfgov.org. Extended 2026-09-20 to the owner's fuller P8 scheme: the roundabout-side lawn plus the freeway-median strips and pump-station-side turf between the I-280 ramps, west of the roundabout.", "images": null, "source_doc_urls": "['https://sfrecpark.org/1833/Mission-Creek-Park-South-Extension-Proje'\n 'https://sfrecpark.org/DocumentCenter/View/25950/Mission-Creek-Park-South-Extension-Project---Schematic-P2-P8'\n 'https://sfrecpark.org/DocumentCenter/View/25951/Mission-Creek-Park-South-Extension-Project---Overview-of-Mission-Creek-Park-P2-P8---CAC'\n 'https://www.missioncreekharbor.org/community-garden']", "street_clip_exempt": null, "p_number": null }, "geometry": { "type": "MultiPolygon", "coordinates": [ [ [ [ -122.397264386, 37.770844002 ], [ -122.397264633802678, 37.770888366948292 ], [ -122.397208178975816, 37.770883466400925 ], [ -122.396695841830009, 37.771286960922012 ], [ -122.39669601, 37.771286671 ], [ -122.396696376, 37.771285868 ], [ -122.396696661, 37.771285034 ], [ -122.396696863, 37.771284176 ], [ -122.39669698, 37.771283302 ], [ -122.396697011, 37.771282421 ], [ -122.396696955, 37.771281542 ], [ -122.396696813, 37.771280671 ], [ -122.396696587, 37.771279819 ], [ -122.396696278, 37.771278994 ], [ -122.39669589, 37.771278202 ], [ -122.396695426, 37.771277453 ], [ -122.39669489, 37.771276752 ], [ -122.396694289, 37.771276107 ], [ -122.396693628, 37.771275525 ], [ -122.396458379, 37.771088012 ], [ -122.396486273, 37.771065961 ], [ -122.396486937, 37.771065381 ], [ -122.396487541, 37.771064739 ], [ -122.396488079, 37.771064041 ], [ -122.396488546, 37.771063293 ], [ -122.396488937, 37.771062503 ], [ -122.39648925, 37.771061678 ], [ -122.396489479, 37.771060827 ], [ -122.396489625, 37.771059958 ], [ -122.396489684, 37.771059078 ], [ -122.396489657, 37.771058197 ], [ -122.396489543, 37.771057323 ], [ -122.396489345, 37.771056464 ], [ -122.396489063, 37.771055629 ], [ -122.396488701, 37.771054825 ], [ -122.396488262, 37.771054061 ], [ -122.39648775, 37.771053343 ], [ -122.39648717, 37.771052679 ], [ -122.396486527, 37.771052075 ], [ -122.396485829, 37.771051537 ], [ -122.396485081, 37.77105107 ], [ -122.396484291, 37.771050679 ], [ -122.396483467, 37.771050367 ], [ -122.396482616, 37.771050137 ], [ -122.396481746, 37.771049992 ], [ -122.396480867, 37.771049932 ], [ -122.396479986, 37.77104996 ], [ -122.396479111, 37.771050073 ], [ -122.396478252, 37.771050271 ], [ -122.396477417, 37.771050553 ], [ -122.396476613, 37.771050916 ], [ -122.396475849, 37.771051355 ], [ -122.396475132, 37.771051867 ], [ -122.396438359, 37.771080936 ], [ -122.396437684, 37.771081527 ], [ -122.39643707, 37.771082183 ], [ -122.396436526, 37.771082897 ], [ -122.396436055, 37.771083661 ], [ -122.396435663, 37.771084469 ], [ -122.396435353, 37.771085312 ], [ -122.39643513, 37.771086181 ], [ -122.396434994, 37.771087068 ], [ -122.396434947, 37.771087965 ], [ -122.39643499, 37.771088862 ], [ -122.396435122, 37.77108975 ], [ -122.396435343, 37.77109062 ], [ -122.396435649, 37.771091464 ], [ -122.396436038, 37.771092273 ], [ -122.396436505, 37.77109304 ], [ -122.396437047, 37.771093756 ], [ -122.396437658, 37.771094414 ], [ -122.396438331, 37.771095008 ], [ -122.396682429, 37.771289574 ], [ -122.396683145, 37.771290089 ], [ -122.396683907, 37.771290531 ], [ -122.396684709, 37.771290897 ], [ -122.396685544, 37.771291182 ], [ -122.396686402, 37.771291384 ], [ -122.396687275, 37.771291501 ], [ -122.396688156, 37.771291532 ], [ -122.396689036, 37.771291476 ], [ -122.396689906, 37.771291334 ], [ -122.396690483685745, 37.771291180764109 ], [ -122.396567182423126, 37.771388287492208 ], [ -122.396567539, 37.771387504 ], [ -122.396567824, 37.77138667 ], [ -122.396568026, 37.771385812 ], [ -122.396568143, 37.771384938 ], [ -122.396568174, 37.771384057 ], [ -122.396568118, 37.771383177 ], [ -122.396567976, 37.771382307 ], [ -122.39656775, 37.771381455 ], [ -122.396567441, 37.77138063 ], [ -122.396567053, 37.771379838 ], [ -122.396566589, 37.771379088 ], [ -122.396566054, 37.771378388 ], [ -122.396565453, 37.771377743 ], [ -122.396564791, 37.771377161 ], [ -122.396362353083973, 37.771215786898694 ], [ -122.396378923, 37.771098679 ], [ -122.39637947, 37.771092709 ], [ -122.39637943, 37.771086715 ], [ -122.396378803, 37.771080753 ], [ -122.396377594, 37.771074882 ], [ -122.396375815, 37.771069157 ], [ -122.396373484, 37.771063634 ], [ -122.396370623, 37.771058366 ], [ -122.396367259, 37.771053405 ], [ -122.396363425, 37.771048796 ], [ -122.396359158, 37.771044586 ], [ -122.396354499, 37.771040814 ], [ -122.396349492, 37.771037517 ], [ -122.396344187, 37.771034727 ], [ -122.396338633, 37.77103247 ], [ -122.396332885, 37.771030768 ], [ -122.396326998, 37.771029638 ], [ -122.396321028, 37.771029091 ], [ -122.396315034, 37.771029131 ], [ -122.396309072, 37.771029758 ], [ -122.396303201, 37.771030967 ], [ -122.396297476, 37.771032746 ], [ -122.396291953, 37.771035077 ], [ -122.396286685, 37.771037938 ], [ -122.396281724, 37.771041302 ], [ -122.396277115, 37.771045136 ], [ -122.396272905, 37.771049403 ], [ -122.396269133, 37.771054062 ], [ -122.396265836, 37.771059069 ], [ -122.396263046, 37.771064374 ], [ -122.396260789, 37.771069928 ], [ -122.396259087, 37.771075676 ], [ -122.396257957, 37.771081563 ], [ -122.396251471765254, 37.77112739746299 ], [ -122.395989900556799, 37.770918885048324 ], [ -122.395990904, 37.770916642 ], [ -122.39599117, 37.770916039 ], [ -122.395992168, 37.770913742 ], [ -122.395992411, 37.770913173 ], [ -122.395993384, 37.77091087 ], [ -122.395993639, 37.770910259 ], [ -122.395994586, 37.770907948 ], [ -122.395994824, 37.770907358 ], [ -122.395995745, 37.770905042 ], [ -122.395995984, 37.770904431 ], [ -122.395996879, 37.770902108 ], [ -122.395997101, 37.770901523 ], [ -122.395997971, 37.770899194 ], [ -122.395998196, 37.770898583 ], [ -122.39599904, 37.770896248 ], [ -122.395999258, 37.770895633 ], [ -122.396000076, 37.770893292 ], [ -122.396000303, 37.770892629 ], [ -122.396001093, 37.770890282 ], [ -122.39600129, 37.770889689 ], [ -122.396002055, 37.770887337 ], [ -122.396002248, 37.770886734 ], [ -122.396002988, 37.770884376 ], [ -122.396003189, 37.770883722 ], [ -122.396003901, 37.770881361 ], [ -122.396004083, 37.770880744 ], [ -122.39600477, 37.770878376 ], [ -122.39600496, 37.770877708 ], [ -122.396005619, 37.770875336 ], [ -122.396005739, 37.770874898 ], [ -122.396007303, 37.770869102 ], [ -122.396007372, 37.770868845 ], [ -122.39600891, 37.770863045 ], [ -122.396008979, 37.770862782 ], [ -122.396010491, 37.770856976 ], [ -122.396010561, 37.770856702 ], [ -122.396012045, 37.770850893 ], [ -122.396012111, 37.770850634 ], [ -122.396013569, 37.770844821 ], [ -122.396013636, 37.77084455 ], [ -122.396015067, 37.770838732 ], [ -122.39601513, 37.770838474 ], [ -122.396016535, 37.770832653 ], [ -122.396016602, 37.770832372 ], [ -122.396017979, 37.770826546 ], [ -122.396018042, 37.770826278 ], [ -122.396019392, 37.770820449 ], [ -122.396019452, 37.770820185 ], [ -122.396020776, 37.770814351 ], [ -122.396020837, 37.77081408 ], [ -122.396022134, 37.770808242 ], [ -122.396022194, 37.770807972 ], [ -122.396023464, 37.770802131 ], [ -122.396023522, 37.770801861 ], [ -122.396024765, 37.770796017 ], [ -122.396024822, 37.770795743 ], [ -122.396026038, 37.770789894 ], [ -122.396026094, 37.770789623 ], [ -122.396027283, 37.770783771 ], [ -122.396027336, 37.770783509 ], [ -122.396028499, 37.770777654 ], [ -122.396028552, 37.770777382 ], [ -122.396029688, 37.770771524 ], [ -122.396029742, 37.77077124 ], [ -122.396030059459193, 37.770769560445999 ], [ -122.396316263, 37.770997709 ], [ -122.396316961, 37.770998212 ], [ -122.396317704, 37.770998647 ], [ -122.396318485, 37.770999008 ], [ -122.396319297, 37.770999293 ], [ -122.396320133, 37.770999499 ], [ -122.396320984, 37.770999624 ], [ -122.396321844, 37.770999667 ], [ -122.396322704, 37.770999628 ], [ -122.396323556, 37.770999506 ], [ -122.396324392, 37.770999304 ], [ -122.396325206, 37.770999022 ], [ -122.396325988, 37.770998664 ], [ -122.396326733, 37.770998232 ], [ -122.396327433, 37.770997731 ], [ -122.396364205, 37.770968662 ], [ -122.396364869, 37.770968082 ], [ -122.396365473, 37.77096744 ], [ -122.396366011, 37.770966742 ], [ -122.396366478, 37.770965994 ], [ -122.396366869, 37.770965204 ], [ -122.396367182, 37.77096438 ], [ -122.396367411, 37.770963529 ], [ -122.396367557, 37.770962659 ], [ -122.396367616, 37.77096178 ], [ -122.396367589, 37.770960898 ], [ -122.396367475, 37.770960024 ], [ -122.396367277, 37.770959165 ], [ -122.396366995, 37.77095833 ], [ -122.396366633, 37.770957526 ], [ -122.396366194, 37.770956762 ], [ -122.396365681, 37.770956044 ], [ -122.396365102, 37.77095538 ], [ -122.396364459, 37.770954777 ], [ -122.396363761, 37.770954239 ], [ -122.396363013, 37.770953772 ], [ -122.396362223, 37.77095338 ], [ -122.396361399, 37.770953068 ], [ -122.396360548, 37.770952838 ], [ -122.396359678, 37.770952693 ], [ -122.396358799, 37.770952634 ], [ -122.396357918, 37.770952661 ], [ -122.396357043, 37.770952774 ], [ -122.396356184, 37.770952973 ], [ -122.396355349, 37.770953254 ], [ -122.396354545, 37.770953617 ], [ -122.396353781, 37.770954056 ], [ -122.396353064, 37.770954568 ], [ -122.396321885, 37.770979215 ], [ -122.396049216962325, 37.770761856303771 ], [ -122.39604951, 37.770761827 ], [ -122.396052141, 37.770761551 ], [ -122.396052648, 37.770761495 ], [ -122.396055277, 37.770761197 ], [ -122.396055772, 37.770761139 ], [ -122.396058395, 37.77076082 ], [ -122.396058901, 37.770760757 ], [ -122.396061522, 37.770760416 ], [ -122.396062017, 37.770760349 ], [ -122.396064632, 37.770759987 ], [ -122.396065148, 37.770759914 ], [ -122.396067758, 37.77075953 ], [ -122.396068269, 37.770759452 ], [ -122.396070875, 37.770759046 ], [ -122.396071375, 37.770758966 ], [ -122.396073974, 37.770758539 ], [ -122.396074489, 37.770758452 ], [ -122.396077083, 37.770758003 ], [ -122.396077584, 37.770757914 ], [ -122.396080171, 37.770757444 ], [ -122.396080668, 37.770757352 ], [ -122.396083249, 37.770756861 ], [ -122.396083764, 37.770756761 ], [ -122.39608634, 37.770756248 ], [ -122.396086823, 37.770756149 ], [ -122.396089391, 37.770755616 ], [ -122.396089915, 37.770755505 ], [ -122.396092476, 37.77075495 ], [ -122.39609296, 37.770754843 ], [ -122.396095513, 37.770754268 ], [ -122.396096058, 37.770754143 ], [ -122.396098604, 37.770753545 ], [ -122.396099084, 37.77075343 ], [ -122.396101623, 37.770752812 ], [ -122.39610214, 37.770752684 ], [ -122.396104669, 37.770752045 ], [ -122.396105176, 37.770751915 ], [ -122.396107697, 37.770751255 ], [ -122.396108181, 37.770751126 ], [ -122.396110694, 37.770750446 ], [ -122.396111235, 37.770750297 ], [ -122.396113738, 37.770749595 ], [ -122.396114213, 37.770749459 ], [ -122.396116706, 37.770748738 ], [ -122.396117227, 37.770748585 ], [ -122.396119713, 37.770747842 ], [ -122.39612023, 37.770747685 ], [ -122.396122703, 37.770746922 ], [ -122.39612318, 37.770746773 ], [ -122.396125646, 37.77074599 ], [ -122.396126186, 37.770745816 ], [ -122.396128639, 37.770745012 ], [ -122.396129107, 37.770744856 ], [ -122.396131551, 37.770744033 ], [ -122.396132077, 37.770743853 ], [ -122.39613451, 37.770743009 ], [ -122.396135022, 37.770742829 ], [ -122.396137443, 37.770741965 ], [ -122.396137934, 37.770741788 ], [ -122.396140343, 37.770740905 ], [ -122.39614086, 37.770740712 ], [ -122.396143259, 37.770739808 ], [ -122.396143786, 37.770739607 ], [ -122.396146171, 37.770738683 ], [ -122.396146646, 37.770738497 ], [ -122.396149021, 37.770737554 ], [ -122.396149549, 37.770737341 ], [ -122.39615191, 37.770736378 ], [ -122.39615238, 37.770736184 ], [ -122.396154729, 37.770735203 ], [ -122.396155269, 37.770734975 ], [ -122.396157605, 37.770733973 ], [ -122.396158104, 37.770733756 ], [ -122.396160427, 37.770732735 ], [ -122.396160923, 37.770732514 ], [ -122.396163231, 37.770731475 ], [ -122.39616374, 37.770731243 ], [ -122.396166036, 37.770730184 ], [ -122.396166553, 37.770729943 ], [ -122.396168834, 37.770728865 ], [ -122.396169321, 37.770728632 ], [ -122.396171588, 37.770727536 ], [ -122.396172094, 37.770727289 ], [ -122.396174347, 37.770726174 ], [ -122.396174873, 37.77072591 ], [ -122.39617711, 37.770724776 ], [ -122.396177596, 37.770724527 ], [ -122.396179819, 37.770723375 ], [ -122.396180314, 37.770723116 ], [ -122.396182522, 37.770721946 ], [ -122.396183017, 37.77072168 ], [ -122.39618521, 37.770720492 ], [ -122.396185744, 37.7707202 ], [ -122.39618792, 37.770718993 ], [ -122.396188395, 37.770718726 ], [ -122.396190556, 37.770717502 ], [ -122.396191081, 37.770717202 ], [ -122.396193224, 37.77071596 ], [ -122.396193706, 37.770715678 ], [ -122.396195835, 37.770714418 ], [ -122.396196329, 37.770714122 ], [ -122.396198441, 37.770712845 ], [ -122.396198946, 37.770712536 ], [ -122.39620104, 37.770711242 ], [ -122.39620157, 37.770710911 ], [ -122.396203647, 37.770709598 ], [ -122.396204092, 37.770709314 ], [ -122.396206153, 37.770707986 ], [ -122.396206685, 37.770707639 ], [ -122.396208727, 37.770706293 ], [ -122.396209189, 37.770705986 ], [ -122.396211215, 37.770704624 ], [ -122.396211745, 37.770704264 ], [ -122.396213752, 37.770702884 ], [ -122.396214234, 37.770702548 ], [ -122.396216223, 37.770701152 ], [ -122.3962167, 37.770700814 ], [ -122.39621867, 37.770699403 ], [ -122.396219156, 37.770699052 ], [ -122.396221109, 37.770697624 ], [ -122.396221612, 37.770697252 ], [ -122.396223545, 37.770695808 ], [ -122.396224051, 37.770695426 ], [ -122.396225965, 37.770693965 ], [ -122.396226437, 37.770693601 ], [ -122.396228332, 37.770692125 ], [ -122.396228844, 37.770691722 ], [ -122.396230718, 37.77069023 ], [ -122.396231147, 37.770689885 ], [ -122.396233004, 37.770688379 ], [ -122.396233524, 37.770687952 ], [ -122.396235359, 37.77068643 ], [ -122.396235825, 37.77068604 ], [ -122.396237641, 37.770684503 ], [ -122.396238118, 37.770684095 ], [ -122.396239914, 37.770682543 ], [ -122.396240374, 37.770682142 ], [ -122.39624215, 37.770680576 ], [ -122.396242662, 37.770680118 ], [ -122.396244416, 37.770678536 ], [ -122.396244872, 37.770678121 ], [ -122.396246606, 37.770676525 ], [ -122.396247059, 37.770676104 ], [ -122.396248772, 37.770674495 ], [ -122.396249277, 37.770674016 ], [ -122.396250968, 37.770672391 ], [ -122.39625139, 37.770671981 ], [ -122.396253062, 37.770670343 ], [ -122.396253547, 37.770669862 ], [ -122.396255195, 37.770668211 ], [ -122.396255651, 37.770667749 ], [ -122.396257278, 37.770666084 ], [ -122.396257732, 37.770665615 ], [ -122.396259337, 37.770663937 ], [ -122.396259801, 37.770663447 ], [ -122.396261384, 37.770661755 ], [ -122.396261819, 37.770661284 ], [ -122.39626338, 37.77065958 ], [ -122.39626385, 37.770659062 ], [ -122.396265388, 37.770657344 ], [ -122.396265818, 37.770656859 ], [ -122.396267334, 37.770655129 ], [ -122.396267771, 37.770654624 ], [ -122.396269265, 37.770652881 ], [ -122.396269716, 37.770652348 ], [ -122.396271185, 37.770650594 ], [ -122.396271603, 37.770650091 ], [ -122.396273051, 37.770648324 ], [ -122.396273482, 37.770647792 ], [ -122.396274906, 37.770646014 ], [ -122.39627533, 37.770645477 ], [ -122.396276731, 37.770643687 ], [ -122.396277168, 37.770643123 ], [ -122.396278544, 37.770641322 ], [ -122.396278947, 37.770640789 ], [ -122.396280301, 37.770638976 ], [ -122.396280728, 37.770638396 ], [ -122.396282057, 37.770636572 ], [ -122.396282151, 37.770636442 ], [ -122.396355362, 37.770575446 ], [ -122.396433831, 37.770538753 ], [ -122.396687992, 37.770469462 ], [ -122.396695433, 37.770466909 ], [ -122.396793463, 37.770426036 ], [ -122.396800022, 37.770422828 ], [ -122.396994424, 37.770312902 ], [ -122.397085498, 37.770265505 ], [ -122.397249933, 37.770207903 ], [ -122.397271193, 37.770203076 ], [ -122.39728350970887, 37.770368948348725 ], [ -122.397317882756042, 37.770797459996444 ], [ -122.397264386, 37.770844002 ] ] ], [ [ [ -122.396354557, 37.771239685 ], [ -122.396357154234352, 37.771234617942788 ], [ -122.396553592, 37.771391209 ], [ -122.396554308, 37.771391724 ], [ -122.39655507, 37.771392167 ], [ -122.396555872, 37.771392532 ], [ -122.396556707, 37.771392817 ], [ -122.396557565, 37.771393019 ], [ -122.396558438, 37.771393136 ], [ -122.39655932, 37.771393167 ], [ -122.396560199, 37.771393111 ], [ -122.396561069, 37.77139297 ], [ -122.396561322603745, 37.77139290243187 ], [ -122.396425335472529, 37.7715 ], [ -122.396032385835042, 37.7715 ], [ -122.396339468, 37.771257188 ], [ -122.396343849, 37.771253372 ], [ -122.396347848, 37.771249157 ], [ -122.396351428, 37.771244581 ], [ -122.396354557, 37.771239685 ] ] ], [ [ [ -122.397655277, 37.770462243 ], [ -122.397664074058696, 37.770524350452675 ], [ -122.397431197222986, 37.770708066467122 ], [ -122.397391897, 37.770178807 ], [ -122.397391585, 37.770175744 ], [ -122.397407604, 37.770172107 ], [ -122.397608619, 37.770152379 ], [ -122.397655277, 37.770462243 ] ] ], [ [ [ -122.397758847, 37.770126097 ], [ -122.397799707020496, 37.770417349912705 ], [ -122.397774999526447, 37.770436841599455 ], [ -122.397729107, 37.770132064 ], [ -122.397758847, 37.770126097 ] ] ], [ [ [ -122.39793967, 37.770076583 ], [ -122.397997898966111, 37.770260996730428 ], [ -122.397910780583061, 37.770329724227821 ], [ -122.397878394, 37.770098871 ], [ -122.39793967, 37.770076583 ] ] ], [ [ [ -122.398344525, 37.770095173 ], [ -122.39834438, 37.770094544 ], [ -122.398344337, 37.770094364 ], [ -122.398344159, 37.770093659 ], [ -122.39834411, 37.770093473 ], [ -122.398343916, 37.770092771 ], [ -122.398343864, 37.770092587 ], [ -122.398343655, 37.770091887 ], [ -122.398343597, 37.770091702 ], [ -122.398343373, 37.770091006 ], [ -122.398343314, 37.77009083 ], [ -122.398343075, 37.770090136 ], [ -122.398343011, 37.770089957 ], [ -122.398342757, 37.770089267 ], [ -122.39834269, 37.770089091 ], [ -122.39834242, 37.770088405 ], [ -122.398342349, 37.770088229 ], [ -122.398342064, 37.770087546 ], [ -122.398341992, 37.770087378 ], [ -122.398341692, 37.7700867 ], [ -122.398341616, 37.770086531 ], [ -122.398341301, 37.770085857 ], [ -122.398341221, 37.770085689 ], [ -122.398340892, 37.77008502 ], [ -122.398340808, 37.770084853 ], [ -122.398340464, 37.770084188 ], [ -122.398340381, 37.770084033 ], [ -122.398340023, 37.770083373 ], [ -122.398339936, 37.770083217 ], [ -122.398339563, 37.770082561 ], [ -122.398339469, 37.7700824 ], [ -122.398339081, 37.77008175 ], [ -122.398338992, 37.770081604 ], [ -122.398338591, 37.770080959 ], [ -122.398338495, 37.770080809 ], [ -122.398338079, 37.77008017 ], [ -122.39833798, 37.770080022 ], [ -122.39833755, 37.770079389 ], [ -122.398337455, 37.770079251 ], [ -122.398337011, 37.770078624 ], [ -122.39833691, 37.770078484 ], [ -122.398336453, 37.770077863 ], [ -122.398336347, 37.770077722 ], [ -122.398335876, 37.770077108 ], [ -122.398335775, 37.770076979 ], [ -122.398335291, 37.770076371 ], [ -122.398335181, 37.770076236 ], [ -122.398334684, 37.770075636 ], [ -122.398334577, 37.770075509 ], [ -122.398334066, 37.770074915 ], [ -122.398333958, 37.770074792 ], [ -122.398333434, 37.770074205 ], [ -122.398333323, 37.770074083 ], [ -122.398332786, 37.770073503 ], [ -122.398332676, 37.770073386 ], [ -122.398332126, 37.770072814 ], [ -122.398332014, 37.770072699 ], [ -122.398331452, 37.770072135 ], [ -122.398331336, 37.77007202 ], [ -122.398330761, 37.770071464 ], [ -122.398330646, 37.770071354 ], [ -122.39833006, 37.770070806 ], [ -122.398329945, 37.7700707 ], [ -122.398329347, 37.77007016 ], [ -122.39832923, 37.770070057 ], [ -122.39832862, 37.770069525 ], [ -122.398328501, 37.770069423 ], [ -122.39832788, 37.7700689 ], [ -122.398327762, 37.770068802 ], [ -122.398327129, 37.770068288 ], [ -122.398327008, 37.770068191 ], [ -122.398326364, 37.770067686 ], [ -122.398326245, 37.770067594 ], [ -122.39832559, 37.770067098 ], [ -122.398325471, 37.770067009 ], [ -122.398324805, 37.770066521 ], [ -122.39832468, 37.770066431 ], [ -122.398324003, 37.770065954 ], [ -122.398323885, 37.770065872 ], [ -122.398323198, 37.770065403 ], [ -122.398323077, 37.770065321 ], [ -122.39832238, 37.770064862 ], [ -122.398322253, 37.77006478 ], [ -122.398321546, 37.770064331 ], [ -122.398321424, 37.770064255 ], [ -122.398320707, 37.770063815 ], [ -122.398320586, 37.770063743 ], [ -122.39831986, 37.770063313 ], [ -122.398319737, 37.770063242 ], [ -122.398319001, 37.770062822 ], [ -122.398318874, 37.770062751 ], [ -122.398318129, 37.770062342 ], [ -122.398318006, 37.770062276 ], [ -122.398317253, 37.770061878 ], [ -122.398317128, 37.770061813 ], [ -122.398316366, 37.770061425 ], [ -122.39831624, 37.770061362 ], [ -122.398315469, 37.770060985 ], [ -122.398315347, 37.770060926 ], [ -122.398314569, 37.770060559 ], [ -122.398314445, 37.770060502 ], [ -122.398313658, 37.770060146 ], [ -122.398313532, 37.77006009 ], [ -122.398312738, 37.770059745 ], [ -122.39831261, 37.77005969 ], [ -122.398311807, 37.770059357 ], [ -122.398311684, 37.770059306 ], [ -122.398310874, 37.770058984 ], [ -122.39831075, 37.770058935 ], [ -122.398309934, 37.770058624 ], [ -122.398309811, 37.770058578 ], [ -122.398308988, 37.770058277 ], [ -122.398308861, 37.770058232 ], [ -122.398308031, 37.770057943 ], [ -122.398307908, 37.770057901 ], [ -122.398307072, 37.770057624 ], [ -122.398306946, 37.770057583 ], [ -122.398306105, 37.770057318 ], [ -122.398305976, 37.770057278 ], [ -122.398305128, 37.770057025 ], [ -122.398305008, 37.77005699 ], [ -122.398304156, 37.770056748 ], [ -122.398304029, 37.770056712 ], [ -122.398303171, 37.770056482 ], [ -122.398303047, 37.77005645 ], [ -122.398302184, 37.770056232 ], [ -122.398302056, 37.7700562 ], [ -122.398301188, 37.770055994 ], [ -122.398301068, 37.770055966 ], [ -122.398300196, 37.770055772 ], [ -122.398300068, 37.770055744 ], [ -122.398299191, 37.770055562 ], [ -122.398299068, 37.770055537 ], [ -122.398298188, 37.770055367 ], [ -122.398298062, 37.770055344 ], [ -122.398297178, 37.770055186 ], [ -122.398297053, 37.770055165 ], [ -122.398296166, 37.770055019 ], [ -122.398296044, 37.770055 ], [ -122.398295154, 37.770054867 ], [ -122.39829503, 37.770054849 ], [ -122.398294137, 37.770054728 ], [ -122.398294009, 37.770054712 ], [ -122.398293113, 37.770054603 ], [ -122.39829299, 37.770054589 ], [ -122.398292092, 37.770054493 ], [ -122.398291969, 37.770054481 ], [ -122.398291069, 37.770054397 ], [ -122.398290946, 37.770054387 ], [ -122.398290044, 37.770054316 ], [ -122.398289919, 37.770054307 ], [ -122.398289016, 37.770054248 ], [ -122.398288893, 37.770054241 ], [ -122.398287989, 37.770054195 ], [ -122.398287863, 37.770054189 ], [ -122.398286959, 37.770054155 ], [ -122.398286833, 37.770054152 ], [ -122.398285927, 37.770054131 ], [ -122.398285805, 37.770054129 ], [ -122.398284899, 37.77005412 ], [ -122.398284774, 37.77005412 ], [ -122.398283868, 37.770054124 ], [ -122.398283743, 37.770054125 ], [ -122.398282838, 37.770054142 ], [ -122.398282712, 37.770054145 ], [ -122.398281807, 37.770054174 ], [ -122.398281685, 37.770054179 ], [ -122.39828078, 37.770054221 ], [ -122.398280655, 37.770054228 ], [ -122.398279752, 37.770054282 ], [ -122.398279633, 37.77005429 ], [ -122.398278731, 37.770054356 ], [ -122.398278598, 37.770054367 ], [ -122.398277698, 37.770054446 ], [ -122.398277578, 37.770054458 ], [ -122.39827668, 37.770054549 ], [ -122.398276554, 37.770054563 ], [ -122.398275658, 37.770054667 ], [ -122.39827553, 37.770054683 ], [ -122.398274637, 37.770054799 ], [ -122.398274517, 37.770054816 ], [ -122.398273626, 37.770054944 ], [ -122.398273498, 37.770054964 ], [ -122.39827261, 37.770055105 ], [ -122.398272485, 37.770055126 ], [ -122.398271601, 37.770055279 ], [ -122.398271476, 37.770055302 ], [ -122.398270595, 37.770055467 ], [ -122.398270472, 37.770055491 ], [ -122.398269595, 37.770055669 ], [ -122.398269466, 37.770055696 ], [ -122.398268592, 37.770055886 ], [ -122.39826847, 37.770055914 ], [ -122.398267601, 37.770056116 ], [ -122.398267476, 37.770056146 ], [ -122.398266611, 37.77005636 ], [ -122.398266487, 37.770056391 ], [ -122.398265628, 37.770056617 ], [ -122.3982655, 37.770056652 ], [ -122.398264645, 37.77005689 ], [ -122.398264522, 37.770056925 ], [ -122.398263673, 37.770057175 ], [ -122.398263547, 37.770057213 ], [ -122.398262703, 37.770057474 ], [ -122.398262579, 37.770057514 ], [ -122.398261741, 37.770057787 ], [ -122.398261613, 37.770057829 ], [ -122.398260782, 37.770058114 ], [ -122.398260661, 37.770058156 ], [ -122.398259835, 37.770058452 ], [ -122.398259708, 37.770058499 ], [ -122.39825889, 37.770058806 ], [ -122.398258763, 37.770058855 ], [ -122.398257951, 37.770059174 ], [ -122.398257827, 37.770059224 ], [ -122.398257023, 37.770059554 ], [ -122.398256899, 37.770059606 ], [ -122.398256102, 37.770059947 ], [ -122.398255976, 37.770060002 ], [ -122.398255186, 37.770060354 ], [ -122.398255063, 37.77006041 ], [ -122.398254282, 37.770060773 ], [ -122.398254154, 37.770060833 ], [ -122.39825338, 37.770061207 ], [ -122.398253258, 37.770061267 ], [ -122.398252493, 37.770061652 ], [ -122.398252368, 37.770061716 ], [ -122.398251611, 37.770062111 ], [ -122.398251486, 37.770062177 ], [ -122.398250738, 37.770062583 ], [ -122.398250615, 37.77006265 ], [ -122.398249876, 37.770063066 ], [ -122.398249752, 37.770063137 ], [ -122.398249022, 37.770063563 ], [ -122.3982489, 37.770063636 ], [ -122.39824818, 37.770064072 ], [ -122.398248057, 37.770064147 ], [ -122.398247346, 37.770064593 ], [ -122.398247221, 37.770064673 ], [ -122.398246521, 37.770065129 ], [ -122.398246399, 37.770065209 ], [ -122.398245708, 37.770065675 ], [ -122.398245587, 37.770065758 ], [ -122.398244906, 37.770066233 ], [ -122.398244786, 37.770066318 ], [ -122.398244116, 37.770066802 ], [ -122.398243996, 37.77006689 ], [ -122.398243337, 37.770067383 ], [ -122.398243213, 37.770067478 ], [ -122.398242565, 37.770067981 ], [ -122.398242507, 37.770068026 ], [ -122.398100465795252, 37.770180081988485 ], [ -122.398050425, 37.770021599 ], [ -122.398290912, 37.769832886 ], [ -122.398295568, 37.769828836 ], [ -122.398299791, 37.769824337 ], [ -122.398303539, 37.769819436 ], [ -122.398306774, 37.769814181 ], [ -122.398309462, 37.769808626 ], [ -122.398311575, 37.769802829 ], [ -122.398311675, 37.769802436 ], [ -122.398391779, 37.769847275 ], [ -122.398453809828027, 37.769896755850617 ], [ -122.398332349, 37.769992703 ], [ -122.398386168751813, 37.7702 ], [ -122.398367654292926, 37.7702 ], [ -122.398344544, 37.770095256 ], [ -122.398344525, 37.770095173 ] ] ] ] } },
{ "type": "Feature", "properties": { "project_name": "P2 -- open-space strip between Mission Creek and Channel St", "site": "Mission Bay South", "status": "under_construction", "use": "park", "geometry_type": "approximate", "digitized_from": "Real-gap-fragment technique: bbox.difference(street buffer, src/street_geometry.py)..difference(all already-tracked parcels/approx polygons) over the creek corridor between Mission Creek and Channel St yielded a numbered set of disconnected real scraps of unclaimed land; the owner, viewing the numbered map against Esri satellite imagery, picked fragment 7 (the paved/planted strip along the creek's near bank) and fragment 9 (a paved path further southeast, separated from 7 by a landscaping/tree strip not itself captured as its own fragment) and specified how to combine them.", "digitization_method": "ADDED 2026-09-20 via the numbered real-gap-fragment technique established for P8 (see that record): generated a map of every disconnected real (street-buffer- and already-tracked-polygon-excluded) scrap of land in the creek/Channel St corridor between about where P8 hands off (near the roundabout) and the creek bend northeast of it. Two rounds of owner review (first pass, then a request to extend the view further northeast) converged on: fragment 7, truncated at its north edge along the same real line P8's fragment 4 was cut on (a line fit through the north corners of P8's fragments 34/41/17, confirmed colinear to ~5e-8 deg) -- at fragment 7's own longitude range this line lands almost exactly on its existing north boundary (matching to within ~0.00015 deg at the fragment's far corner), separating the real open water of Mission Creek (the ~9,854 sqm piece north of the line, discarded) from the real paved/planted strip along the near bank (~4,855 sqm, kept). The owner then specified translating fragment 9 (a separate paved path, ~7,932 sqm) north to merge with the truncated fragment 7, closing a real but narrow (~17-22m) planting-strip gap between the two rather than tracing that gap directly -- picked a 0.0002 deg (~22m) north shift, comfortably past the ~0.000156 deg (~17.3m) minimum needed for the two shapes to touch, for a clean overlapping seam rather than a knife-edge join. Final shape is the union of truncated-7 and shifted-9 (~12,224 sqm). PRE-CLIPPED 2026-09-20 against the real street buffer (src/street_geometry.py) before committing: the union (fragment 7 truncated + fragment 9 translated north) reached into a real paved area near the boat-dock access road at its northeast end -- join_approximate.py --strict flagged this as a 25% MAJOR CLIP, at the threshold where the checker asks for a direct look rather than trusting the auto-clip. Inspected directly against Esri satellite imagery: the removed area is a real paved road/driveway crossing plus the road-side verge, not a mispositioned trace, so committed the pre-clipped result (12,224 sqm -> 9,128 sqm) directly rather than relying on the pipeline's silent auto-clip every run. Splits into three pieces: the near-bank strip (4,977 sqm), the road-side strip that was fragment 9 (3,896 sqm), and a small separate grassy patch near the boat dock (255 sqm) that the clip revealed as disconnected from the other two. TRIMMED 2026-09-20: dropped the small (~255 sqm) disconnected triangle near the boat dock at P2's northeast end per the owner's review -- an artifact of the street clip, not real intended P2 open space. Final: 2 pieces, ~8,873 sqm. TRIMMED AGAIN 2026-09-20: the kept near-bank strip still had a thin (1-9m wide) spike continuing northeast past a natural waist (width narrows to ~1.1m at lat 37.7728) up to the edge of the analysis bbox -- the same 'weird thin edge' pattern flagged and removed elsewhere in this session (P8's fragment-4 spike, fragment 18's ribbon). Cut at that waist and dropped the spike (~619 sqm) per the owner's review. Final: 2 pieces, ~8,254 sqm. REVERTED THE STREET-CLIP 2026-09-20: the owner reviewed the clipped 2-piece result and pointed out it broke the continuity the fragment-9 translation was specifically meant to achieve -- the clip was correctly removing a real paved road, but that road runs almost the full length between the near-bank strip and the road-side strip, so clipping split one corridor into two disconnected pieces. Chosen fix (owner's pick among 3 options offered): set street_clip_exempt=true, the same opt-out already used for Pier 70's 20th Street Plaza -- this record represents the park-corridor CONCEPT, which crosses the road at grade, not today's paved-road extent. Reverted to the pre-clip, spike-trimmed continuous shape (single Polygon, ~11,652 sqm; the same waist-cut technique removed the same northeast spike directly from this unclipped version, at a very similar cut latitude -- 37.7730 instead of 37.7728). STATUS UPDATED 2026-09-20: owner confirmed P2 is under construction (planned -> under_construction), while P7/P9 remain planned and P10 remains complete.", "accuracy_caveat": "APPROXIMATE, AND KNOWINGLY DISPLACED -- fragment 9's real digitized position is ~17-22m south of where it's drawn here; the owner directed this shift to close a real gap (a planting/tree strip between two paved features) with a single deliberate translation rather than tracing that gap's own real edges. Fragment 7's kept portion is a real computed shape (street/creek/already-tracked-polygon-bounded), not hand-traced. Overlaps the already-tracked real 'Mission Creek Park' polygon (which the owner has directed be unioned to include this record and P8, per their own framing that Mission Creek Park will evolve to encompass P1+P2+P8) and may overlap the real Mission Creek Park -- east reach (Pavilion to 4th St bridge) record (P1) at its northeast end, near the edge of the analysis window used to generate the candidate fragments -- not reconciled with either. STREET-CLIP EXEMPT: this record deliberately claims area that includes today's real paved road crossing the corridor (a park-corridor concept, not today's satellite extent) -- same class of exception as Pier 70's 20th Street Plaza. Do not treat this as a mispositioned trace; it's an intentional choice to keep the corridor continuous rather than split by a road the park is meant to cross at grade.", "why_no_real_parcel": null, "regulatory_context": null, "notes": "OCII plan parcel P2. Runs along the near (south/west) bank of Mission Creek between the creek and Channel St, from about where P8 hands off near the Mission Bay Circle roundabout, northeast toward the creek bend.", "images": null, "source_doc_urls": [ ], "street_clip_exempt": "True", "p_number": null }, "geometry": { "type": "Polygon", "coordinates": [ [ [ -122.395980047, 37.771138721 ], [ -122.395981248, 37.771136487 ], [ -122.395981565, 37.771135889 ], [ -122.395981813674226, 37.771135413892438 ], [ -122.396248550429036, 37.771348044036621 ], [ -122.396244522, 37.771376515 ], [ -122.396088351687169, 37.7715 ], [ -122.396425335472514, 37.7715 ], [ -122.394520710555582, 37.773 ], [ -122.394485714285722, 37.773 ], [ -122.3949, 37.7727 ], [ -122.39477241490097, 37.772540518626208 ], [ -122.394674408621327, 37.772618010776661 ], [ -122.39464, 37.772575 ], [ -122.394211688245392, 37.772885156787815 ], [ -122.394211062, 37.772885191 ], [ -122.39419908, 37.772885518 ], [ -122.394187094, 37.77288552 ], [ -122.394175117, 37.772885193 ], [ -122.394163159, 37.772884541 ], [ -122.394151246, 37.772883564 ], [ -122.394143914, 37.77288276 ], [ -122.39401073, 37.772843697 ], [ -122.394007021, 37.772842734 ], [ -122.393992907, 37.77283954 ], [ -122.393991252, 37.77283919 ], [ -122.393977009, 37.772836379 ], [ -122.393975364, 37.772836078 ], [ -122.393961009, 37.772833651 ], [ -122.393959352, 37.772833394 ], [ -122.393944901, 37.772831357 ], [ -122.393943261, 37.772831148 ], [ -122.393928734, 37.7728295 ], [ -122.393927082, 37.772829336 ], [ -122.39391249, 37.772828081 ], [ -122.393910843, 37.772827961 ], [ -122.393896207, 37.7728271 ], [ -122.393894556, 37.772827026 ], [ -122.393886109, 37.772826758 ], [ -122.39397762, 37.772754479 ], [ -122.393977629, 37.772754472 ], [ -122.39397763, 37.772754472 ], [ -122.3958905, 37.771243563 ], [ -122.395890702, 37.771243402 ], [ -122.395892862, 37.771241681 ], [ -122.395893269, 37.771241354 ], [ -122.39589541, 37.771239618 ], [ -122.395895851, 37.771239257 ], [ -122.395897971, 37.771237505 ], [ -122.395898352, 37.771237188 ], [ -122.395900454, 37.771235422 ], [ -122.395900879, 37.771235061 ], [ -122.39590296, 37.77123328 ], [ -122.395903338, 37.771232954 ], [ -122.395905401, 37.771231159 ], [ -122.395905821, 37.77123079 ], [ -122.395907862, 37.771228981 ], [ -122.395908272, 37.771228614 ], [ -122.395910293, 37.77122679 ], [ -122.395910689, 37.77122643 ], [ -122.39591269, 37.771224592 ], [ -122.395913083, 37.771224227 ], [ -122.395915064, 37.771222375 ], [ -122.395915479, 37.771221984 ], [ -122.395917438, 37.771220118 ], [ -122.395917828, 37.771219743 ], [ -122.395919767, 37.771217863 ], [ -122.395920144, 37.771217494 ], [ -122.395922062, 37.771215602 ], [ -122.39592246, 37.771215206 ], [ -122.395924358, 37.771213299 ], [ -122.395924754, 37.771212898 ], [ -122.395926629, 37.771210979 ], [ -122.395927034, 37.771210561 ], [ -122.395928887, 37.771208628 ], [ -122.395929255, 37.771208239 ], [ -122.395931088, 37.771206293 ], [ -122.395931489, 37.771205864 ], [ -122.395933299, 37.771203905 ], [ -122.395933654, 37.771203517 ], [ -122.395935443, 37.771201547 ], [ -122.395935838, 37.771201108 ], [ -122.395937605, 37.771199124 ], [ -122.395937999, 37.771198678 ], [ -122.395939743, 37.771196681 ], [ -122.395940093, 37.771196277 ], [ -122.395941815, 37.77119427 ], [ -122.395942192, 37.771193826 ], [ -122.395943892, 37.771191806 ], [ -122.395944277, 37.771191343 ], [ -122.395945954, 37.77118931 ], [ -122.395946297, 37.771188891 ], [ -122.395947952, 37.771186848 ], [ -122.395948343, 37.77118636 ], [ -122.395949974, 37.771184304 ], [ -122.395950323, 37.77118386 ], [ -122.395951931, 37.771181794 ], [ -122.395952284, 37.771181336 ], [ -122.39595387, 37.771179258 ], [ -122.395954222, 37.771178792 ], [ -122.395955785, 37.771176703 ], [ -122.395956146, 37.771176216 ], [ -122.395957685, 37.771174116 ], [ -122.395958033, 37.771173635 ], [ -122.395959548, 37.771171525 ], [ -122.395959899, 37.771171032 ], [ -122.395961391, 37.77116891 ], [ -122.395961718, 37.771168441 ], [ -122.395963186, 37.771166311 ], [ -122.39596354, 37.771165791 ], [ -122.395964984, 37.771163649 ], [ -122.395965308, 37.771163164 ], [ -122.395966729, 37.771161012 ], [ -122.395967071, 37.771160487 ], [ -122.395968467, 37.771158325 ], [ -122.395968777, 37.77115784 ], [ -122.39597015, 37.771155669 ], [ -122.395970495, 37.771155117 ], [ -122.395971842, 37.771152936 ], [ -122.395972134, 37.771152459 ], [ -122.395973459, 37.771150269 ], [ -122.395973785, 37.771149724 ], [ -122.395975085, 37.771147524 ], [ -122.395975404, 37.771146976 ], [ -122.395976678, 37.771144768 ], [ -122.395976985, 37.771144231 ], [ -122.395978235, 37.771142013 ], [ -122.395978536, 37.771141473 ], [ -122.395979761, 37.771139247 ], [ -122.395980047, 37.771138721 ] ] ] } },
{ "type": "Feature", "properties": { "project_name": "Mission Creek Park -- east reach (Pavilion to 4th St bridge)", "site": "Mission Bay South", "status": "complete", "use": "park", "geometry_type": "approximate", "digitized_from": "Hand-traced from satellite imagery (contextily/Esri World Imagery), guided step-by-step by the owner (who knows this stretch directly) rather than the PDF-pixel transform, which repeatedly mis-located this segment.", "digitization_method": "ADDED 2026-09-19: fills the gap between the already-tracked Mission Creek Park (which stops at its own NE corner near 235 Berry St/the 4th St bridge) and the already-tracked Mission Creek Park Pavilion further east -- OCII's plan labels P1 and P3 both fall in this stretch (per the neighboring records' own p_number notes, sourced from OCII's Nov 2024 CAC 'Remaining Mission Bay Open Space Parcels Update'; which built segment is P1 vs P3 is not resolved by that source and is not resolved here either). The owner corrected three successive attempts at locating and sizing this by satellite-derived pixel transform alone (which is exactly the failure mode this project's own header notes already warn about) before switching to owner-guided tracing: first a wrong area entirely (a bad 2-point transform), then a too-narrow shoreline-path-only trace, then a too-wide trace that ate into the paved road on the south side. Final shape: the full visible landscaped extent from the Pavilion to the 4th St bridge, at the width the owner confirmed, trimmed to exclude the Pavilion's own already-tracked footprint (400 sqm overlap removed). Checked against src/street_geometry.py's real street buffer: 0% clipped -- this stretch corresponds to a 'paper' (platted but never built) segment of Channel St, per src/street_geometry.py's own NOT_YET_REAL_CENTERLINE_LAYERS filter, consistent with it being built out as park instead of road.", "accuracy_caveat": "APPROXIMATE -- hand-traced from satellite imagery with the owner's direct, iterative guidance (not a surveyed footprint or GIS file from the project team, and not derived from the PDF-pixel transform, which was unreliable for this specific stretch). Status 'complete' since the landscaping is clearly already built (lawn, paths, trees visible), not a future plan.", "why_no_real_parcel": null, "regulatory_context": null, "notes": "Covers OCII plan labels P1 and P3 as one combined record -- see digitization_method for why they aren't split.", "images": null, "source_doc_urls": [ "https://sfocii.org/sites/default/files/2024-11/Item%205%20-%20Remaining%20Mission%20Bay%20Open%20Space%20Parcels%20Update.pdf" ], "street_clip_exempt": null, "p_number": "P1 and P3, per the neighboring Mission Creek Park / Pavilion records' own p_number notes (OCII Nov 2024 CAC 'Remaining Mission Bay Open Space Parcels Update'). Which built segment is P1 vs P3 is not resolved by that source." }, "geometry": { "type": "Polygon", "coordinates": [ [ [ -122.393597945485553, 37.773129591200117 ], [ -122.3936452, 37.7731669 ], [ -122.3936044, 37.7731995 ], [ -122.3936681, 37.7732636 ], [ -122.3938257, 37.7731386 ], [ -122.3938257, 37.7731379 ], [ -122.393713655885094, 37.773045800910786 ], [ -122.394069371586639, 37.772788213678638 ], [ -122.394114704, 37.77280151 ], [ -122.394119924, 37.772802795 ], [ -122.394125238, 37.772803615 ], [ -122.394138763, 37.772805098 ], [ -122.394140431, 37.772805258 ], [ -122.39415401, 37.772806371 ], [ -122.394155673, 37.772806484 ], [ -122.394169294, 37.772807227 ], [ -122.394170956, 37.772807295 ], [ -122.394184601, 37.772807667 ], [ -122.394186275, 37.77280769 ], [ -122.394199926, 37.772807688 ], [ -122.394201582, 37.772807665 ], [ -122.394215228, 37.772807293 ], [ -122.394216899, 37.772807225 ], [ -122.394230519, 37.77280648 ], [ -122.394232182, 37.772806366 ], [ -122.394245762, 37.772805251 ], [ -122.394247431, 37.772805091 ], [ -122.394260954, 37.772803606 ], [ -122.394262617, 37.7728034 ], [ -122.39427607, 37.772801548 ], [ -122.394277741, 37.772801295 ], [ -122.394291104, 37.772799077 ], [ -122.394292773, 37.772798776 ], [ -122.394306033, 37.772796195 ], [ -122.394307704, 37.772795845 ], [ -122.394320844, 37.772792904 ], [ -122.394322513, 37.772792506 ], [ -122.394335518, 37.772789209 ], [ -122.394337192, 37.772788759 ], [ -122.394350047, 37.772785109 ], [ -122.394351718, 37.772784609 ], [ -122.394364408, 37.772780611 ], [ -122.394366077, 37.772780058 ], [ -122.394378587, 37.772775717 ], [ -122.394380263, 37.772775108 ], [ -122.394392577, 37.772770428 ], [ -122.39439425, 37.772769764 ], [ -122.394406354, 37.772764751 ], [ -122.39440802, 37.772764032 ], [ -122.3944199, 37.772758693 ], [ -122.394421569, 37.772757913 ], [ -122.394433211, 37.772752253 ], [ -122.394434871, 37.772751414 ], [ -122.394446263, 37.77274544 ], [ -122.394447929, 37.772744533 ], [ -122.394459054, 37.772738251 ], [ -122.394460701, 37.772737287 ], [ -122.394471548, 37.772730707 ], [ -122.394473193, 37.772729673 ], [ -122.394483749, 37.772722801 ], [ -122.394485381, 37.772721701 ], [ -122.394495635, 37.772714545 ], [ -122.394497259, 37.772713371 ], [ -122.394507196, 37.77270594 ], [ -122.394507831, 37.772705415 ], [ -122.3945085, 37.772704937 ], [ -122.394750728599846, 37.772513410749802 ], [ -122.3949, 37.7727 ], [ -122.392132575802634, 37.774703996832578 ], [ -122.39179518002932, 37.774435042047735 ], [ -122.393597945485553, 37.773129591200117 ] ] ] } },
{ "type": "Feature", "properties": { "project_name": "P11A -- traffic median (half-circle island near Mission Bay Circle)", "site": "Mission Bay South", "status": "complete", "use": "park", "geometry_type": "approximate", "digitized_from": "Hand-traced from satellite imagery, guided directly by the owner's own marked-up screenshot (their drawn outline extracted from the photo via ORB feature-matching/homography rather than re-estimated by eye), then fit to an idealized semicircle per the owner's description of the real shape.", "digitization_method": "ADDED 2026-09-19: resolves plan label P11A, previously only a weak ~33m proximity guess with no real source. The owner corrected this session's own repeated mis-location of the label (first a mis-anchored transform landing in the wrong intersection entirely, then a hand-eyeballed shape that didn't match) by drawing directly on a satellite screenshot. That drawing was extracted programmatically: ORB keypoint matching between the annotated photo and the original sent image gave a homography, chained through a second homography to a freshly-fetched satellite tile with an exact known lon/lat extent, so the owner's blue outline was converted to real coordinates without manual pixel-guessing. The owner then described the real shape as a half-circle; a circle was least-squares-fit to the arc portion of the extracted outline (radius 24.2m, fit residual std 0.58m) and a straight edge fit to the flat portion, then the two were combined into a true semicircle (flat edge through the circle center) rather than left as the noisier hand-traced outline. This is the grass median island immediately east of the roundabout named 'Mission Bay Circle' in this tracker (near P8/P10/X1), west of the Parklab Gardens soccer field. join_approximate.py --strict flagged a 28% MAJOR CLIP against the real street/curb buffer -- investigated rather than auto-accepted or blindly shrunk: the clip lands on the median's own top-left corner near the crosswalk, which DataSF's curb layer treats as street right-of-way (curb-return/crosswalk geometry legitimately overlapping a median island's edge, the same class of case documented for Pier 70's 20th Street Plaza). The owner granted an explicit exception rather than have the shape distorted to dodge the buffer -- street_clip_exempt set per that documented escape hatch, not used to silence a real mispositioning.", "accuracy_caveat": "APPROXIMATE -- owner-guided satellite trace, idealized to a fitted semicircle rather than left as a raw hand-traced outline. Not a surveyed footprint or GIS file from the project team. street_clip_exempt=true: this is a real traffic median, inherently adjacent to/overlapping the street right-of-way in DataSF's curb data at its crosswalk corner -- clipping it against the generic street buffer would cut a real, visible piece of the median, not a mispositioning artifact. Owner-approved exception.", "why_no_real_parcel": null, "regulatory_context": null, "notes": "Traffic median island, landscaped with grass, immediately adjacent to a thin connector strip (P11) leading to the roundabout.", "images": null, "source_doc_urls": [ ], "street_clip_exempt": "True", "p_number": "P11A. Not named in either neighboring Mission Bay Commons record's own p_number source (OCII's Nov 2024 CAC update only names P11/P12/P13/P15/P16/P17) -- resolved here by direct owner identification instead." }, "geometry": { "type": "Polygon", "coordinates": [ [ [ -122.394664629581243, 37.770787711070639 ], [ -122.394676183227389, 37.770787363015501 ], [ -122.394687697063929, 37.770786529387216 ], [ -122.394699138453674, 37.770785212548773 ], [ -122.394710474964711, 37.770783416232845 ], [ -122.394721674462531, 37.770781145531295 ], [ -122.394732705200937, 37.770778406880581 ], [ -122.394743535912042, 37.770775208043695 ], [ -122.39475413589507, 37.770771558088008 ], [ -122.394764475103216, 37.770767467359647 ], [ -122.394774524228865, 37.770762947454173 ], [ -122.394784254786629, 37.770758011183645 ], [ -122.39479363919429, 37.770752672540397 ], [ -122.39480265085065, 37.770746946657304 ], [ -122.394811264211185, 37.770740849764906 ], [ -122.394819454860411, 37.770734399145418 ], [ -122.394827199581044, 37.770727613083757 ], [ -122.394834476419845, 37.770720510815629 ], [ -122.394841264749786, 37.770713112473118 ], [ -122.394847545328645, 37.77070543902753 ], [ -122.394853300353418, 37.770697512230008 ], [ -122.394858513510854, 37.770689354549845 ], [ -122.394863170023712, 37.770680989110801 ], [ -122.394867256692592, 37.770672439625535 ], [ -122.39487076193339, 37.770663730328451 ], [ -122.394873675810132, 37.770654885906929 ], [ -122.394875990063099, 37.770645931431432 ], [ -122.394877698132277, 37.770636892284323 ], [ -122.394878795175998, 37.770627794088043 ], [ -122.394879278084545, 37.770618662632387 ], [ -122.394879145489085, 37.770609523801447 ], [ -122.394878397765424, 37.770600403500254 ], [ -122.394877037033098, 37.770591327581286 ], [ -122.394875067149286, 37.770582321771258 ], [ -122.394872493697761, 37.770573411598122 ], [ -122.394869323973325, 37.770564622318808 ], [ -122.39486556696086, 37.770555978847497 ], [ -122.394861233310024, 37.77054750568513 ], [ -122.394856335305079, 37.770539226849834 ], [ -122.394850886829843, 37.770531165808976 ], [ -122.394844903328732, 37.770523345412499 ], [ -122.39483840176257, 37.770515787828259 ], [ -122.394831400560747, 37.770508514479133 ], [ -122.39482391956895, 37.770501545982299 ], [ -122.394815979992842, 37.77049490209081 ], [ -122.394807604338027, 37.770488601637588 ], [ -122.394798816346238, 37.770482662482046 ], [ -122.394789640927954, 37.770477101459448 ], [ -122.394780104091879, 37.770471934333223 ], [ -122.394770232871238, 37.770467175750198 ], [ -122.39476005524709, 37.770462839199219 ], [ -122.394749600069019, 37.770458936972751 ], [ -122.394738896973323, 37.770455480132171 ], [ -122.394727976299109, 37.770452478476315 ], [ -122.394716869002238, 37.770449940513764 ], [ -122.394705606567527, 37.770447873438698 ], [ -122.394694220919547, 37.770446283110516 ], [ -122.394682744332215, 37.770445174037192 ], [ -122.394671209337133, 37.770444549362537 ], [ -122.394659648631503, 37.770444410857287 ], [ -122.394664629581243, 37.770787711070639 ] ] ] } },
{ "type": "Feature", "properties": { "project_name": "P11 -- landscaped median strip connecting Mission Bay Circle to P11A", "site": "Mission Bay South", "status": "complete", "use": "park", "geometry_type": "approximate", "digitized_from": "Hand-traced from satellite imagery, guided directly by the owner's own marked-up screenshot (their drawn outline extracted from the photo via ORB feature-matching/homography), then fit to an idealized road-aligned rectangle per the owner's description of the real shape.", "digitization_method": "ADDED 2026-09-19: resolves plan label P11. This session had first wrongly attributed P11 to a distant, already-tracked 'Mission Bay Commons' record near Illinois St, inferred only from a source note that gave build years (not locations) for P11/P16/P17 as a group -- the owner's own drawing showed P11 right here instead, next to P11A, contradicting that location inference (P16/P17 were left as-is per the owner's instruction; only P11 corrected). The owner's blue outline was extracted from their annotated photo via ORB keypoint matching (a homography to the original sent image, chained to a second homography to a freshly-fetched satellite tile with a known exact lon/lat extent), avoiding manual pixel-guessing. The owner then described the real shape as a thin rectangle aligned with the road; a minimum-area rotated rectangle was fit to the extracted outline (4.8m x 63.1m, angle -87.5 deg from east) rather than left as the noisier hand-traced outline. This is the tree-lined median strip connecting the roundabout named 'Mission Bay Circle' in this tracker (near P8/P10/X1) east to the P11A half-circle island. join_approximate.py --strict flagged 100% clip against the real street/curb buffer -- expected and correct here, not a mispositioning: this median sits entirely within the road right-of-way (that's the whole point of a traffic median), so DataSF's curb layer legitimately treats its full footprint as street. The owner granted an explicit exception (same reasoning as P11A) rather than have this shape zeroed out by the generic clip.", "accuracy_caveat": "APPROXIMATE -- owner-guided satellite trace, idealized to a fitted rectangle rather than left as a raw hand-traced outline. Not a surveyed footprint or GIS file from the project team. street_clip_exempt=true: this is a real median strip that sits entirely within the paved road right-of-way by design -- clipping it against the generic street buffer would zero it out entirely, not correct a mispositioning. Owner-approved exception.", "why_no_real_parcel": null, "regulatory_context": null, "notes": "Thin landscaped median strip with a row of trees, connecting the Mission Bay Circle roundabout to the P11A median island.", "images": null, "source_doc_urls": [ ], "street_clip_exempt": "True", "p_number": "P11. Not confirmed by any named source to be part of the 'Mission Bay Commons (P11/P16/P17)' group tracked near Illinois St -- that location inference is now considered unreliable; resolved here by direct owner identification instead." }, "geometry": { "type": "Polygon", "coordinates": [ [ [ -122.395577912555908, 37.770560324529306 ], [ -122.395011695026753, 37.770580216900534 ], [ -122.395013616511392, 37.770614391544548 ], [ -122.395579834040532, 37.770594499182508 ], [ -122.395577912555908, 37.770560324529306 ] ] ] } },
{ "type": "Feature", "properties": { "project_name": "P10 -- landscaped center island, Mission Bay Circle roundabout", "site": "Mission Bay South", "status": "complete", "use": "park", "geometry_type": "approximate", "digitized_from": "Hand-traced from satellite imagery (contextily/Esri World Imagery), guided directly by the owner's own marked-up screenshot (their drawn outline extracted from the photo via ORB feature-matching/homography rather than re-estimated by eye) -- same technique used for P11/P11A.", "digitization_method": "ADDED 2026-09-19: corrects this tracker's earlier call (see docs/briefs/mission_bay_block_inventory.csv row P10, dated 2026-09-19) that P10 was 'roadway infrastructure' not worth a record -- on review, P10 is specifically the roundabout's own landscaped center island (grass, trees), a real, already-built park feature distinct from the road pavement around it, consistent with how this tracker already records P11A (the roundabout's half-circle median) and P11 (its connector strip). The owner's green outline was extracted from their annotated photo via ORB keypoint matching (a homography to the sent map image, chained to a second homography to a freshly-fetched satellite tile with a known exact lon/lat extent), avoiding manual pixel-guessing, then visually confirmed to sit cleanly on the real grass island at the center of the roundabout named 'Mission Bay Circle' on the source OCII land use diagram. join_approximate.py --strict flags roughly a quarter of this shape as inside the real street/curb buffer -- expected and correct, not mispositioning: a roundabout's center island is by definition ringed by its own circulating roadway, the same class of case already documented for P11A and Pier 70's 20th Street Plaza. street_clip_exempt set per that documented escape hatch.", "accuracy_caveat": "APPROXIMATE -- owner-guided satellite trace, not a surveyed footprint or GIS file from the project team. street_clip_exempt=true: this is a real roundabout center island, inherently ringed by the circulating roadway in DataSF's curb data -- clipping it against the generic street buffer would cut real, visible parts of the island, not a mispositioning artifact.", "why_no_real_parcel": null, "regulatory_context": null, "notes": "Center island of the real 'Mission Bay Circle' roundabout at the south end of the Mission Bay Circle/Owens St area, matching plan label P10. Landscaped with grass and trees; the roundabout's own median (P11A) and connector strip (P11) are tracked separately.", "images": null, "source_doc_urls": [ ], "street_clip_exempt": "True", "p_number": null }, "geometry": { "type": "Polygon", "coordinates": [ [ [ -122.396084285518455, 37.770720982830277 ], [ -122.396151456911099, 37.770698254848483 ], [ -122.396189842034161, 37.770656563718731 ], [ -122.396209038233948, 37.770588329580065 ], [ -122.396209044653915, 37.77050871589956 ], [ -122.396185061509897, 37.770440466910813 ], [ -122.396156277466488, 37.770406336136162 ], [ -122.39604112957737, 37.770368382888613 ], [ -122.395983551717578, 37.770372153845976 ], [ -122.395882785248489, 37.770406241350855 ], [ -122.395820402678183, 37.770447926231093 ], [ -122.3958060049967, 37.770482044837244 ], [ -122.395820394235997, 37.770584418889293 ], [ -122.395873171100902, 37.770675428046097 ], [ -122.395921151600504, 37.770713354905546 ], [ -122.396084285518455, 37.770720982830277 ] ] ] } },
{ "type": "Feature", "properties": { "project_name": "P9 -- undeveloped open-space parcel (Mission Bay Circle, west side)", "site": "Mission Bay South", "status": "planned", "use": "park", "geometry_type": "approximate", "digitized_from": "Computed from DataSF's official street centerline/curb data (src/street_geometry.py's build_street_buffer(), plus an extra generous buffer around Owens St's own centerline and around the P10 roundabout island) rather than hand-traced pixels. The west/north edge is the real Mission Bay Dr street-buffer boundary; the south edge is the owner's own drawn line (extracted from their annotated screenshot via the same ORB/homography technique used for P11/P11A, re-applied here to a grid-calibrated render of this project's own map rather than a satellite photo) confirming the true stopping point is well short of the two real buildings further south, not at their footprints.", "digitization_method": "ADDED 2026-09-20, after several discarded rounds -- recorded in full because the same mistakes are easy to repeat: (1) first hand-traced against a misread dark shape that turned out to be a building's own dark roof material, not a pond, and not a shadow either, discovered only by fetching a taller satellite crop that showed the whole roofline; (2) built a 'median wedge' between Mission Bay Dr's two carriageway centerlines, on the theory that the old (now-corrected) P8 record sitting there meant it was real median land -- wrong, that gap is the ramp pavement itself, confirmed when subtracting the real street buffer left only meaningless slivers; (3) repeatedly extended the south edge in fixed-meter steps off building footprints/buffers (10m, then 17m) chasing owner feedback of 'still too far south' each time, instead of just asking the owner to mark the real stopping line once -- which is what finally resolved it in one shot, extracted precisely via homography rather than eyeballed; (4) the real street buffer's own north edge was repeatedly under- or over-trimmed by an arbitrary bounding-box edge (cutting the real curve short, or in one pass leaking through a genuine gap in curb coverage near the roundabout crosswalk into paved plaza area) -- fixed by giving Owens St and the P10 island their own explicit buffers as hard cuts (so the shape can never cross real pavement regardless of the bounding box) and a morphological open (4m erode+dilate) to strip the resulting thin slivers, rather than trying to hand-tune a box edge. Split from P7 by a straight north-south line at their shared boundary -- the source diagram shows no drawn internal line here either.", "accuracy_caveat": "APPROXIMATE -- computed from real DataSF street/curb data plus the owner's own marked stopping line (not a surveyed parcel or GIS file from the project team). The north/west edges are exact real street-buffer boundary. The south edge is the owner's own line, not a mapped street or parcel boundary -- there is real bare ground between it and the two buildings further south that isn't included here, since the owner indicated the parcel doesn't extend that far. The P9/P7 split is a straight line, not sourced to any drawn plan boundary. No named, funded project (e.g. an SF Rec & Park schematic, unlike P2) has been found specifically naming P9.", "why_no_real_parcel": null, "regulatory_context": null, "notes": "OCII plan parcel P9. Sits within the same open-space band as P2, P7 and the removed-pending-redo P8, immediately west of P7, southwest of the Mission Bay Circle roundabout. Currently bare, graded ground with construction staging materials visible.", "images": null, "source_doc_urls": [ ], "street_clip_exempt": null, "p_number": null }, "geometry": { "type": "Polygon", "coordinates": [ [ [ -122.397079833, 37.769941426 ], [ -122.397075159, 37.769944101 ], [ -122.397070738, 37.769947179 ], [ -122.396991052, 37.770008041 ], [ -122.396984932, 37.770013396 ], [ -122.396892857, 37.770105489 ], [ -122.396814263, 37.770179892 ], [ -122.3967473, 37.77022748 ], [ -122.3967, 37.770248883099548 ], [ -122.3967, 37.769439866529872 ], [ -122.396774326666659, 37.769432131509689 ], [ -122.396866136181686, 37.769418355567225 ], [ -122.396959236320896, 37.769412242631574 ], [ -122.397051042126776, 37.769403575485107 ], [ -122.397111697016172, 37.7694042522998 ], [ -122.397146699018805, 37.769509413675081 ], [ -122.3972, 37.769669553211749 ], [ -122.3972, 37.769882136306535 ], [ -122.397187118, 37.769886739 ], [ -122.397179687, 37.769889965 ], [ -122.397079833, 37.769941426 ] ] ] } },
{ "type": "Feature", "properties": { "project_name": "P7 -- undeveloped open-space parcel (Mission Bay Circle, southwest side)", "site": "Mission Bay South", "status": "planned", "use": "park", "geometry_type": "approximate", "digitized_from": "Computed from DataSF's official street centerline/curb data (src/street_geometry.py's build_street_buffer(), plus an extra generous buffer around Owens St's own centerline and around the P10 roundabout island) rather than hand-traced pixels. The north edge follows the real Mission Bay Dr street-buffer boundary all the way up to the roundabout; the east edge is held clear of Owens St and of the P10 island by their own dedicated buffers; the south edge is the owner's own drawn line (extracted via the same ORB/homography technique used for P11/P11A), confirming the parcel stops well short of the two real buildings further south.", "digitization_method": "ADDED 2026-09-20 -- see P9's own record (same computation, mirrored at their shared straight boundary) for the full round-by-round history of what was tried and discarded on this pair. Specific to P7: the first street-buffer-only pass left a thin real gap in curb coverage near the roundabout crosswalk connecting through to paved plaza east of Owens St, which briefly (and wrongly) made the shape look like it crossed the street -- fixed with an explicit Owens St buffer and P10 buffer as hard cuts, then a 4m morphological open to remove the resulting thin sliver, rather than shrinking the bounding box (which had also cut the genuine north curve short in an earlier pass -- the two problems look similar but have different fixes: a real gap needs a hard cut at the specific real feature, not a smaller box).", "accuracy_caveat": "APPROXIMATE -- computed from real DataSF street/curb data plus the owner's own marked stopping line (not a surveyed parcel or GIS file from the project team). The north edge is exact real street-buffer boundary; the east edge is held off Owens St and the roundabout island by dedicated buffers rather than the generic street buffer alone. The south edge is the owner's own line, not a mapped street or parcel boundary -- there is real bare ground between it and the two buildings further south that isn't included here. The P9/P7 split is a straight line, not sourced to any drawn plan boundary. No named, funded project (e.g. an SF Rec & Park schematic, unlike P2) has been found specifically naming P7.", "why_no_real_parcel": null, "regulatory_context": null, "notes": "OCII plan parcel P7. Sits within the same open-space band as P2, P9 and the removed-pending-redo P8, immediately southwest of the Mission Bay Circle roundabout, east of P9. Currently bare, graded ground with construction staging materials visible.", "images": null, "source_doc_urls": [ ], "street_clip_exempt": null, "p_number": null }, "geometry": { "type": "Polygon", "coordinates": [ [ [ -122.396385187352678, 37.770334431550687 ], [ -122.396385187352493, 37.77033443155068 ], [ -122.396318109093158, 37.7703307253243 ], [ -122.396288635233603, 37.770323146453407 ], [ -122.396214309, 37.770303505 ], [ -122.396213304, 37.770303292 ], [ -122.396212319, 37.770303015 ], [ -122.396210376, 37.77030267 ], [ -122.396208445, 37.77030226 ], [ -122.396207428, 37.770302146 ], [ -122.396206417, 37.770301967 ], [ -122.396204455, 37.770301815 ], [ -122.396202487, 37.770301595 ], [ -122.396201455, 37.770301582 ], [ -122.396200441, 37.770301503 ], [ -122.396198471, 37.770301543 ], [ -122.396196493, 37.770301518 ], [ -122.396195475, 37.770301605 ], [ -122.396194447, 37.770301626 ], [ -122.396192489, 37.77030186 ], [ -122.39619052, 37.770302028 ], [ -122.396189506, 37.770302216 ], [ -122.396188495, 37.770302337 ], [ -122.396186571, 37.770302761 ], [ -122.396184626, 37.770303122 ], [ -122.396183646, 37.770303405 ], [ -122.396182641, 37.770303627 ], [ -122.396180748, 37.770304244 ], [ -122.396178868, 37.770304788 ], [ -122.396177926, 37.770305164 ], [ -122.396176941, 37.770305485 ], [ -122.396175124, 37.770306282 ], [ -122.3961733, 37.77030701 ], [ -122.396172388, 37.770307482 ], [ -122.396171452, 37.770307893 ], [ -122.396169738, 37.770308855 ], [ -122.396167977, 37.770309767 ], [ -122.396167751348557, 37.770309913765175 ], [ -122.396156301427908, 37.770315365562041 ], [ -122.39614057885818, 37.770316690068903 ], [ -122.396129120299733, 37.770313600297136 ], [ -122.396122207033059, 37.770309719260986 ], [ -122.396113602418581, 37.770301545775745 ], [ -122.39610937145271, 37.770294840954676 ], [ -122.396105697269931, 37.770283556202479 ], [ -122.396097514639223, 37.770199975479535 ], [ -122.396081600023024, 37.77008994457767 ], [ -122.396060298033802, 37.769981195615003 ], [ -122.396035301645895, 37.769879634972156 ], [ -122.396003212109306, 37.769771720774784 ], [ -122.395965864124733, 37.769665402532922 ], [ -122.395919822312251, 37.769552674781885 ], [ -122.395906439962843, 37.769523024716698 ], [ -122.395905163252721, 37.769511601376443 ], [ -122.395908575110781, 37.769496702413797 ], [ -122.395914695779069, 37.769486973071025 ], [ -122.395926649206316, 37.769477447555786 ], [ -122.395933766436954, 37.769474567809247 ], [ -122.395945141634883, 37.76947291627561 ], [ -122.396312282884992, 37.769472834048173 ], [ -122.396495694232726, 37.769456146618424 ], [ -122.396589054482774, 37.769450509951142 ], [ -122.396660091093025, 37.769443892671553 ], [ -122.396671682193343, 37.769445636504798 ], [ -122.396682270125012, 37.769450665447401 ], [ -122.396690945685407, 37.769458547656015 ], [ -122.396695290260695, 37.769465061808425 ], [ -122.396698282567982, 37.769472297526299 ], [ -122.3967, 37.769483892567827 ], [ -122.3967, 37.770223078469186 ], [ -122.396698369926526, 37.770234381067922 ], [ -122.396695526874993, 37.770241458924922 ], [ -122.396688885416694, 37.770250748537897 ], [ -122.396679889690816, 37.770257782938629 ], [ -122.396671014486046, 37.770261839739511 ], [ -122.396397345824255, 37.770333197034603 ], [ -122.39639734582029, 37.770333197035633 ], [ -122.396385187352678, 37.770334431550687 ] ] ] } },
{ "type": "Feature", "properties": { "project_name": "P23 -- landscaped plaza and lawn (north of the pavilion, toward Chase Center)", "site": "Mission Bay South", "status": "complete", "use": "park", "geometry_type": "approximate", "digitized_from": "Real-gap-fragment technique: bbox.difference(street buffer).difference(already-tracked polygons) around the UCSF Wayne and Gladys Valley Center for Vision / 499 Illinois St / Chase Center area (fragment 2, 19,181.78 sqm raw). The owner reviewed a 3-way width-scan split of that fragment (at its two real cross-sectional waists, lat 37.7658 and 37.76665) and then gave a precise construction: P23 is the north piece (piece2, the lawn wedge by the Chase Center roundabout) with its thin building-hugging 'panhandle' dropped, plus the part of the middle piece (piece1, the plaza) that lies east of the seam where piece2's lawn narrows into that panhandle, extended south.", "digitization_method": "ADDED 2026-09-20: the owner corrected the prior resolution (which had P23 'landing exactly inside the already-tracked real footprint of Chase Center, not a separate undeveloped parcel'). Re-derived via the numbered real-gap-fragment technique: fragment 2 (19,181.78 sqm) was first split into 3 pieces at real cross-sectional width-scan waists (piece0 south lawn, piece1 middle plaza, piece2 north lawn -- same nseg/width-minimum method used for P26). The owner then specified P23's exact construction: take piece2, cut off its 'panhandle' (the ~850 sqm sliver hugging the Vision Center building's stepped roofline, cut at the point (lon -122.386948, lat 37.766912) where piece2's cross-section narrows from the open lawn into that sliver), keeping only the wide main lawn body (2,283 sqm); then extend that same narrowing seam (a vertical cut at lon -122.386948) south through piece1, and add the portion of piece1 east of it (4,497 sqm, the open tree-lined plaza around the pavilion, as opposed to the ~4,087 sqm west portion that hugs both buildings and the pavilion itself, which stays unassigned). Result: 6,780 sqm, a continuous landscaped plaza/lawn from the Chase Center roundabout down to the pavilion.", "accuracy_caveat": "APPROXIMATE -- real landscaped/paved open land per Esri satellite imagery and the street/already-tracked-polygon-bounded gap computation, divided at owner-specified cross-sectional seams rather than a surveyed parcel boundary. Name and operator not confirmed by any source found in this pass. The remaining ~5,785 sqm of the original fragment (the building-hugging plaza strip, the panhandle, and P24's own dropped horns) is deliberately left untracked as its own P-number pending further review.", "why_no_real_parcel": null, "regulatory_context": null, "notes": "OCII plan open-space parcel P23. Landscaped lawn and plaza between the Chase Center roundabout and the pavilion, east of the UCSF Wayne and Gladys Valley Center for Vision.", "images": null, "source_doc_urls": [ ], "street_clip_exempt": null, "p_number": null }, "geometry": { "type": "Polygon", "coordinates": [ [ [ -122.386617121918462, 37.7658 ], [ -122.386948, 37.7658 ], [ -122.386948, 37.765812268941175 ], [ -122.3868934, 37.7659183 ], [ -122.3868934, 37.7659184 ], [ -122.386948, 37.76592830130776 ], [ -122.386948, 37.766634336435324 ], [ -122.386886509597517, 37.76665 ], [ -122.3868606, 37.7666566 ], [ -122.3869482, 37.7669116 ], [ -122.386389718599332, 37.767 ], [ -122.386190573870522, 37.767 ], [ -122.386165445, 37.766699042 ], [ -122.386189969033126, 37.76665 ], [ -122.386302897, 37.766424172 ], [ -122.386617121918462, 37.7658 ] ] ] } },
{ "type": "Feature", "properties": { "project_name": "P24 -- waterfront lawn (Bayfront Park approach, south of 499 Illinois St)", "site": "Mission Bay South", "status": "complete", "use": "park", "geometry_type": "approximate", "digitized_from": "Real-gap-fragment technique: bbox.difference(street buffer).difference(already-tracked polygons) around the 499 Illinois St / Bayfront Park area (fragment 2, 19,181.78 sqm raw). The owner reviewed a 3-way width-scan split of that fragment (at its two real cross-sectional waists, lat 37.7658 and 37.76665) and then directed the same fork-cut technique used for P26: keep the wide single-segment 'head', drop the thin multi-segment 'horns'.", "digitization_method": "ADDED 2026-09-20: the owner corrected the prior resolution (which had P24 'landing exactly inside the already-tracked real footprint of 499 Illinois Street / Alexandria Center, not a separate undeveloped parcel'). Re-derived via the numbered real-gap-fragment technique: fragment 2 (19,181.78 sqm) was first split into 3 pieces at real cross-sectional width-scan waists (piece0 south lawn, piece1 middle plaza, piece2 north lawn). P24 = piece0 (the south lawn, 7,464 sqm), then cut with the same nseg-based fork technique as P26: a width-cross-section scan found the cross-section splits from a single segment into 2-3 separate segments at lat 37.76562 (the point where the 499 Illinois St building's stepped corner intrudes from the north), matching a 'head with two horns' shape -- kept only the single-segment head south of that latitude (6,616 sqm, the clean triangular Bayfront-Park-style lawn with its curved path) and dropped both thin sidewalk-hugging horns above it (848 sqm total, hugging the UCSF parking structure to the west and 499 Illinois St to the east).", "accuracy_caveat": "APPROXIMATE -- real landscaped open land (lawn, curved path, scattered trees) per Esri satellite imagery and the street/already-tracked-polygon-bounded gap computation, cut at an owner-directed cross-sectional fork point rather than a surveyed parcel boundary. Name and operator not confirmed by any source found in this pass; visually resembles Bayfront Park's own style and may be a continuation of it.", "why_no_real_parcel": null, "regulatory_context": null, "notes": "OCII plan open-space parcel P24. Triangular waterfront lawn south of 499 Illinois St, along Terry Francois Blvd, adjoining the Bayfront Park path.", "images": null, "source_doc_urls": [ ], "street_clip_exempt": null, "p_number": null }, "geometry": { "type": "Polygon", "coordinates": [ [ [ -122.387420685454117, 37.7648 ], [ -122.387862495211323, 37.7648 ], [ -122.387936508913654, 37.765565121605576 ], [ -122.387941817551024, 37.76562 ], [ -122.387910851629613, 37.76562 ], [ -122.3879105, 37.7656163 ], [ -122.3879104, 37.7656161 ], [ -122.387848355314588, 37.76562 ], [ -122.386734913142533, 37.76562 ], [ -122.387420685454117, 37.7648 ] ] ] } },
{ "type": "Feature", "properties": { "project_name": "25B -- surface parking lot (east of Mission Hall, toward 3rd St)", "site": "Mission Bay South", "status": "planned", "use": "parking", "geometry_type": "approximate", "digitized_from": "Real-gap-fragment technique: bbox.difference(street buffer).difference(already-tracked polygons) around the Mission Hall/Byers Hall area, anchored on the real 4th St x 16th St and 3rd St x 16th St street-corner intersections per the owner's direct instruction (earlier attempts using building bounding boxes had repeatedly mis-centered on the wrong block). Fragment 14 (7,505 sqm raw) spans the whole plan block from Mission Hall's own footprint east toward 3rd St; the owner identified it as 25A+25B combined, with Mission Hall itself being 25A and this record -- the part east of Mission Hall, idealized as a clean rectangle -- being 25B.", "digitization_method": "ADDED 2026-09-20: the owner corrected the prior resolution (which had 25A and 25B both lumped in as 'same hospital complex, absorbed into UCSF Medical Center'), and a same-day first-pass correction that mistakenly anchored on the 4th St x 16th St corner and pointed 25A/25B at Genentech Hall/Mission Hall (wrong block entirely, one row too far north/west; corrected without the owner's review, then reverted per their direct instruction not to commit un-reviewed conclusions). Re-anchored correctly at the owner's direction on both the 4th St x 16th St AND 3rd St x 16th St street corners: the real block spanning between them (fragment 14, 7,505 sqm) contains Mission Hall (already tracked, real building, = 25A) on its west portion and a real, still-undeveloped surface parking lot on its east portion. Per the owner's construction: cropped fragment 14 to a clean idealized rectangle bounded west by Mission Hall's own east edge, east/north/south by fragment 14's own extent -- 5,259 sqm, currently a painted-stall surface parking lot per satellite imagery, still planned/unbuilt per the OCII plan designation.", "accuracy_caveat": "APPROXIMATE -- idealized rectangle (owner-directed, not a hand trace of the lot's own painted edges) anchored on real street-corner intersections and the real, already-tracked Mission Hall footprint. The lot itself is real (visible painted parking stalls in Esri satellite imagery); the exact boundary is idealized to a clean rectangle rather than traced to the pavement's own edges.", "why_no_real_parcel": null, "regulatory_context": null, "notes": "OCII plan block 25B. Surface parking lot immediately east of Mission Hall (Global Health & Clinical Sciences Building), between it and 3rd St, north of 16th St. Currently undeveloped/planned per the OCII plan designation.", "images": null, "source_doc_urls": [ ], "street_clip_exempt": null, "p_number": null }, "geometry": { "type": "Polygon", "coordinates": [ [ [ -122.3898653, 37.767778372667017 ], [ -122.389341932, 37.767809899 ], [ -122.389266569, 37.767021393 ], [ -122.389265653, 37.76701519 ], [ -122.389264971039537, 37.767012511530865 ], [ -122.389265296, 37.767012264 ], [ -122.389265839, 37.767011864 ], [ -122.389266392, 37.76701147 ], [ -122.389266956, 37.767011083 ], [ -122.389267527, 37.767010705 ], [ -122.389268109, 37.767010333 ], [ -122.389268703, 37.767009966 ], [ -122.389269305, 37.767009608 ], [ -122.389269915, 37.767009258 ], [ -122.389270535, 37.767008916 ], [ -122.389271163, 37.767008581 ], [ -122.389271799, 37.767008255 ], [ -122.389272442, 37.767007937 ], [ -122.389273096, 37.767007628 ], [ -122.389273756, 37.767007327 ], [ -122.389274425, 37.767007034 ], [ -122.389275102, 37.76700675 ], [ -122.389275784, 37.767006476 ], [ -122.389276474, 37.767006211 ], [ -122.389277173, 37.767005954 ], [ -122.389277876, 37.767005707 ], [ -122.389278585, 37.76700547 ], [ -122.3892793, 37.767005242 ], [ -122.38928002, 37.767005025 ], [ -122.389280748, 37.767004816 ], [ -122.389281482, 37.767004617 ], [ -122.389282218, 37.767004429 ], [ -122.389282959, 37.767004251 ], [ -122.389283705, 37.767004082 ], [ -122.389284457, 37.767003924 ], [ -122.389285211, 37.767003776 ], [ -122.38928597, 37.767003639 ], [ -122.389286731, 37.767003512 ], [ -122.389287496, 37.767003396 ], [ -122.389288265, 37.76700329 ], [ -122.389289035, 37.767003194 ], [ -122.389289807, 37.76700311 ], [ -122.389290579, 37.767003036 ], [ -122.389291355, 37.767002973 ], [ -122.389292167, 37.767002919 ], [ -122.3898653, 37.766968282597411 ], [ -122.3898653, 37.767778372667017 ] ] ] } },
{ "type": "Feature", "properties": { "project_name": "3E -- plan block east of Venue, toward 3rd St", "site": "Mission Bay South", "status": "planned", "use": "residential", "geometry_type": "approximate", "digitized_from": "Owner-directed construction, not a hand trace: Venue's own minimum-rotated-rectangle east edge (72.07m, the edge facing 3rd St) extended east as a rectangle of the same length and orientation, widened until it reaches the real 3rd St curb line (src/street_geometry.py buffer, half-width 6.8m).", "digitization_method": "ADDED 2026-09-20: the owner corrected the prior resolution (which had 3E absorbed into Venue -- 'the real building spans the plan's 3W/3E line as one development, not two'). The owner identified 3E as a separate real plan block east of Venue, initially pointing at real-gap-fragments 6+7 (a jagged sliver hugging a structure visible in satellite imagery between Venue and 3rd St). Construction went through two corrections from the owner: (1) an axis-aligned bounding box of fragments 6+7 wrongly cut across Venue's own diagonal orientation and overlapped neighboring land -- corrected by using Venue's own minimum-rotated-rectangle east edge as the shared border instead, matching its exact length (72.07m) and rotation, with depth set so the area matched fragments 6+7 (3,030 sqm); (2) the owner then directed widening the rectangle further east to the real 3rd St curb line rather than stopping at the fragment-matched depth, giving the final 4,682 sqm shown here.", "accuracy_caveat": "APPROXIMATE -- an idealized rectangle (owner-directed construction: shares Venue's real east edge and orientation, widened to the real 3rd St curb line) not a hand trace or surveyed footprint. Esri satellite imagery shows what appears to be a real structure across much of this area (a roof pattern resembling built construction, not open land or a parking lot), but its name, address, and completion status are NOT confirmed by any source checked in this pass -- flagged here rather than guessed. status/use are carried over from the OCII plan designation (a residential block on the 3W/3E line, matching Venue), not independently confirmed for this specific structure.", "why_no_real_parcel": null, "regulatory_context": null, "notes": "OCII plan block 3E. East of Venue (1155 4th St / 3W), toward 3rd St. Previously assumed absorbed into Venue's own footprint; the owner's review found it real and separate.", "images": null, "source_doc_urls": [ ], "street_clip_exempt": null, "p_number": null }, "geometry": { "type": "MultiPolygon", "coordinates": [ [ [ [ -122.390621824928388, 37.773603161395194 ], [ -122.390407736977352, 37.773611233672227 ], [ -122.389984825, 37.773274111 ], [ -122.389984425, 37.773273811 ], [ -122.389983455, 37.773273121 ], [ -122.389983328, 37.773273034 ], [ -122.389982343, 37.773272359 ], [ -122.389982223, 37.773272278 ], [ -122.389981222, 37.773271617 ], [ -122.389981099, 37.773271537 ], [ -122.389980084, 37.773270889 ], [ -122.389979963, 37.773270813 ], [ -122.389978934, 37.77327018 ], [ -122.38997881, 37.773270105 ], [ -122.389977767, 37.773269486 ], [ -122.389977644, 37.773269415 ], [ -122.389976588, 37.77326881 ], [ -122.389976464, 37.773268741 ], [ -122.389975395, 37.773268151 ], [ -122.38997527, 37.773268083 ], [ -122.389974188, 37.773267509 ], [ -122.389974063, 37.773267443 ], [ -122.389972968, 37.773266884 ], [ -122.389972846, 37.773266823 ], [ -122.389971739, 37.773266278 ], [ -122.389971615, 37.773266218 ], [ -122.389970496, 37.773265689 ], [ -122.389970369, 37.77326563 ], [ -122.389969238, 37.773265117 ], [ -122.389969115, 37.773265062 ], [ -122.389967975, 37.773264564 ], [ -122.38996785, 37.773264511 ], [ -122.389966698, 37.773264029 ], [ -122.389966574, 37.773263979 ], [ -122.389965412, 37.773263513 ], [ -122.389965288, 37.773263464 ], [ -122.389964115, 37.773263014 ], [ -122.389963987, 37.773262966 ], [ -122.389962805, 37.773262533 ], [ -122.389962682, 37.773262489 ], [ -122.389961491, 37.773262072 ], [ -122.389961365, 37.773262029 ], [ -122.389960165, 37.773261629 ], [ -122.38996004, 37.773261589 ], [ -122.389958831, 37.773261205 ], [ -122.389958707, 37.773261166 ], [ -122.38995749, 37.7732608 ], [ -122.389957364, 37.773260763 ], [ -122.389956139, 37.773260413 ], [ -122.389956015, 37.773260378 ], [ -122.389954782, 37.773260045 ], [ -122.389954655, 37.773260012 ], [ -122.389953416, 37.773259697 ], [ -122.389953292, 37.773259666 ], [ -122.389952046, 37.773259368 ], [ -122.389951921, 37.773259339 ], [ -122.389950668, 37.773259057 ], [ -122.389950544, 37.77325903 ], [ -122.389949285, 37.773258766 ], [ -122.389949157, 37.773258741 ], [ -122.389947892, 37.773258495 ], [ -122.389947771, 37.773258472 ], [ -122.389946501, 37.773258243 ], [ -122.389946374, 37.773258221 ], [ -122.3899451, 37.77325801 ], [ -122.389944978, 37.773257991 ], [ -122.389943699, 37.773257797 ], [ -122.389943572, 37.773257779 ], [ -122.389942289, 37.773257603 ], [ -122.389942166, 37.773257587 ], [ -122.38994088, 37.773257429 ], [ -122.389940753, 37.773257415 ], [ -122.389939463, 37.773257275 ], [ -122.389939338, 37.773257262 ], [ -122.389938046, 37.77325714 ], [ -122.389937921, 37.773257129 ], [ -122.389936625, 37.773257025 ], [ -122.389936503, 37.773257016 ], [ -122.389935206, 37.77325693 ], [ -122.389935079, 37.773256922 ], [ -122.38993378, 37.773256854 ], [ -122.389933656, 37.773256848 ], [ -122.389932355, 37.773256798 ], [ -122.389932231, 37.773256794 ], [ -122.38993093, 37.773256762 ], [ -122.389930806, 37.77325676 ], [ -122.389929504, 37.773256746 ], [ -122.389929381, 37.773256745 ], [ -122.389928079, 37.773256749 ], [ -122.389927953, 37.77325675 ], [ -122.389926651, 37.773256772 ], [ -122.389926527, 37.773256775 ], [ -122.389925226, 37.773256815 ], [ -122.389925102, 37.773256819 ], [ -122.389923802, 37.773256877 ], [ -122.389923674, 37.773256884 ], [ -122.389922376, 37.77325696 ], [ -122.389922256, 37.773256968 ], [ -122.38992096, 37.773257061 ], [ -122.389920833, 37.773257071 ], [ -122.389919539, 37.773257183 ], [ -122.389919412, 37.773257195 ], [ -122.38991812, 37.773257325 ], [ -122.389917998, 37.773257338 ], [ -122.389916709, 37.773257486 ], [ -122.389916584, 37.773257501 ], [ -122.389915299, 37.773257667 ], [ -122.389915175, 37.773257684 ], [ -122.389913893, 37.773257867 ], [ -122.389913769, 37.773257886 ], [ -122.389912492, 37.773258086 ], [ -122.389912367, 37.773258107 ], [ -122.389911094, 37.773258326 ], [ -122.38991097, 37.773258348 ], [ -122.389909702, 37.773258584 ], [ -122.38990958, 37.773258608 ], [ -122.389908318, 37.773258861 ], [ -122.389908188, 37.773258888 ], [ -122.389906932, 37.77325916 ], [ -122.389906811, 37.773259187 ], [ -122.38990556, 37.773259475 ], [ -122.389905432, 37.773259506 ], [ -122.389904188, 37.773259812 ], [ -122.389904066, 37.773259843 ], [ -122.389902829, 37.773260166 ], [ -122.389902704, 37.773260199 ], [ -122.389901475, 37.773260539 ], [ -122.389901348, 37.773260575 ], [ -122.389900127, 37.773260933 ], [ -122.389900004, 37.773260969 ], [ -122.38989879, 37.773261343 ], [ -122.389898662, 37.773261384 ], [ -122.389897457, 37.773261775 ], [ -122.389897333, 37.773261816 ], [ -122.389896136, 37.773262223 ], [ -122.389896016, 37.773262265 ], [ -122.389894828, 37.773262689 ], [ -122.389894697, 37.773262736 ], [ -122.38989352, 37.773263177 ], [ -122.389893397, 37.773263224 ], [ -122.389892229, 37.77326368 ], [ -122.389892102, 37.773263731 ], [ -122.389890944, 37.773264204 ], [ -122.389890823, 37.773264254 ], [ -122.389889675, 37.773264743 ], [ -122.38988955, 37.773264797 ], [ -122.389888414, 37.773265301 ], [ -122.389888288, 37.773265359 ], [ -122.389887162, 37.773265879 ], [ -122.389887037, 37.773265938 ], [ -122.389885924, 37.773266473 ], [ -122.389885801, 37.773266534 ], [ -122.389884699, 37.773267084 ], [ -122.389884573, 37.773267149 ], [ -122.389883484, 37.773267715 ], [ -122.389883362, 37.77326778 ], [ -122.389882285, 37.773268361 ], [ -122.389882158, 37.77326843 ], [ -122.389881095, 37.773269027 ], [ -122.389880975, 37.773269095 ], [ -122.389879924, 37.773269705 ], [ -122.389879798, 37.77326978 ], [ -122.389878761, 37.773270405 ], [ -122.38987864, 37.77327048 ], [ -122.389877617, 37.773271119 ], [ -122.389877492, 37.773271198 ], [ -122.389876483, 37.773271852 ], [ -122.389876365, 37.77327193 ], [ -122.38987537, 37.773272597 ], [ -122.389875243, 37.773272683 ], [ -122.389874264, 37.773273365 ], [ -122.389874145, 37.773273449 ], [ -122.389873181, 37.773274143 ], [ -122.38987306, 37.773274232 ], [ -122.389872111, 37.773274939 ], [ -122.38987199, 37.773275031 ], [ -122.389871057, 37.773275752 ], [ -122.389870936, 37.773275846 ], [ -122.389870019, 37.77327658 ], [ -122.389869903, 37.773276675 ], [ -122.389869002, 37.773277421 ], [ -122.389868881, 37.773277523 ], [ -122.389867997, 37.773278281 ], [ -122.38986788, 37.773278383 ], [ -122.389867012, 37.773279154 ], [ -122.389866895, 37.77327926 ], [ -122.389866044, 37.773280042 ], [ -122.389865928, 37.773280152 ], [ -122.389865095, 37.773280946 ], [ -122.389864984, 37.773281054 ], [ -122.389864903025455, 37.773281133882975 ], [ -122.389859325128754, 37.773222783255854 ], [ -122.389844934364788, 37.772984321536853 ], [ -122.389941885083957, 37.772980665968852 ], [ -122.390616722502529, 37.773518611801713 ], [ -122.390621824928388, 37.773603161395194 ] ] ], [ [ [ -122.390582800000018, 37.7729565 ], [ -122.390615265848055, 37.773494474352837 ], [ -122.389969406738246, 37.772979628253196 ], [ -122.390582800000018, 37.7729565 ] ] ], [ [ [ -122.389898294387976, 37.773630442421215 ], [ -122.389867442962029, 37.773307704273144 ], [ -122.389867587, 37.773307403 ], [ -122.389867989, 37.773306606 ], [ -122.389868408, 37.773305814 ], [ -122.389868846, 37.773305025 ], [ -122.389869301, 37.773304242 ], [ -122.389869775, 37.773303465 ], [ -122.389870267, 37.77330269 ], [ -122.389870778, 37.77330192 ], [ -122.389871305, 37.773301159 ], [ -122.389871851, 37.773300403 ], [ -122.389872415, 37.773299651 ], [ -122.389872996, 37.773298906 ], [ -122.389873595, 37.773298169 ], [ -122.389874211, 37.773297438 ], [ -122.389874844, 37.773296714 ], [ -122.389875497, 37.773295996 ], [ -122.389876165, 37.773295286 ], [ -122.389876847, 37.773294588 ], [ -122.389877549, 37.773293895 ], [ -122.389878268, 37.773293209 ], [ -122.389879002, 37.773292534 ], [ -122.389879752, 37.773291867 ], [ -122.389880518, 37.773291211 ], [ -122.3898813, 37.773290563 ], [ -122.389882099, 37.773289924 ], [ -122.389882911, 37.773289297 ], [ -122.38988374, 37.77328868 ], [ -122.389884584, 37.773288071 ], [ -122.38988544, 37.773287476 ], [ -122.389886312, 37.773286891 ], [ -122.389887199, 37.773286316 ], [ -122.389888099, 37.773285754 ], [ -122.389889012, 37.773285204 ], [ -122.38988994, 37.773284665 ], [ -122.38989088, 37.773284138 ], [ -122.389891832, 37.773283624 ], [ -122.389892797, 37.773283122 ], [ -122.389893774, 37.773282634 ], [ -122.389894764, 37.773282158 ], [ -122.389895763, 37.773281696 ], [ -122.389896774, 37.773281247 ], [ -122.389897798, 37.773280811 ], [ -122.389898832, 37.773280389 ], [ -122.389899875, 37.773279982 ], [ -122.389900926, 37.773279589 ], [ -122.389901988, 37.77327921 ], [ -122.389903062, 37.773278844 ], [ -122.389904142, 37.773278494 ], [ -122.38990523, 37.773278159 ], [ -122.389906327, 37.773277838 ], [ -122.389907431, 37.773277533 ], [ -122.389908544, 37.773277242 ], [ -122.389909662, 37.773276967 ], [ -122.389910787, 37.773276707 ], [ -122.389911919, 37.773276463 ], [ -122.389913055, 37.773276235 ], [ -122.389914199, 37.773276022 ], [ -122.389915347, 37.773275824 ], [ -122.389916499, 37.773275643 ], [ -122.389917656, 37.773275478 ], [ -122.389918816, 37.773275328 ], [ -122.389919981, 37.773275195 ], [ -122.389921149, 37.773275077 ], [ -122.389922316, 37.773274976 ], [ -122.38992349, 37.773274892 ], [ -122.389924664, 37.773274823 ], [ -122.389925838, 37.773274771 ], [ -122.389927015, 37.773274734 ], [ -122.389928192, 37.773274715 ], [ -122.389929369, 37.773274711 ], [ -122.389930547, 37.773274724 ], [ -122.389931724, 37.773274753 ], [ -122.389932901, 37.773274799 ], [ -122.389934075, 37.77327486 ], [ -122.389935248, 37.773274939 ], [ -122.38993642, 37.773275033 ], [ -122.389937587, 37.773275143 ], [ -122.389938752, 37.773275269 ], [ -122.389939914, 37.773275412 ], [ -122.389941073, 37.773275571 ], [ -122.389942227, 37.773275745 ], [ -122.389943377, 37.773275936 ], [ -122.389944523, 37.773276142 ], [ -122.389945662, 37.773276364 ], [ -122.389946795, 37.773276601 ], [ -122.389947923, 37.773276855 ], [ -122.389949046, 37.773277123 ], [ -122.38995016, 37.773277407 ], [ -122.389951267, 37.773277706 ], [ -122.389952368, 37.77327802 ], [ -122.38995346, 37.77327835 ], [ -122.389954544, 37.773278694 ], [ -122.38995562, 37.773279052 ], [ -122.389956687, 37.773279426 ], [ -122.389957743, 37.773279812 ], [ -122.389958789, 37.773280214 ], [ -122.389959827, 37.77328063 ], [ -122.389960855, 37.77328106 ], [ -122.389961872, 37.773281503 ], [ -122.389962877, 37.77328196 ], [ -122.38996387, 37.773282429 ], [ -122.389964853, 37.773282913 ], [ -122.389965823, 37.773283409 ], [ -122.38996678, 37.773283917 ], [ -122.389967725, 37.773284438 ], [ -122.389968658, 37.773284972 ], [ -122.389969578, 37.773285518 ], [ -122.389970484, 37.773286076 ], [ -122.389971376, 37.773286645 ], [ -122.389972255, 37.773287226 ], [ -122.389973118, 37.773287817 ], [ -122.389973822, 37.773288316 ], [ -122.39038021562223, 37.773612271376599 ], [ -122.389898294387976, 37.773630442421215 ] ] ] ] } },
{ "type": "Feature", "properties": { "project_name": "UCSF Neurosurgery at San Francisco Mission Bay", "site": "Mission Bay South", "status": "complete", "use": "institutional", "geometry_type": "approximate", "digitized_from": "Owner-directed construction, not a hand trace: real-gap-fragment 2 (11,626 sqm raw, from the numbered real-gap-fragment map for this area), idealized to a proper rectangle sharing Third Street Garage's own minimum-rotated-rectangle west edge and orientation, with the north walkway strip (a real gap fragment pinch point, width dropping to ~2m) cut off.", "digitization_method": "ADDED 2026-09-20: the owner corrected the prior resolution (block_inventory 23A had pointed at Genentech Hall). The owner directly identified the real building here as UCSF Neurosurgery at San Francisco Mission Bay, west of and adjacent to Third Street Garage. Construction: took real-gap-fragment 2, cut off its north walkway strip at the point the fragment's cross-sectional width pinches to ~2m (lat 37.76878), excluded the portion overlapping/east of Third Street Garage's own real footprint, then idealized the remainder into a proper rectangle aligned with Third Street Garage's own minimum-rotated-rectangle orientation (sharing its exact west edge as the shared border) per the owner's direct instruction. Result: 8,027 sqm.", "accuracy_caveat": "APPROXIMATE -- an idealized rectangle (owner-directed construction: real-gap-fragment shape cut and aligned to Third Street Garage's own real orientation), not a hand-traced or surveyed footprint. The building's identity (UCSF Neurosurgery at San Francisco Mission Bay) and adjacency to Third Street Garage are from the owner's direct knowledge; not independently corroborated by a primary source in this pass.", "why_no_real_parcel": null, "regulatory_context": null, "notes": "OCII plan block 23A. Previously mismapped to Genentech Hall (a different, separate building further west); Genentech Hall's own real plan-block correlation is now an open question pending future review.", "images": null, "source_doc_urls": [ ], "street_clip_exempt": null, "p_number": null }, "geometry": { "type": "Polygon", "coordinates": [ [ [ -122.389847016119319, 37.767901866722148 ], [ -122.390825086256612, 37.767842950429227 ], [ -122.390835222756209, 37.767842368830358 ], [ -122.390912629780885, 37.768652059090982 ], [ -122.390913543590358, 37.768662011253475 ], [ -122.389922295370567, 37.768721721813066 ], [ -122.389847016119319, 37.767901866722148 ] ] ] } },
{ "type": "Feature", "properties": { "project_name": "Mission Bay South Block 33 (unnamed UCSF building)", "site": "Mission Bay South", "status": "complete", "use": "institutional", "geometry_type": "approximate", "digitized_from": "Real-gap-fragment technique: bbox.difference(street buffer).difference(already-tracked polygons) between 3rd St and Illinois St, south of 16th St. The owner directly identified this whole real-gap fragment (fragment 6, 12,421 sqm raw) as capturing two separate real buildings, not one, and directed cutting it at the visible gap between the two rooflines in Esri satellite imagery (lat 37.76578).", "digitization_method": "ADDED 2026-09-20: the owner corrected the block_inventory rows for 33 and 34, which had pointed at 490/499 Illinois Street -- real buildings, but 82-84m from 3rd St, too far to be the blocks the OCII plan drawing shows bordering 3rd St directly (they actually front Illinois St, matching their own address). The real 33/34 strip (between 3rd St and Illinois St) had no tracked record at all. This is the north building (33): the real-gap-fragment split north of the visible gap between the two rooflines, 7,118 sqm.", "accuracy_caveat": "REAL BUILDING, APPROXIMATE BOUNDARY -- a real, standing structure clearly visible in Esri satellite imagery (not open land), but its own name/address/operator are NOT confirmed by any source checked in this pass -- flagged here rather than guessed. Boundary is the real-gap-fragment's own traced edge (following the street buffer's curb radius), not a hand-traced or surveyed building footprint.", "why_no_real_parcel": null, "regulatory_context": null, "notes": "OCII plan block 33. Between 3rd St and Illinois St, south of 16th St, immediately east of UCSF Medical Center at Mission Bay (across 3rd St). Name/operator not yet confirmed.", "images": null, "source_doc_urls": [ ], "street_clip_exempt": null, "p_number": null }, "geometry": { "type": "Polygon", "coordinates": [ [ [ -122.388939396, 37.76678457 ], [ -122.38893942, 37.766784948 ], [ -122.388939435, 37.76678533 ], [ -122.388939443, 37.766785704 ], [ -122.388939441, 37.766786082 ], [ -122.388939432, 37.76678646 ], [ -122.388939414, 37.766786834 ], [ -122.388939388, 37.766787215 ], [ -122.388939353, 37.766787596 ], [ -122.38893931, 37.766787973 ], [ -122.38893926, 37.766788346 ], [ -122.3889392, 37.766788724 ], [ -122.388939131, 37.766789103 ], [ -122.388939055, 37.766789477 ], [ -122.38893897, 37.766789857 ], [ -122.388938876, 37.766790235 ], [ -122.388938775, 37.76679061 ], [ -122.388938664, 37.766790986 ], [ -122.388938544, 37.766791363 ], [ -122.388938416, 37.766791738 ], [ -122.38893828, 37.766792111 ], [ -122.388938134, 37.766792486 ], [ -122.38893798, 37.76679286 ], [ -122.388937815, 37.766793236 ], [ -122.388937644, 37.766793607 ], [ -122.388937463, 37.766793978 ], [ -122.388937274, 37.766794348 ], [ -122.388937074, 37.766794718 ], [ -122.388936866, 37.766795087 ], [ -122.388936651, 37.766795451 ], [ -122.388936422, 37.76679582 ], [ -122.388936187, 37.766796185 ], [ -122.388935945, 37.766796544 ], [ -122.388935691, 37.766796905 ], [ -122.388935428, 37.766797265 ], [ -122.388935158, 37.76679762 ], [ -122.388934879, 37.766797972 ], [ -122.388934589, 37.766798325 ], [ -122.388934287, 37.766798677 ], [ -122.38893398, 37.766799024 ], [ -122.388933666, 37.766799365 ], [ -122.388933341, 37.766799706 ], [ -122.388933006, 37.766800044 ], [ -122.388932663, 37.766800379 ], [ -122.388932311, 37.76680071 ], [ -122.388931951, 37.766801038 ], [ -122.388931582, 37.766801361 ], [ -122.388931205, 37.76680168 ], [ -122.38893082, 37.766801995 ], [ -122.388930426, 37.766802306 ], [ -122.388930024, 37.766802612 ], [ -122.388929613, 37.766802915 ], [ -122.388929194, 37.766803213 ], [ -122.388928769, 37.766803505 ], [ -122.388928335, 37.766803793 ], [ -122.388927894, 37.766804075 ], [ -122.388927445, 37.766804351 ], [ -122.388926988, 37.766804624 ], [ -122.388926524, 37.76680489 ], [ -122.388926053, 37.76680515 ], [ -122.388925575, 37.766805405 ], [ -122.388925092, 37.766805653 ], [ -122.388924603, 37.766805893 ], [ -122.388924104, 37.76680613 ], [ -122.388923598, 37.766806361 ], [ -122.388923089, 37.766806583 ], [ -122.388922575, 37.766806799 ], [ -122.388922055, 37.766807008 ], [ -122.388921526, 37.766807211 ], [ -122.38892099, 37.766807408 ], [ -122.388920454, 37.766807597 ], [ -122.388919913, 37.766807778 ], [ -122.388919366, 37.766807952 ], [ -122.388918813, 37.766808119 ], [ -122.388918256, 37.766808278 ], [ -122.388917696, 37.76680843 ], [ -122.38891713, 37.766808575 ], [ -122.388916562, 37.766808712 ], [ -122.388915989, 37.766808841 ], [ -122.388915415, 37.766808962 ], [ -122.388914837, 37.766809075 ], [ -122.388914255, 37.76680918 ], [ -122.38891367, 37.766809277 ], [ -122.388913081, 37.766809367 ], [ -122.388912493, 37.766809449 ], [ -122.388911904, 37.766809521 ], [ -122.38891131, 37.766809586 ], [ -122.388910715, 37.766809643 ], [ -122.388910119, 37.766809691 ], [ -122.388909489, 37.766809734 ], [ -122.388295375, 37.766846839 ], [ -122.388294597, 37.766846881 ], [ -122.388293816, 37.766846912 ], [ -122.388293035, 37.766846932 ], [ -122.388292253, 37.766846942 ], [ -122.388291475, 37.766846941 ], [ -122.388290693, 37.766846929 ], [ -122.38828991, 37.766846906 ], [ -122.38828913, 37.766846872 ], [ -122.388288353, 37.766846828 ], [ -122.388287577, 37.766846773 ], [ -122.388286798, 37.766846707 ], [ -122.388286022, 37.76684663 ], [ -122.388285253, 37.766846543 ], [ -122.388284483, 37.766846445 ], [ -122.388283716, 37.766846337 ], [ -122.388282952, 37.766846217 ], [ -122.38828219, 37.766846088 ], [ -122.388281435, 37.766845948 ], [ -122.38828068, 37.766845797 ], [ -122.388279929, 37.766845637 ], [ -122.388279185, 37.766845466 ], [ -122.388278446, 37.766845286 ], [ -122.38827771, 37.766845094 ], [ -122.388276976, 37.766844892 ], [ -122.388276251, 37.766844682 ], [ -122.388275533, 37.766844462 ], [ -122.388274819, 37.766844232 ], [ -122.388274111, 37.766843992 ], [ -122.388273409, 37.766843742 ], [ -122.388272714, 37.766843483 ], [ -122.388272024, 37.766843215 ], [ -122.388271343, 37.766842939 ], [ -122.38827067, 37.766842653 ], [ -122.388270003, 37.766842358 ], [ -122.388269344, 37.766842055 ], [ -122.388268694, 37.766841743 ], [ -122.38826805, 37.766841423 ], [ -122.388267417, 37.766841095 ], [ -122.388266791, 37.766840758 ], [ -122.388266173, 37.766840414 ], [ -122.388265565, 37.766840061 ], [ -122.388264966, 37.766839702 ], [ -122.388264378, 37.766839335 ], [ -122.388263795, 37.76683896 ], [ -122.388263225, 37.766838579 ], [ -122.388262666, 37.766838191 ], [ -122.388262116, 37.766837796 ], [ -122.388261574, 37.766837394 ], [ -122.388261045, 37.766836987 ], [ -122.388260524, 37.766836571 ], [ -122.388260014, 37.766836151 ], [ -122.388259517, 37.766835726 ], [ -122.388259029, 37.766835294 ], [ -122.388258553, 37.766834857 ], [ -122.388258089, 37.766834417 ], [ -122.388257634, 37.766833969 ], [ -122.38825719, 37.766833516 ], [ -122.388256758, 37.76683306 ], [ -122.388256337, 37.766832598 ], [ -122.388255928, 37.766832132 ], [ -122.388255532, 37.766831665 ], [ -122.388255147, 37.766831192 ], [ -122.388254772, 37.766830714 ], [ -122.388254412, 37.766830235 ], [ -122.388254061, 37.766829751 ], [ -122.388253723, 37.766829264 ], [ -122.388253396, 37.766828774 ], [ -122.38825308, 37.76682828 ], [ -122.388252777, 37.766827784 ], [ -122.388252487, 37.766827288 ], [ -122.388252209, 37.766826789 ], [ -122.388251941, 37.766826285 ], [ -122.388251685, 37.766825781 ], [ -122.388251443, 37.766825277 ], [ -122.388251211, 37.766824767 ], [ -122.388250991, 37.766824257 ], [ -122.388250783, 37.766823746 ], [ -122.388250588, 37.766823235 ], [ -122.388250403, 37.766822721 ], [ -122.388250231, 37.766822206 ], [ -122.38825007, 37.766821691 ], [ -122.388249921, 37.766821175 ], [ -122.388249785, 37.76682066 ], [ -122.388249659, 37.766820141 ], [ -122.388249545, 37.766819621 ], [ -122.388249443, 37.766819102 ], [ -122.388249352, 37.76681858 ], [ -122.388249273, 37.766818062 ], [ -122.388249205, 37.766817541 ], [ -122.388249143, 37.766816969 ], [ -122.388148828460743, 37.76578 ], [ -122.388843034353613, 37.76578 ], [ -122.38893936, 37.766784145 ], [ -122.388939396, 37.76678457 ] ] ] } },
{ "type": "Feature", "properties": { "project_name": "Mission Bay South Block 34 (unnamed UCSF building)", "site": "Mission Bay South", "status": "complete", "use": "institutional", "geometry_type": "approximate", "digitized_from": "Real-gap-fragment technique: bbox.difference(street buffer).difference(already-tracked polygons) between 3rd St and Illinois St, south of 16th St, extended down to Mariposa St. The owner directly identified this whole real-gap fragment as capturing two separate real buildings, not one, and directed cutting it at the visible gap between the two rooflines in Esri satellite imagery (lat 37.76578).", "digitization_method": "ADDED 2026-09-20: the owner corrected the block_inventory rows for 33 and 34, which had pointed at 490/499 Illinois Street -- real buildings, but 82-84m from 3rd St, too far to be the blocks the OCII plan drawing shows bordering 3rd St directly (they actually front Illinois St, matching their own address). The real 33/34 strip (between 3rd St and Illinois St) had no tracked record at all. This is the south building (34): the real-gap-fragment split south of the visible gap between the two rooflines, extending down to the real Mariposa St curb line -- 9,240 sqm (corrected from an initial 5,303 sqm that wrongly clipped the building at an early analysis-window edge rather than its real south extent).", "accuracy_caveat": "REAL BUILDING, APPROXIMATE BOUNDARY -- a real, standing structure clearly visible in Esri satellite imagery (not open land), but its own name/address/operator are NOT confirmed by any source checked in this pass -- flagged here rather than guessed. Boundary is the real-gap-fragment's own traced edge (following the street buffer's curb radius), not a hand-traced or surveyed building footprint.", "why_no_real_parcel": null, "regulatory_context": null, "notes": "OCII plan block 34. Between 3rd St and Illinois St, south of block 33, down to Mariposa St. Name/operator not yet confirmed.", "images": null, "source_doc_urls": [ ], "street_clip_exempt": null, "p_number": null }, "geometry": { "type": "Polygon", "coordinates": [ [ [ -122.388022276, 37.764471805 ], [ -122.388022255, 37.764471571 ], [ -122.388022213, 37.764471017 ], [ -122.388022185, 37.764470498 ], [ -122.388022168, 37.764469978 ], [ -122.388022164, 37.764469456 ], [ -122.38802217, 37.764468935 ], [ -122.388022188, 37.764468413 ], [ -122.388022218, 37.764467889 ], [ -122.388022258, 37.76446737 ], [ -122.38802231, 37.764466852 ], [ -122.388022375, 37.764466328 ], [ -122.38802245, 37.764465806 ], [ -122.388022536, 37.76446529 ], [ -122.388022635, 37.764464769 ], [ -122.388022746, 37.764464248 ], [ -122.388022867, 37.764463732 ], [ -122.388023, 37.764463216 ], [ -122.388023146, 37.764462698 ], [ -122.388023303, 37.764462182 ], [ -122.388023471, 37.764461666 ], [ -122.388023651, 37.764461153 ], [ -122.388023844, 37.76446064 ], [ -122.388024048, 37.764460128 ], [ -122.388024262, 37.764459621 ], [ -122.38802449, 37.764459112 ], [ -122.388024731, 37.764458602 ], [ -122.388024982, 37.764458097 ], [ -122.388025244, 37.764457596 ], [ -122.388025519, 37.764457097 ], [ -122.388025806, 37.764456598 ], [ -122.388026106, 37.7644561 ], [ -122.388026416, 37.764455607 ], [ -122.388026738, 37.764455118 ], [ -122.388027074, 37.764454629 ], [ -122.388027421, 37.764454143 ], [ -122.388027779, 37.76445366 ], [ -122.388028148, 37.764453184 ], [ -122.388028529, 37.764452711 ], [ -122.388028923, 37.764452239 ], [ -122.388029328, 37.764451773 ], [ -122.388029743, 37.764451311 ], [ -122.388030172, 37.764450852 ], [ -122.388030612, 37.764450399 ], [ -122.388031063, 37.764449949 ], [ -122.388031523, 37.764449507 ], [ -122.388031996, 37.764449069 ], [ -122.388032481, 37.764448634 ], [ -122.388032975, 37.764448208 ], [ -122.388033482, 37.764447785 ], [ -122.388033999, 37.764447368 ], [ -122.388034525, 37.764446958 ], [ -122.388035061, 37.764446555 ], [ -122.388035607, 37.764446159 ], [ -122.388036165, 37.764445768 ], [ -122.388036734, 37.764445383 ], [ -122.38803731, 37.764445007 ], [ -122.388037897, 37.764444637 ], [ -122.388038493, 37.764444275 ], [ -122.388039098, 37.76444392 ], [ -122.388039711, 37.764443574 ], [ -122.388040334, 37.764443235 ], [ -122.388040966, 37.764442904 ], [ -122.388041608, 37.76444258 ], [ -122.388042255, 37.764442265 ], [ -122.38804291, 37.76444196 ], [ -122.388043574, 37.764441663 ], [ -122.388044246, 37.764441374 ], [ -122.388044925, 37.764441094 ], [ -122.388045612, 37.764440823 ], [ -122.388046305, 37.764440561 ], [ -122.388047002, 37.764440309 ], [ -122.38804771, 37.764440066 ], [ -122.388048423, 37.764439832 ], [ -122.388049139, 37.764439609 ], [ -122.388049862, 37.764439395 ], [ -122.388050594, 37.76443919 ], [ -122.388051327, 37.764438996 ], [ -122.388052064, 37.764438813 ], [ -122.38805281, 37.764438638 ], [ -122.388053559, 37.764438473 ], [ -122.38805431, 37.76443832 ], [ -122.388055066, 37.764438177 ], [ -122.388055826, 37.764438044 ], [ -122.388056589, 37.764437921 ], [ -122.388057356, 37.764437809 ], [ -122.388058124, 37.764437707 ], [ -122.388058893, 37.764437617 ], [ -122.388059669, 37.764437537 ], [ -122.388060444, 37.764437467 ], [ -122.38806122, 37.764437409 ], [ -122.38806203, 37.764437359 ], [ -122.388678312, 37.764403689 ], [ -122.388678667, 37.764403671 ], [ -122.388679281, 37.764403647 ], [ -122.388679878, 37.764403631 ], [ -122.388680479, 37.764403624 ], [ -122.388681079, 37.764403625 ], [ -122.388681679, 37.764403635 ], [ -122.388682279, 37.764403653 ], [ -122.388682877, 37.764403679 ], [ -122.388683478, 37.764403714 ], [ -122.388684074, 37.764403756 ], [ -122.388684667, 37.764403807 ], [ -122.388685262, 37.764403866 ], [ -122.388685856, 37.764403933 ], [ -122.388686447, 37.764404009 ], [ -122.388687035, 37.764404093 ], [ -122.388687621, 37.764404184 ], [ -122.388688206, 37.764404284 ], [ -122.388688786, 37.764404391 ], [ -122.388689361, 37.764404507 ], [ -122.388689937, 37.764404631 ], [ -122.38869051, 37.764404762 ], [ -122.388691076, 37.764404901 ], [ -122.388691639, 37.764405047 ], [ -122.3886922, 37.764405202 ], [ -122.388692755, 37.764405364 ], [ -122.388693306, 37.764405533 ], [ -122.388693851, 37.764405709 ], [ -122.388694392, 37.764405892 ], [ -122.388694931, 37.764406084 ], [ -122.388695461, 37.764406281 ], [ -122.388695984, 37.764406485 ], [ -122.388696505, 37.764406697 ], [ -122.388697019, 37.764406916 ], [ -122.388697525, 37.76440714 ], [ -122.388698028, 37.764407372 ], [ -122.388698526, 37.764407611 ], [ -122.388699015, 37.764407855 ], [ -122.388699495, 37.764408103 ], [ -122.388699972, 37.76440836 ], [ -122.38870044, 37.764408622 ], [ -122.3887009, 37.764408889 ], [ -122.388701355, 37.764409162 ], [ -122.388701802, 37.764409441 ], [ -122.388702242, 37.764409725 ], [ -122.388702675, 37.764410015 ], [ -122.388703098, 37.764410309 ], [ -122.388703512, 37.764410606 ], [ -122.388703921, 37.76441091 ], [ -122.388704322, 37.764411219 ], [ -122.388704712, 37.76441153 ], [ -122.388705096, 37.764411848 ], [ -122.388705473, 37.76441217 ], [ -122.388705836, 37.764412492 ], [ -122.388706193, 37.76441282 ], [ -122.388706543, 37.764413153 ], [ -122.388706884, 37.764413488 ], [ -122.388707215, 37.764413827 ], [ -122.388707537, 37.764414168 ], [ -122.38870785, 37.764414512 ], [ -122.388708156, 37.76441486 ], [ -122.388708453, 37.764415211 ], [ -122.388708739, 37.764415563 ], [ -122.388709017, 37.764415918 ], [ -122.388709285, 37.764416275 ], [ -122.388709544, 37.764416633 ], [ -122.388709795, 37.764416995 ], [ -122.388710038, 37.764417359 ], [ -122.388710269, 37.764417722 ], [ -122.388710492, 37.764418087 ], [ -122.388710708, 37.764418456 ], [ -122.388710912, 37.764418823 ], [ -122.38871111, 37.764419196 ], [ -122.388711297, 37.764419565 ], [ -122.388711474, 37.764419936 ], [ -122.388711644, 37.76442031 ], [ -122.388711804, 37.764420681 ], [ -122.388711956, 37.764421057 ], [ -122.388712099, 37.764421432 ], [ -122.388712234, 37.764421808 ], [ -122.388712359, 37.764422182 ], [ -122.388712475, 37.764422556 ], [ -122.388712584, 37.764422936 ], [ -122.388712683, 37.76442331 ], [ -122.388712774, 37.764423687 ], [ -122.388712857, 37.764424066 ], [ -122.388712931, 37.764424442 ], [ -122.388712997, 37.764424818 ], [ -122.388713054, 37.764425195 ], [ -122.388713103, 37.764425576 ], [ -122.388713148, 37.764426002 ], [ -122.388843034353613, 37.76578 ], [ -122.388148828460743, 37.76578 ], [ -122.388022276, 37.764471805 ] ] ] } },
{ "type": "Feature", "properties": { "project_name": "SF Railyards -- Caltrain rail yard and 4th & King Station (Prologis/Caltrain redevelopment)", "site": "Mission Bay North", "status": "planned", "use": "mixed", "geometry_type": "approximate", "digitized_from": "Bounded by DataSF's official street centerlines (data/raw/official_street_centerlines.geojson): Townsend St (4th-7th) on the north, 4th St (Townsend-King) on the east, 7th St (Townsend-King) on the west, and King St (4th-~6th, where its real centerline data ends) on the south, each buffered by the project's standard measured half-width (src/street_geometry.py, 6.8m) and inset from the outer street-to-street ring by that same half-width to approximate the curb/yard edge rather than the street centerline itself -- same method as P9 (data/manual/mission_bay_p9_open_space.geojson). King St's real DataSF centerline stops short of 7th St (its last segment ends at -122.397986, 37.773324): that stretch of the site's real southern edge is not a city street at all but the I-280 northbound/southbound ramp interchange (confirmed both by the DataSF centerlines' own 'I-280 N/S ON/OFF RAMP' segments in the same file and by satellite imagery, which shows the ramp curving directly along the yard's southwest taper), so the closing edge there is a straight line from King St's last real point to 7th St's King-St corner, not a surveyed street. The resulting inset polygon is 20.08 acres, matching the SF Planning/Caltrain FAQ's own '20-acre site' description almost exactly, and its outline was checked directly against Esri World Imagery (via contextily) overlaid in QGIS-equivalent fashion -- it tracks the real fan of tracks and the 4th & King station platform canopy tightly, confirmed by the site owner 2026-09-21 after a side-by-side review of the overlay.", "digitization_method": null, "accuracy_caveat": "APPROXIMATE -- not a surveyed parcel or a GIS file from Caltrain/Prologis/SF Planning. The active rail right-of-way here carries no Assessor block/lot in DataSF's Parcels - Active and Retired dataset (checked directly; consistent with railroad right-of-way being outside the normal local assessment roll), so this could not be joined via status.csv like a real parcel. Three of the four sides (Townsend, 4th, 7th) are real, continuous DataSF street centerlines; the fourth (King St plus a straight closing line where King's real data ends short of 7th, at the I-280 interchange) is the weakest edge and the one most likely to need revision if a real project boundary or EIR figure becomes available. Includes the existing Caltrain 4th & King Street Station itself, which the project's own description treats as part of the site being redeveloped, not something outside it.", "why_no_real_parcel": null, "regulatory_context": null, "notes": "SF Planning Case No. 2023-000384CWP, 'SF Railyards Planning Program'. The 20-acre site at the nexus of SoMa, Mission Bay and Showplace Square: Caltrain's northern terminus and an active service/maintenance yard, owned by Prologis with Caltrain holding a perpetual easement to operate rail. A Development Agreement is the expected approval path (precedent: Pier 70, Mission Rock, Potrero Power Station, all DAs). Directly borders Mission Bay North: OCII's own December 2019 Mission Bay Land Use Map shows the blocks informally labeled N5A, N6 and N7 in this area with no assigned land use and no drawn boundary (unlike every neighboring numbered Mission Bay North block, which has both), consistent with this still being active rail infrastructure outside Mission Bay North's own planned build-out as of that map.", "images": null, "source_doc_urls": "['https://sfplanning.org/project/sf-railyards-planning-program'\n 'https://citypln-m-extnl.sfgov.org/Commissions/CPC/1_9_2025/Commission%20Packet/2023-000384CWP.pdf'\n 'https://sfplanning.org/sites/default/files/documents/citywide/railyardsprojects/railyardsproject_FAQ.pdf']", "street_clip_exempt": null, "p_number": null }, "geometry": { "type": "MultiPolygon", "coordinates": [ [ [ [ -122.398660167365449, 37.77287894391236 ], [ -122.399419271705412, 37.773506560756438 ], [ -122.399402424024984, 37.773519868351691 ], [ -122.399395275, 37.773525515 ], [ -122.39939527, 37.773525519 ], [ -122.39939526927914, 37.773525519720863 ], [ -122.399395268642522, 37.773525520223714 ], [ -122.397168451937219, 37.775284304041854 ], [ -122.397168449, 37.775284306 ], [ -122.397168448, 37.775284307 ], [ -122.394981706, 37.777011317 ], [ -122.394203462, 37.77638936 ], [ -122.394247927, 37.776388112 ], [ -122.394253504, 37.776387699 ], [ -122.394255344354136, 37.77638739205188 ], [ -122.394255208, 37.776388007 ], [ -122.394255168, 37.7763882 ], [ -122.394255032, 37.776388883 ], [ -122.394254996, 37.776389075 ], [ -122.394254875, 37.77638976 ], [ -122.394254844, 37.776389948 ], [ -122.394254738, 37.776390634 ], [ -122.39425471, 37.776390833 ], [ -122.394254619, 37.77639152 ], [ -122.394254595, 37.776391716 ], [ -122.39425452, 37.776392404 ], [ -122.394254501, 37.776392593 ], [ -122.394254441, 37.776393283 ], [ -122.394254425, 37.776393484 ], [ -122.39425438, 37.776394174 ], [ -122.394254369, 37.776394376 ], [ -122.394254339, 37.776395067 ], [ -122.394254333, 37.776395257 ], [ -122.394254318, 37.776395948 ], [ -122.394254316, 37.776396149 ], [ -122.394254316, 37.776396841 ], [ -122.394254318, 37.776397042 ], [ -122.394254334, 37.776397734 ], [ -122.394254341, 37.776397923 ], [ -122.394254371, 37.776398614 ], [ -122.394254382, 37.776398815 ], [ -122.394254428, 37.776399506 ], [ -122.394254443, 37.7763997 ], [ -122.394254504, 37.77640039 ], [ -122.394254524, 37.77640059 ], [ -122.394254601, 37.776401278 ], [ -122.394254623, 37.776401467 ], [ -122.394254715, 37.776402154 ], [ -122.394254743, 37.776402353 ], [ -122.39425485, 37.776403039 ], [ -122.394254882, 37.776403231 ], [ -122.394255003, 37.776403916 ], [ -122.394255039, 37.776404107 ], [ -122.394255176, 37.77640479 ], [ -122.394255216, 37.776404981 ], [ -122.394255368, 37.776405662 ], [ -122.394255412, 37.77640585 ], [ -122.394255579, 37.776406529 ], [ -122.394255626, 37.776406713 ], [ -122.394255807, 37.776407389 ], [ -122.39425586, 37.776407579 ], [ -122.394256057, 37.776408253 ], [ -122.39425611, 37.77640843 ], [ -122.394256321, 37.776409101 ], [ -122.394256383, 37.77640929 ], [ -122.394256609, 37.776409958 ], [ -122.394256669, 37.77641013 ], [ -122.394256909, 37.776410795 ], [ -122.394256975, 37.77641097 ], [ -122.39425723, 37.776411631 ], [ -122.394257301, 37.776411811 ], [ -122.394257571, 37.776412469 ], [ -122.394257642, 37.776412636 ], [ -122.394257926, 37.77641329 ], [ -122.394258002, 37.776413462 ], [ -122.394258301, 37.776414111 ], [ -122.394258378, 37.776414276 ], [ -122.394258691, 37.776414921 ], [ -122.394258771, 37.776415084 ], [ -122.394259098, 37.776415725 ], [ -122.394259185, 37.776415892 ], [ -122.394259526, 37.776416528 ], [ -122.39425961, 37.776416681 ], [ -122.394259964, 37.776417313 ], [ -122.394260054, 37.776417469 ], [ -122.394260422, 37.776418095 ], [ -122.394260516, 37.776418251 ], [ -122.394260898, 37.776418872 ], [ -122.394260991, 37.77641902 ], [ -122.394261387, 37.776419636 ], [ -122.394261485, 37.776419785 ], [ -122.394261894, 37.776420395 ], [ -122.394261989, 37.776420534 ], [ -122.394262412, 37.776421139 ], [ -122.394262514, 37.776421282 ], [ -122.394262949, 37.77642188 ], [ -122.394263051, 37.776422017 ], [ -122.394263499, 37.776422609 ], [ -122.394263605, 37.776422747 ], [ -122.394264067, 37.776423333 ], [ -122.394264173, 37.776423464 ], [ -122.394264647, 37.776424043 ], [ -122.394264755, 37.776424172 ], [ -122.394265242, 37.776424746 ], [ -122.394265349, 37.776424868 ], [ -122.394265848, 37.776425434 ], [ -122.394265964, 37.776425563 ], [ -122.394266477, 37.776426122 ], [ -122.394266584, 37.776426237 ], [ -122.394267108, 37.776426789 ], [ -122.394267221, 37.776426906 ], [ -122.394267758, 37.776427451 ], [ -122.394267873, 37.776427566 ], [ -122.394268422, 37.776428103 ], [ -122.394268534, 37.776428211 ], [ -122.394269094, 37.776428741 ], [ -122.39426921, 37.776428848 ], [ -122.394269781, 37.776429369 ], [ -122.394269902, 37.776429478 ], [ -122.394270485, 37.776429991 ], [ -122.394270602, 37.776430092 ], [ -122.394271196, 37.776430597 ], [ -122.394271313, 37.776430695 ], [ -122.394271918, 37.776431193 ], [ -122.394272037, 37.776431288 ], [ -122.394272653, 37.776431777 ], [ -122.394272774, 37.776431871 ], [ -122.394273401, 37.776432352 ], [ -122.394273503, 37.776432429 ], [ -122.39427393, 37.776432746 ], [ -122.394274085, 37.776432859 ], [ -122.394574525, 37.776646517 ], [ -122.394575273, 37.776646995 ], [ -122.394576064, 37.776647397 ], [ -122.394576891, 37.776647719 ], [ -122.394577746, 37.776647957 ], [ -122.39457862, 37.77664811 ], [ -122.394579505, 37.776648177 ], [ -122.394580392, 37.776648155 ], [ -122.394581273, 37.776648046 ], [ -122.394582139, 37.776647851 ], [ -122.394582981, 37.776647571 ], [ -122.394583792, 37.77664721 ], [ -122.394584562, 37.77664677 ], [ -122.394585286, 37.776646256 ], [ -122.39460986, 37.776626923 ], [ -122.394610525, 37.776626344 ], [ -122.394611131, 37.776625703 ], [ -122.39461167, 37.776625006 ], [ -122.394612139, 37.77662426 ], [ -122.394612532, 37.776623471 ], [ -122.394612846, 37.776622647 ], [ -122.394613078, 37.776621796 ], [ -122.394613225, 37.776620927 ], [ -122.394613287, 37.776620048 ], [ -122.394613262, 37.776619167 ], [ -122.39461315, 37.776618292 ], [ -122.394612954, 37.776617433 ], [ -122.394612674, 37.776616597 ], [ -122.394612313, 37.776615792 ], [ -122.394611876, 37.776615027 ], [ -122.394611365, 37.776614308 ], [ -122.394610787, 37.776613643 ], [ -122.394610146, 37.776613037 ], [ -122.394609449, 37.776612498 ], [ -122.394608702, 37.776612029 ], [ -122.394607913, 37.776611636 ], [ -122.39460709, 37.776611322 ], [ -122.394606239, 37.77661109 ], [ -122.39460537, 37.776610943 ], [ -122.394604491, 37.776610881 ], [ -122.394603609, 37.776610907 ], [ -122.394602735, 37.776611018 ], [ -122.394601875, 37.776611214 ], [ -122.394601039, 37.776611494 ], [ -122.394600235, 37.776611855 ], [ -122.39459947, 37.776612292 ], [ -122.394598751, 37.776612803 ], [ -122.39457946, 37.77662798 ], [ -122.394284575, 37.776418273 ], [ -122.394284276, 37.77641805 ], [ -122.394283761, 37.776417656 ], [ -122.394283264, 37.776417262 ], [ -122.394282776, 37.776416861 ], [ -122.394282299, 37.776416455 ], [ -122.394281835, 37.776416047 ], [ -122.394281381, 37.776415633 ], [ -122.394280935, 37.776415211 ], [ -122.394280501, 37.776414785 ], [ -122.394280078, 37.776414356 ], [ -122.394279664, 37.77641392 ], [ -122.394279263, 37.776413483 ], [ -122.394278875, 37.776413043 ], [ -122.394278494, 37.776412595 ], [ -122.394278126, 37.776412146 ], [ -122.39427777, 37.776411694 ], [ -122.394277425, 37.776411238 ], [ -122.394277091, 37.776410779 ], [ -122.394276767, 37.776410315 ], [ -122.394276454, 37.776409849 ], [ -122.394276153, 37.776409382 ], [ -122.394275865, 37.776408912 ], [ -122.394275588, 37.776408442 ], [ -122.39427532, 37.776407965 ], [ -122.394275065, 37.776407489 ], [ -122.394274823, 37.776407012 ], [ -122.394274589, 37.77640653 ], [ -122.394274368, 37.776406049 ], [ -122.394274158, 37.776405565 ], [ -122.39427396, 37.776405082 ], [ -122.394273774, 37.776404598 ], [ -122.394273596, 37.776404108 ], [ -122.394273431, 37.776403621 ], [ -122.394273278, 37.776403134 ], [ -122.394273135, 37.776402643 ], [ -122.394273004, 37.776402154 ], [ -122.394272883, 37.776401662 ], [ -122.394272774, 37.776401171 ], [ -122.394272676, 37.776400679 ], [ -122.394272588, 37.776400186 ], [ -122.394272512, 37.776399696 ], [ -122.394272447, 37.776399201 ], [ -122.394272392, 37.776398707 ], [ -122.394272348, 37.776398215 ], [ -122.394272315, 37.776397722 ], [ -122.394272293, 37.776397227 ], [ -122.394272282, 37.776396731 ], [ -122.394272282, 37.776396241 ], [ -122.394272293, 37.776395745 ], [ -122.394272314, 37.77639525 ], [ -122.394272346, 37.776394761 ], [ -122.39427239, 37.776394266 ], [ -122.394272444, 37.776393769 ], [ -122.394272509, 37.776393279 ], [ -122.394272585, 37.776392786 ], [ -122.394272672, 37.776392292 ], [ -122.39427277, 37.776391801 ], [ -122.394272878, 37.776391312 ], [ -122.394272999, 37.77639082 ], [ -122.39427313, 37.776390327 ], [ -122.394273272, 37.77638984 ], [ -122.394273424, 37.776389353 ], [ -122.39427359, 37.776388862 ], [ -122.394273765, 37.776388376 ], [ -122.394273952, 37.776387891 ], [ -122.39427415, 37.776387406 ], [ -122.394274359, 37.776386925 ], [ -122.39427458, 37.776386442 ], [ -122.394274812, 37.776385961 ], [ -122.394275055, 37.776385483 ], [ -122.39427531, 37.776385007 ], [ -122.394275577, 37.776384531 ], [ -122.394275854, 37.776384058 ], [ -122.394276141, 37.77638359 ], [ -122.394276442, 37.776383121 ], [ -122.394276754, 37.776382655 ], [ -122.394277075, 37.776382195 ], [ -122.39427741, 37.776381734 ], [ -122.394277756, 37.776381276 ], [ -122.394278112, 37.776380823 ], [ -122.394278478, 37.776380376 ], [ -122.394278857, 37.77637993 ], [ -122.394279248, 37.776379486 ], [ -122.394279648, 37.776379049 ], [ -122.394280061, 37.776378614 ], [ -122.394280483, 37.776378184 ], [ -122.394280916, 37.77637776 ], [ -122.394281361, 37.776377339 ], [ -122.394281817, 37.776376922 ], [ -122.394282281, 37.776376513 ], [ -122.394282757, 37.776376108 ], [ -122.394283244, 37.776375707 ], [ -122.394283739, 37.776375313 ], [ -122.394284245, 37.776374925 ], [ -122.394284821, 37.776374498 ], [ -122.394285037, 37.776374333 ], [ -122.396310107, 37.774776983 ], [ -122.39631168, 37.774775824 ], [ -122.396312045, 37.774775571 ], [ -122.39631258, 37.774775213 ], [ -122.396313125, 37.774774861 ], [ -122.396313679, 37.774774515 ], [ -122.39631424, 37.774774178 ], [ -122.39631481, 37.774773847 ], [ -122.396315391, 37.774773522 ], [ -122.396315978, 37.774773206 ], [ -122.396316573, 37.774772897 ], [ -122.396317177, 37.774772596 ], [ -122.396317789, 37.774772302 ], [ -122.396318408, 37.774772017 ], [ -122.396319033, 37.77477174 ], [ -122.396319667, 37.774771471 ], [ -122.396320309, 37.77477121 ], [ -122.396320956, 37.774770957 ], [ -122.396321608, 37.774770714 ], [ -122.396322268, 37.774770479 ], [ -122.396322934, 37.774770253 ], [ -122.396323606, 37.774770036 ], [ -122.396324284, 37.774769827 ], [ -122.396324965, 37.774769629 ], [ -122.396325653, 37.774769439 ], [ -122.396326343, 37.77476926 ], [ -122.396327041, 37.774769089 ], [ -122.396327745, 37.774768927 ], [ -122.396328448, 37.774768776 ], [ -122.396329157, 37.774768634 ], [ -122.39632987, 37.774768502 ], [ -122.396330585, 37.774768379 ], [ -122.396331306, 37.774768267 ], [ -122.39633203, 37.774768164 ], [ -122.396332752, 37.774768071 ], [ -122.396333478, 37.774767988 ], [ -122.396334207, 37.774767916 ], [ -122.396334939, 37.774767853 ], [ -122.39633567, 37.774767801 ], [ -122.396336401, 37.774767759 ], [ -122.396337137, 37.774767727 ], [ -122.396337873, 37.774767704 ], [ -122.396338608, 37.774767693 ], [ -122.396339344, 37.774767691 ], [ -122.396340078, 37.7747677 ], [ -122.396340815, 37.774767718 ], [ -122.396341549, 37.774767747 ], [ -122.396342282, 37.774767786 ], [ -122.396343015, 37.774767836 ], [ -122.396343747, 37.774767895 ], [ -122.396344476, 37.774767965 ], [ -122.396345203, 37.774768044 ], [ -122.396345928, 37.774768134 ], [ -122.39634665, 37.774768233 ], [ -122.396347371, 37.774768343 ], [ -122.396348088, 37.774768462 ], [ -122.396348801, 37.774768591 ], [ -122.396349512, 37.77476873 ], [ -122.396350219, 37.774768879 ], [ -122.396350921, 37.774769037 ], [ -122.396351619, 37.774769205 ], [ -122.396352312, 37.774769382 ], [ -122.396353003, 37.774769569 ], [ -122.396353686, 37.774769765 ], [ -122.396354364, 37.77476997 ], [ -122.396355039, 37.774770185 ], [ -122.396355707, 37.774770408 ], [ -122.396356367, 37.774770639 ], [ -122.396357024, 37.77477088 ], [ -122.396357671, 37.774771129 ], [ -122.396358313, 37.774771388 ], [ -122.396358952, 37.774771655 ], [ -122.396359578, 37.774771929 ], [ -122.396360199, 37.774772212 ], [ -122.396360814, 37.774772503 ], [ -122.396361421, 37.774772802 ], [ -122.396362018, 37.774773108 ], [ -122.396362607, 37.774773422 ], [ -122.396363191, 37.774773745 ], [ -122.396363765, 37.774774073 ], [ -122.39636433, 37.774774409 ], [ -122.396364885, 37.774774752 ], [ -122.396365432, 37.774775101 ], [ -122.396365972, 37.774775459 ], [ -122.396366499, 37.774775821 ], [ -122.396367018, 37.77477619 ], [ -122.396367529, 37.774776566 ], [ -122.396368027, 37.774776945 ], [ -122.396368517, 37.774777333 ], [ -122.396368999, 37.774777727 ], [ -122.396369469, 37.774778124 ], [ -122.396369987, 37.774778578 ], [ -122.396370306, 37.774778845 ], [ -122.396648027, 37.775000463 ], [ -122.396620078, 37.775022455 ], [ -122.396619413, 37.775023033 ], [ -122.396618807, 37.775023674 ], [ -122.396618268, 37.775024371 ], [ -122.396617799, 37.775025118 ], [ -122.396617406, 37.775025907 ], [ -122.396617092, 37.775026731 ], [ -122.39661686, 37.775027581 ], [ -122.396616713, 37.77502845 ], [ -122.396616651, 37.77502933 ], [ -122.396616676, 37.775030211 ], [ -122.396616788, 37.775031085 ], [ -122.396616984, 37.775031945 ], [ -122.396617264, 37.775032781 ], [ -122.396617625, 37.775033585 ], [ -122.396618062, 37.775034351 ], [ -122.396618573, 37.775035069 ], [ -122.396619151, 37.775035735 ], [ -122.396619792, 37.77503634 ], [ -122.396620489, 37.775036879 ], [ -122.396621236, 37.775037348 ], [ -122.396622025, 37.775037741 ], [ -122.396622849, 37.775038055 ], [ -122.396623699, 37.775038287 ], [ -122.396624568, 37.775038434 ], [ -122.396625448, 37.775038496 ], [ -122.396626329, 37.775038471 ], [ -122.396627203, 37.775038359 ], [ -122.396628063, 37.775038163 ], [ -122.396628899, 37.775037883 ], [ -122.396629703, 37.775037522 ], [ -122.396630469, 37.775037085 ], [ -122.396631187, 37.775036574 ], [ -122.396668047, 37.775007573 ], [ -122.396668724, 37.775006982 ], [ -122.396669339, 37.775006327 ], [ -122.396669886, 37.775005614 ], [ -122.396670359, 37.77500485 ], [ -122.396670753, 37.775004042 ], [ -122.396671064, 37.775003199 ], [ -122.396671289, 37.775002329 ], [ -122.396671427, 37.775001441 ], [ -122.396671475, 37.775000544 ], [ -122.396671433, 37.774999646 ], [ -122.396671302, 37.774998757 ], [ -122.396671082, 37.774997886 ], [ -122.396670777, 37.774997041 ], [ -122.396670388, 37.77499623 ], [ -122.396669921, 37.774995463 ], [ -122.396669379, 37.774994746 ], [ -122.396668768, 37.774994086 ], [ -122.396668095, 37.774993491 ], [ -122.396381675, 37.774764932 ], [ -122.396381254, 37.774764563 ], [ -122.396381134, 37.774764459 ], [ -122.396380545, 37.774763961 ], [ -122.396380429, 37.774763865 ], [ -122.39637983, 37.774763375 ], [ -122.396379713, 37.774763281 ], [ -122.396379103, 37.774762799 ], [ -122.39637898, 37.774762704 ], [ -122.39637836, 37.774762231 ], [ -122.396378239, 37.774762141 ], [ -122.396377608, 37.774761676 ], [ -122.39637749, 37.77476159 ], [ -122.396376849, 37.774761135 ], [ -122.396376724, 37.774761048 ], [ -122.396376074, 37.774760602 ], [ -122.396375951, 37.774760519 ], [ -122.396375291, 37.774760082 ], [ -122.396375173, 37.774760005 ], [ -122.396374503, 37.774759577 ], [ -122.396374374, 37.774759496 ], [ -122.396373695, 37.774759077 ], [ -122.396373576, 37.774759005 ], [ -122.396372888, 37.774758596 ], [ -122.39637276, 37.774758521 ], [ -122.396372063, 37.774758122 ], [ -122.396371943, 37.774758054 ], [ -122.396371237, 37.774757664 ], [ -122.396371113, 37.774757597 ], [ -122.396370399, 37.774757217 ], [ -122.396370273, 37.774757151 ], [ -122.396369551, 37.774756781 ], [ -122.396369426, 37.774756718 ], [ -122.396368696, 37.774756358 ], [ -122.396368571, 37.774756297 ], [ -122.396367832, 37.774755948 ], [ -122.396367711, 37.774755891 ], [ -122.396366966, 37.774755551 ], [ -122.396366837, 37.774755494 ], [ -122.396366084, 37.774755165 ], [ -122.396365957, 37.77475511 ], [ -122.396365196, 37.774754792 ], [ -122.396365079, 37.774754744 ], [ -122.396364312, 37.774754435 ], [ -122.39636418, 37.774754383 ], [ -122.396363406, 37.774754086 ], [ -122.396363284, 37.77475404 ], [ -122.396362503, 37.774753753 ], [ -122.396362378, 37.774753708 ], [ -122.396361591, 37.774753432 ], [ -122.396361462, 37.774753388 ], [ -122.39636067, 37.774753123 ], [ -122.396360549, 37.774753084 ], [ -122.396359751, 37.77475283 ], [ -122.396359626, 37.774752791 ], [ -122.396358822, 37.774752548 ], [ -122.396358696, 37.774752511 ], [ -122.396357887, 37.774752279 ], [ -122.396357761, 37.774752244 ], [ -122.396356947, 37.774752024 ], [ -122.396356826, 37.774751992 ], [ -122.396356007, 37.774751782 ], [ -122.396355879, 37.774751751 ], [ -122.396355055, 37.774751553 ], [ -122.396354932, 37.774751524 ], [ -122.396354105, 37.774751338 ], [ -122.396353978, 37.77475131 ], [ -122.396353146, 37.774751135 ], [ -122.396353024, 37.774751111 ], [ -122.396352189, 37.774750947 ], [ -122.396352064, 37.774750924 ], [ -122.396351225, 37.774750772 ], [ -122.3963511, 37.77475075 ], [ -122.396350258, 37.77475061 ], [ -122.396350134, 37.77475059 ], [ -122.396349289, 37.774750462 ], [ -122.396349166, 37.774750444 ], [ -122.396348318, 37.774750327 ], [ -122.396348191, 37.77475031 ], [ -122.396347342, 37.774750206 ], [ -122.396347218, 37.774750191 ], [ -122.39634657, 37.77475012 ], [ -122.396458653988475, 37.774667547523435 ], [ -122.39649542019751, 37.774672726372728 ], [ -122.396495571, 37.774672928 ], [ -122.396495667, 37.774673055 ], [ -122.396496131, 37.774673653 ], [ -122.396496238, 37.774673788 ], [ -122.396496714, 37.774674379 ], [ -122.396496823, 37.774674511 ], [ -122.396497312, 37.774675095 ], [ -122.396497418, 37.774675219 ], [ -122.39649792, 37.774675796 ], [ -122.396498031, 37.774675921 ], [ -122.396498546, 37.774676491 ], [ -122.396498637, 37.77467659 ], [ -122.39649895, 37.774676926 ], [ -122.39649942, 37.774677395 ], [ -122.396499923, 37.774677828 ], [ -122.39716386, 37.775207638 ], [ -122.397164556, 37.775208141 ], [ -122.397165298, 37.775208575 ], [ -122.397166078, 37.775208937 ], [ -122.397166888, 37.775209222 ], [ -122.397167723, 37.775209429 ], [ -122.397168573, 37.775209555 ], [ -122.397169431, 37.775209599 ], [ -122.39717029, 37.775209561 ], [ -122.397171141, 37.775209441 ], [ -122.397171977, 37.77520924 ], [ -122.397172789, 37.77520896 ], [ -122.397173572, 37.775208604 ], [ -122.397174316, 37.775208175 ], [ -122.397175017, 37.775207676 ], [ -122.39721188, 37.775178679 ], [ -122.397212545, 37.7751781 ], [ -122.39721315, 37.775177459 ], [ -122.39721369, 37.775176762 ], [ -122.397214159, 37.775176016 ], [ -122.397214552, 37.775175227 ], [ -122.397214866, 37.775174403 ], [ -122.397215098, 37.775173553 ], [ -122.397215245, 37.775172683 ], [ -122.397215307, 37.775171804 ], [ -122.397215282, 37.775170923 ], [ -122.397215171, 37.775170048 ], [ -122.397214974, 37.775169189 ], [ -122.397214694, 37.775168353 ], [ -122.397214334, 37.775167548 ], [ -122.397213897, 37.775166783 ], [ -122.397213386, 37.775166064 ], [ -122.397212808, 37.775165399 ], [ -122.397212167, 37.775164793 ], [ -122.39721147, 37.775164254 ], [ -122.397210723, 37.775163785 ], [ -122.397209934, 37.775163392 ], [ -122.397209111, 37.775163078 ], [ -122.39720826, 37.775162846 ], [ -122.397207391, 37.775162698 ], [ -122.397206511, 37.775162637 ], [ -122.39720563, 37.775162662 ], [ -122.397204756, 37.775162773 ], [ -122.397203896, 37.77516297 ], [ -122.39720306, 37.77516325 ], [ -122.397202256, 37.77516361 ], [ -122.39720149, 37.775164047 ], [ -122.397200772, 37.775164558 ], [ -122.397169503, 37.775189155 ], [ -122.396528102728794, 37.774677329999491 ], [ -122.396551786, 37.774680666 ], [ -122.396557851, 37.774681214 ], [ -122.396563941, 37.774681155 ], [ -122.396569994, 37.77468049 ], [ -122.396575952, 37.774679225 ], [ -122.396581754, 37.774677374 ], [ -122.396587342, 37.774674954 ], [ -122.396592662, 37.77467199 ], [ -122.39659766, 37.774668511 ], [ -122.397568127, 37.773918474 ], [ -122.397570652, 37.773916412 ], [ -122.397703322, 37.77380207 ], [ -122.397707429, 37.773798186 ], [ -122.397837873, 37.773662821 ], [ -122.397842148, 37.773657881 ], [ -122.397967573, 37.773496237 ], [ -122.397971819, 37.773490006 ], [ -122.397989185518455, 37.773460794617947 ], [ -122.398545339, 37.773021154 ], [ -122.39854558, 37.773020968 ], [ -122.398545909, 37.773020722 ], [ -122.398546235, 37.773020487 ], [ -122.398546563, 37.773020258 ], [ -122.398546903, 37.773020029 ], [ -122.398547249, 37.773019804 ], [ -122.398547599, 37.773019584 ], [ -122.398547958, 37.773019367 ], [ -122.398548319, 37.773019157 ], [ -122.398548686, 37.77301895 ], [ -122.398549059, 37.773018748 ], [ -122.398549443, 37.773018548 ], [ -122.39854983, 37.773018354 ], [ -122.398550221, 37.773018165 ], [ -122.398550619, 37.77301798 ], [ -122.398551019, 37.773017802 ], [ -122.398551424, 37.773017629 ], [ -122.398551836, 37.77301746 ], [ -122.398552256, 37.773017296 ], [ -122.398552673, 37.773017139 ], [ -122.398553098, 37.773016987 ], [ -122.398553531, 37.773016839 ], [ -122.398553965, 37.773016697 ], [ -122.398554404, 37.773016561 ], [ -122.398554842, 37.773016432 ], [ -122.398555285, 37.773016309 ], [ -122.398555735, 37.773016191 ], [ -122.398556186, 37.77301608 ], [ -122.398556641, 37.773015974 ], [ -122.398557099, 37.773015875 ], [ -122.39855756, 37.773015781 ], [ -122.398558024, 37.773015694 ], [ -122.398558489, 37.773015614 ], [ -122.398558956, 37.773015539 ], [ -122.398559425, 37.773015472 ], [ -122.398559894, 37.773015411 ], [ -122.398560368, 37.773015356 ], [ -122.398560845, 37.773015307 ], [ -122.39856132, 37.773015266 ], [ -122.398561795, 37.773015231 ], [ -122.398562274, 37.773015202 ], [ -122.398562754, 37.77301518 ], [ -122.398563231, 37.773015164 ], [ -122.398563707, 37.773015156 ], [ -122.398564188, 37.773015154 ], [ -122.398564672, 37.773015159 ], [ -122.398565149, 37.77301517 ], [ -122.398565624, 37.773015187 ], [ -122.398566103, 37.773015212 ], [ -122.398566582, 37.773015243 ], [ -122.398567059, 37.773015281 ], [ -122.398567537, 37.773015326 ], [ -122.398568008, 37.773015376 ], [ -122.398568477, 37.773015433 ], [ -122.39856895, 37.773015497 ], [ -122.398569418, 37.773015567 ], [ -122.398569885, 37.773015644 ], [ -122.39857035, 37.773015727 ], [ -122.398570812, 37.773015816 ], [ -122.39857127, 37.773015912 ], [ -122.398571726, 37.773016014 ], [ -122.398572183, 37.773016123 ], [ -122.398572634, 37.773016236 ], [ -122.398573077, 37.773016355 ], [ -122.398573522, 37.773016482 ], [ -122.398573962, 37.773016614 ], [ -122.398574395, 37.773016751 ], [ -122.398574831, 37.773016895 ], [ -122.398575259, 37.773017044 ], [ -122.398575681, 37.773017198 ], [ -122.398576101, 37.773017359 ], [ -122.398576516, 37.773017524 ], [ -122.398576925, 37.773017695 ], [ -122.39857733, 37.773017871 ], [ -122.398577731, 37.773018052 ], [ -122.398578123, 37.773018237 ], [ -122.398578515, 37.773018429 ], [ -122.398578899, 37.773018625 ], [ -122.398579276, 37.773018824 ], [ -122.39857965, 37.773019029 ], [ -122.398580014, 37.773019237 ], [ -122.398580376, 37.773019451 ], [ -122.398580732, 37.77301967 ], [ -122.398581079, 37.77301989 ], [ -122.398581423, 37.773020117 ], [ -122.398581758, 37.773020345 ], [ -122.398582086, 37.773020577 ], [ -122.398582411, 37.773020816 ], [ -122.398582726, 37.773021054 ], [ -122.398583066, 37.773021321 ], [ -122.399248885, 37.773553395 ], [ -122.399233215, 37.773565723 ], [ -122.39923255, 37.773566301 ], [ -122.399231945, 37.773566942 ], [ -122.399231405, 37.773567639 ], [ -122.399230936, 37.773568386 ], [ -122.399230543, 37.773569175 ], [ -122.399230229, 37.773569999 ], [ -122.399229997, 37.773570849 ], [ -122.39922985, 37.773571718 ], [ -122.399229789, 37.773572598 ], [ -122.399229814, 37.773573479 ], [ -122.399229925, 37.773574353 ], [ -122.399230121, 37.773575213 ], [ -122.399230401, 37.773576049 ], [ -122.399230762, 37.773576853 ], [ -122.399231199, 37.773577619 ], [ -122.399231709, 37.773578337 ], [ -122.399232288, 37.773579003 ], [ -122.399232929, 37.773579608 ], [ -122.399233626, 37.773580148 ], [ -122.399234372, 37.773580616 ], [ -122.399235161, 37.77358101 ], [ -122.399235985, 37.773581324 ], [ -122.399236836, 37.773581556 ], [ -122.399237705, 37.773581703 ], [ -122.399238584, 37.773581764 ], [ -122.399239465, 37.773581739 ], [ -122.39924034, 37.773581628 ], [ -122.399241199, 37.773581431 ], [ -122.399242035, 37.773581152 ], [ -122.39924284, 37.773580791 ], [ -122.399243605, 37.773580354 ], [ -122.399244324, 37.773579843 ], [ -122.399268898, 37.773560511 ], [ -122.399269576, 37.773559921 ], [ -122.399270191, 37.773559266 ], [ -122.399270737, 37.773558553 ], [ -122.39927121, 37.773557789 ], [ -122.399271604, 37.773556982 ], [ -122.399271915, 37.773556139 ], [ -122.399272141, 37.77355527 ], [ -122.399272279, 37.773554382 ], [ -122.399272327, 37.773553485 ], [ -122.399272286, 37.773552587 ], [ -122.399272155, 37.773551699 ], [ -122.399271936, 37.773550827 ], [ -122.399271631, 37.773549982 ], [ -122.399271243, 37.773549172 ], [ -122.399270776, 37.773548405 ], [ -122.399270235, 37.773547688 ], [ -122.399269625, 37.773547028 ], [ -122.399268952, 37.773546433 ], [ -122.398594252, 37.773007262 ], [ -122.398594193, 37.773007215 ], [ -122.398593763, 37.773006878 ], [ -122.398593642, 37.773006785 ], [ -122.398593206, 37.773006454 ], [ -122.398593084, 37.773006363 ], [ -122.39859264, 37.773006038 ], [ -122.398592524, 37.773005955 ], [ -122.398592074, 37.773005636 ], [ -122.398591943, 37.773005545 ], [ -122.398591485, 37.773005233 ], [ -122.398591369, 37.773005155 ], [ -122.398590904, 37.773004848 ], [ -122.39859078, 37.773004768 ], [ -122.398590309, 37.773004469 ], [ -122.398590184, 37.77300439 ], [ -122.398589706, 37.773004098 ], [ -122.398589588, 37.773004027 ], [ -122.398589104, 37.77300374 ], [ -122.398588978, 37.773003667 ], [ -122.398588488, 37.773003387 ], [ -122.398588361, 37.773003316 ], [ -122.398587865, 37.773003044 ], [ -122.398587745, 37.773002979 ], [ -122.398587243, 37.773002713 ], [ -122.398587111, 37.773002645 ], [ -122.398586603, 37.773002386 ], [ -122.398586486, 37.773002328 ], [ -122.398585972, 37.773002076 ], [ -122.398585847, 37.773002016 ], [ -122.398585328, 37.773001771 ], [ -122.398585198, 37.773001711 ], [ -122.398584674, 37.773001474 ], [ -122.398584554, 37.773001421 ], [ -122.398584025, 37.773001191 ], [ -122.398583896, 37.773001136 ], [ -122.398583361, 37.773000913 ], [ -122.398583238, 37.773000863 ], [ -122.398582699, 37.773000648 ], [ -122.398582572, 37.773000598 ], [ -122.398582028, 37.77300039 ], [ -122.398581906, 37.773000345 ], [ -122.398581357, 37.773000144 ], [ -122.398581226, 37.773000098 ], [ -122.398580673, 37.772999905 ], [ -122.398580555, 37.772999865 ], [ -122.398579998, 37.77299968 ], [ -122.398579873, 37.77299964 ], [ -122.398579312, 37.772999463 ], [ -122.398579181, 37.772999422 ], [ -122.398578616, 37.772999253 ], [ -122.398578498, 37.772999218 ], [ -122.398577929, 37.772999057 ], [ -122.398577801, 37.772999021 ], [ -122.398577229, 37.772998868 ], [ -122.3985771, 37.772998834 ], [ -122.398576525, 37.772998689 ], [ -122.398576403, 37.772998659 ], [ -122.398575825, 37.772998521 ], [ -122.398575703, 37.772998493 ], [ -122.398575122, 37.772998363 ], [ -122.398574993, 37.772998335 ], [ -122.398574409, 37.772998214 ], [ -122.398574288, 37.77299819 ], [ -122.398573701, 37.772998076 ], [ -122.398573572, 37.772998052 ], [ -122.398572982, 37.772997947 ], [ -122.398572864, 37.772997927 ], [ -122.398572273, 37.772997829 ], [ -122.398572143, 37.772997809 ], [ -122.39857155, 37.77299772 ], [ -122.398571428, 37.772997702 ], [ -122.398570832, 37.772997622 ], [ -122.39857071, 37.772997606 ], [ -122.398570113, 37.772997533 ], [ -122.39856998, 37.772997518 ], [ -122.398569381, 37.772997454 ], [ -122.398569261, 37.772997442 ], [ -122.398568661, 37.772997386 ], [ -122.398568539, 37.772997376 ], [ -122.398567938, 37.772997328 ], [ -122.398567812, 37.772997319 ], [ -122.398567209, 37.77299728 ], [ -122.398567089, 37.772997273 ], [ -122.398566487, 37.772997242 ], [ -122.398566361, 37.772997236 ], [ -122.398565757, 37.772997214 ], [ -122.398565626, 37.77299721 ], [ -122.398565023, 37.772997196 ], [ -122.398564903, 37.772997194 ], [ -122.398564299, 37.772997188 ], [ -122.398564178, 37.772997188 ], [ -122.398563574, 37.77299719 ], [ -122.398563449, 37.772997191 ], [ -122.398562846, 37.772997202 ], [ -122.398562715, 37.772997206 ], [ -122.398562112, 37.772997225 ], [ -122.398561991, 37.77299723 ], [ -122.398561388, 37.772997257 ], [ -122.398561262, 37.772997264 ], [ -122.39856066, 37.7729973 ], [ -122.39856054, 37.772997308 ], [ -122.398559938, 37.772997352 ], [ -122.398559808, 37.772997363 ], [ -122.398559207, 37.772997416 ], [ -122.398559086, 37.772997427 ], [ -122.398558487, 37.772997488 ], [ -122.398558366, 37.772997502 ], [ -122.398557768, 37.772997571 ], [ -122.398557642, 37.772997586 ], [ -122.398557046, 37.772997664 ], [ -122.398556918, 37.772997681 ], [ -122.398556324, 37.772997767 ], [ -122.398556202, 37.772997785 ], [ -122.39855561, 37.772997879 ], [ -122.398555483, 37.772997901 ], [ -122.398554892, 37.772998003 ], [ -122.398554769, 37.772998025 ], [ -122.398554181, 37.772998136 ], [ -122.398554058, 37.77299816 ], [ -122.398553473, 37.772998278 ], [ -122.398553348, 37.772998304 ], [ -122.398552766, 37.772998431 ], [ -122.398552641, 37.772998459 ], [ -122.398552061, 37.772998593 ], [ -122.398551937, 37.772998623 ], [ -122.39855136, 37.772998766 ], [ -122.398551234, 37.772998798 ], [ -122.398550661, 37.772998948 ], [ -122.39855054, 37.772998981 ], [ -122.39854997, 37.772999139 ], [ -122.398549837, 37.772999177 ], [ -122.398549271, 37.772999344 ], [ -122.398549148, 37.772999381 ], [ -122.398548585, 37.772999555 ], [ -122.39854846, 37.772999595 ], [ -122.398547902, 37.772999777 ], [ -122.398547779, 37.772999818 ], [ -122.398547224, 37.773000008 ], [ -122.398547104, 37.77300005 ], [ -122.398546554, 37.773000247 ], [ -122.398546422, 37.773000295 ], [ -122.398545876, 37.7730005 ], [ -122.398545752, 37.773000548 ], [ -122.39854521, 37.773000761 ], [ -122.39854509, 37.773000808 ], [ -122.398544554, 37.773001028 ], [ -122.398544425, 37.773001082 ], [ -122.398543894, 37.773001309 ], [ -122.398543769, 37.773001364 ], [ -122.398543242, 37.773001598 ], [ -122.398543114, 37.773001657 ], [ -122.398542592, 37.773001899 ], [ -122.398542475, 37.773001955 ], [ -122.398541959, 37.773002203 ], [ -122.398541828, 37.773002268 ], [ -122.398541318, 37.773002524 ], [ -122.3985412, 37.773002584 ], [ -122.398540696, 37.773002847 ], [ -122.398540571, 37.773002913 ], [ -122.398540072, 37.773003183 ], [ -122.398539945, 37.773003254 ], [ -122.398539452, 37.773003531 ], [ -122.398539329, 37.773003601 ], [ -122.398538842, 37.773003885 ], [ -122.398538715, 37.77300396 ], [ -122.398538235, 37.773004251 ], [ -122.398538118, 37.773004324 ], [ -122.398537644, 37.773004621 ], [ -122.398537514, 37.773004703 ], [ -122.398537047, 37.773005007 ], [ -122.398536934, 37.773005082 ], [ -122.398536474, 37.773005392 ], [ -122.398536346, 37.773005479 ], [ -122.398535892, 37.773005796 ], [ -122.39853577, 37.773005883 ], [ -122.398535323, 37.773006206 ], [ -122.398535204, 37.773006293 ], [ -122.398534765, 37.773006622 ], [ -122.398534661, 37.773006701 ], [ -122.398534325, 37.77300696 ], [ -122.39853424, 37.773007026 ], [ -122.398014873500031, 37.773417586104614 ], [ -122.398056694746074, 37.773347240606192 ], [ -122.398660167365449, 37.77287894391236 ] ], [ [ -122.396712605, 37.775106508 ], [ -122.396713464, 37.775106312 ], [ -122.3967143, 37.775106032 ], [ -122.396715105, 37.775105671 ], [ -122.39671587, 37.775105234 ], [ -122.396716589, 37.775104723 ], [ -122.396747854, 37.775080124 ], [ -122.397026235, 37.775302266 ], [ -122.396998286, 37.775324257 ], [ -122.39699762, 37.775324836 ], [ -122.396997015, 37.775325477 ], [ -122.396996475, 37.775326174 ], [ -122.396996007, 37.77532692 ], [ -122.396995613, 37.775327709 ], [ -122.396995299, 37.775328533 ], [ -122.396995068, 37.775329384 ], [ -122.39699492, 37.775330253 ], [ -122.396994859, 37.775331132 ], [ -122.396994884, 37.775332013 ], [ -122.396994996, 37.775332888 ], [ -122.396995192, 37.775333747 ], [ -122.396995472, 37.775334583 ], [ -122.396995832, 37.775335388 ], [ -122.39699627, 37.775336153 ], [ -122.396996781, 37.775336872 ], [ -122.396997359, 37.775337537 ], [ -122.396998, 37.775338142 ], [ -122.396998697, 37.775338682 ], [ -122.396999444, 37.775339151 ], [ -122.397000233, 37.775339544 ], [ -122.397001056, 37.775339858 ], [ -122.397001907, 37.77534009 ], [ -122.397002776, 37.775340237 ], [ -122.397003656, 37.775340298 ], [ -122.397004537, 37.775340273 ], [ -122.397005411, 37.775340162 ], [ -122.397006271, 37.775339965 ], [ -122.397007107, 37.775339685 ], [ -122.397007911, 37.775339325 ], [ -122.397008676, 37.775338887 ], [ -122.397009395, 37.775338377 ], [ -122.397046254, 37.775309375 ], [ -122.397046932, 37.775308785 ], [ -122.397047547, 37.77530813 ], [ -122.397048094, 37.775307417 ], [ -122.397048566, 37.775306652 ], [ -122.39704896, 37.775305844 ], [ -122.397049272, 37.775305001 ], [ -122.397049497, 37.775304132 ], [ -122.397049634, 37.775303243 ], [ -122.397049683, 37.775302346 ], [ -122.397049641, 37.775301448 ], [ -122.397049509, 37.775300559 ], [ -122.39704929, 37.775299688 ], [ -122.397048984, 37.775298843 ], [ -122.397048596, 37.775298033 ], [ -122.397048128, 37.775297265 ], [ -122.397047587, 37.775296548 ], [ -122.397046976, 37.775295889 ], [ -122.397046302, 37.775295294 ], [ -122.396753496, 37.775061641 ], [ -122.396752799, 37.775061137 ], [ -122.396752058, 37.775060703 ], [ -122.396751278, 37.775060341 ], [ -122.396750467, 37.775060056 ], [ -122.396749633, 37.775059849 ], [ -122.396748782, 37.775059723 ], [ -122.396747924, 37.775059679 ], [ -122.396747065, 37.775059717 ], [ -122.396746214, 37.775059837 ], [ -122.396745378, 37.775060038 ], [ -122.396744565, 37.775060318 ], [ -122.396743783, 37.775060674 ], [ -122.396743039, 37.775061104 ], [ -122.396742338, 37.775061602 ], [ -122.396705479, 37.775090604 ], [ -122.396704814, 37.775091182 ], [ -122.396704209, 37.775091823 ], [ -122.396703669, 37.77509252 ], [ -122.3967032, 37.775093267 ], [ -122.396702807, 37.775094056 ], [ -122.396702493, 37.775094879 ], [ -122.396702261, 37.77509573 ], [ -122.396702114, 37.775096599 ], [ -122.396702053, 37.775097479 ], [ -122.396702078, 37.77509836 ], [ -122.396702189, 37.775099234 ], [ -122.396702386, 37.775100094 ], [ -122.396702666, 37.77510093 ], [ -122.396703026, 37.775101734 ], [ -122.396703464, 37.775102499 ], [ -122.396703974, 37.775103218 ], [ -122.396704553, 37.775103883 ], [ -122.396705193, 37.775104489 ], [ -122.396705891, 37.775105028 ], [ -122.396706637, 37.775105497 ], [ -122.396707426, 37.77510589 ], [ -122.39670825, 37.775106204 ], [ -122.3967091, 37.775106436 ], [ -122.39670997, 37.775106583 ], [ -122.396710849, 37.775106645 ], [ -122.39671173, 37.775106619 ], [ -122.396712605, 37.775106508 ] ], [ [ -122.394956703, 37.776950926 ], [ -122.394957564, 37.776950889 ], [ -122.394958417, 37.776950769 ], [ -122.394959255, 37.776950569 ], [ -122.39496007, 37.776950289 ], [ -122.394960854, 37.776949933 ], [ -122.394961601, 37.776949502 ], [ -122.394962303, 37.776949003 ], [ -122.394986876, 37.776929669 ], [ -122.394987542, 37.776929091 ], [ -122.394988147, 37.77692845 ], [ -122.394988687, 37.776927753 ], [ -122.394989155, 37.776927006 ], [ -122.394989549, 37.776926217 ], [ -122.394989863, 37.776925393 ], [ -122.394990094, 37.776924543 ], [ -122.394990242, 37.776923674 ], [ -122.394990303, 37.776922794 ], [ -122.394990278, 37.776921913 ], [ -122.394990167, 37.776921038 ], [ -122.39498997, 37.776920179 ], [ -122.39498969, 37.776919343 ], [ -122.39498933, 37.776918539 ], [ -122.394988892, 37.776917773 ], [ -122.394988382, 37.776917055 ], [ -122.394987803, 37.776916389 ], [ -122.394987163, 37.776915784 ], [ -122.394986465, 37.776915244 ], [ -122.394985719, 37.776914776 ], [ -122.39498493, 37.776914382 ], [ -122.394984106, 37.776914068 ], [ -122.394983256, 37.776913837 ], [ -122.394982386, 37.776913689 ], [ -122.394981507, 37.776913628 ], [ -122.394980626, 37.776913653 ], [ -122.394979751, 37.776913764 ], [ -122.394978892, 37.776913961 ], [ -122.394978056, 37.776914241 ], [ -122.394977251, 37.776914601 ], [ -122.394976486, 37.776915039 ], [ -122.394975767, 37.776915549 ], [ -122.394956805, 37.776930468 ], [ -122.394679301, 37.77670763 ], [ -122.394694992, 37.776695285 ], [ -122.394695658, 37.776694706 ], [ -122.394696263, 37.776694065 ], [ -122.394696803, 37.776693368 ], [ -122.394697271, 37.776692622 ], [ -122.394697665, 37.776691833 ], [ -122.394697979, 37.776691009 ], [ -122.39469821, 37.776690158 ], [ -122.394698358, 37.776689289 ], [ -122.394698419, 37.77668841 ], [ -122.394698394, 37.776687529 ], [ -122.394698283, 37.776686654 ], [ -122.394698086, 37.776685795 ], [ -122.394697806, 37.776684959 ], [ -122.394697446, 37.776684154 ], [ -122.394697008, 37.776683389 ], [ -122.394696498, 37.77668267 ], [ -122.394695919, 37.776682005 ], [ -122.394695279, 37.7766814 ], [ -122.394694582, 37.77668086 ], [ -122.394693835, 37.776680391 ], [ -122.394693046, 37.776679998 ], [ -122.394692222, 37.776679684 ], [ -122.394691372, 37.776679452 ], [ -122.394690502, 37.776679305 ], [ -122.394689623, 37.776679244 ], [ -122.394688742, 37.776679269 ], [ -122.394687867, 37.77667938 ], [ -122.394687008, 37.776679576 ], [ -122.394686172, 37.776679856 ], [ -122.394685367, 37.776680217 ], [ -122.394684602, 37.776680654 ], [ -122.394683883, 37.776681165 ], [ -122.39465931, 37.776700498 ], [ -122.394658633, 37.776701088 ], [ -122.394658019, 37.776701741 ], [ -122.394657473, 37.776702453 ], [ -122.394657, 37.776703216 ], [ -122.394656606, 37.776704022 ], [ -122.394656295, 37.776704863 ], [ -122.394656069, 37.776705732 ], [ -122.39465593, 37.776706618 ], [ -122.394655881, 37.776707514 ], [ -122.394655921, 37.77670841 ], [ -122.394656051, 37.776709298 ], [ -122.394656268, 37.776710168 ], [ -122.394656572, 37.776711012 ], [ -122.394656957, 37.776711822 ], [ -122.394657422, 37.77671259 ], [ -122.394657961, 37.776713307 ], [ -122.394658569, 37.776713967 ], [ -122.39465924, 37.776714563 ], [ -122.394951123, 37.776948947 ], [ -122.39495182, 37.776949454 ], [ -122.394952563, 37.776949891 ], [ -122.394953343, 37.776950256 ], [ -122.394954155, 37.776950544 ], [ -122.394954991, 37.776950752 ], [ -122.394955843, 37.77695088 ], [ -122.394956703, 37.776950926 ] ] ], [ [ [ -122.400803773402728, 37.771215498732076 ], [ -122.401195475823528, 37.771527671689867 ], [ -122.401558401640557, 37.771816911223894 ], [ -122.401187988735458, 37.772109491857577 ], [ -122.399648584, 37.773325432 ], [ -122.398917574005296, 37.772725514290286 ], [ -122.400757732, 37.771263981 ], [ -122.400758287, 37.771263547 ], [ -122.400758821, 37.771263145 ], [ -122.400759368, 37.771262747 ], [ -122.400759927, 37.771262354 ], [ -122.400760493, 37.771261971 ], [ -122.400761068, 37.771261594 ], [ -122.400761656, 37.771261223 ], [ -122.40076225, 37.77126086 ], [ -122.400762853, 37.771260506 ], [ -122.400763467, 37.771260158 ], [ -122.40076409, 37.771259818 ], [ -122.400764721, 37.771259486 ], [ -122.400765359, 37.771259164 ], [ -122.400766009, 37.771258848 ], [ -122.400766664, 37.771258541 ], [ -122.400767328, 37.771258242 ], [ -122.400767999, 37.771257953 ], [ -122.400768676, 37.771257673 ], [ -122.400769363, 37.771257401 ], [ -122.400770055, 37.771257139 ], [ -122.400770755, 37.771256885 ], [ -122.40077146, 37.771256642 ], [ -122.40077217, 37.771256408 ], [ -122.400772888, 37.771256183 ], [ -122.400773612, 37.771255968 ], [ -122.400774341, 37.771255763 ], [ -122.400775075, 37.771255568 ], [ -122.400775813, 37.771255383 ], [ -122.400776557, 37.771255208 ], [ -122.400777306, 37.771255043 ], [ -122.400778057, 37.771254888 ], [ -122.400778812, 37.771254744 ], [ -122.400779572, 37.771254611 ], [ -122.400780335, 37.771254487 ], [ -122.400781102, 37.771254374 ], [ -122.40078187, 37.771254272 ], [ -122.400782643, 37.77125418 ], [ -122.400783414, 37.771254099 ], [ -122.40078419, 37.771254029 ], [ -122.400784967, 37.771253969 ], [ -122.400785744, 37.771253921 ], [ -122.400786524, 37.771253883 ], [ -122.400787305, 37.771253855 ], [ -122.400788087, 37.771253839 ], [ -122.400788867, 37.771253833 ], [ -122.400789647, 37.771253838 ], [ -122.400790429, 37.771253855 ], [ -122.400791211, 37.771253882 ], [ -122.40079199, 37.771253919 ], [ -122.400792768, 37.771253968 ], [ -122.400793547, 37.771254027 ], [ -122.40079432, 37.771254096 ], [ -122.400795093, 37.771254177 ], [ -122.400795864, 37.771254269 ], [ -122.400796635, 37.771254371 ], [ -122.400797401, 37.771254483 ], [ -122.400798164, 37.771254606 ], [ -122.400798924, 37.77125474 ], [ -122.400799678, 37.771254883 ], [ -122.40080043, 37.771255037 ], [ -122.400801179, 37.771255202 ], [ -122.400801923, 37.771255377 ], [ -122.400802661, 37.771255561 ], [ -122.400803396, 37.771255756 ], [ -122.400804124, 37.771255961 ], [ -122.400804848, 37.771256176 ], [ -122.400805565, 37.7712564 ], [ -122.400806279, 37.771256634 ], [ -122.400806983, 37.771256877 ], [ -122.400807682, 37.77125713 ], [ -122.400808376, 37.771257392 ], [ -122.400809061, 37.771257663 ], [ -122.400809741, 37.771257944 ], [ -122.400810412, 37.771258233 ], [ -122.400811075, 37.77125853 ], [ -122.400811731, 37.771258837 ], [ -122.400812379, 37.771259152 ], [ -122.400813018, 37.771259475 ], [ -122.40081365, 37.771259806 ], [ -122.400814273, 37.771260146 ], [ -122.400814886, 37.771260493 ], [ -122.40081549, 37.771260848 ], [ -122.400816088, 37.771261212 ], [ -122.400816673, 37.771261581 ], [ -122.400817249, 37.771261957 ], [ -122.400817815, 37.771262341 ], [ -122.400818373, 37.771262733 ], [ -122.40081892, 37.77126313 ], [ -122.400819459, 37.771263536 ], [ -122.400819972, 37.771263935 ], [ -122.401485079, 37.771790177 ], [ -122.40145719, 37.771812167 ], [ -122.401456526, 37.771812746 ], [ -122.401455921, 37.771813388 ], [ -122.401455382, 37.771814085 ], [ -122.401454914, 37.771814832 ], [ -122.401454522, 37.771815622 ], [ -122.401454209, 37.771816446 ], [ -122.401453978, 37.771817297 ], [ -122.401453832, 37.771818166 ], [ -122.401453771, 37.771819046 ], [ -122.401453797, 37.771819927 ], [ -122.401453909, 37.771820801 ], [ -122.401454107, 37.77182166 ], [ -122.401454388, 37.771822496 ], [ -122.401454749, 37.7718233 ], [ -122.401455187, 37.771824065 ], [ -122.401455699, 37.771824783 ], [ -122.401456278, 37.771825448 ], [ -122.401456919, 37.771826052 ], [ -122.401457617, 37.771826591 ], [ -122.401458364, 37.771827059 ], [ -122.401459153, 37.771827452 ], [ -122.401459978, 37.771827765 ], [ -122.401460828, 37.771827996 ], [ -122.401461698, 37.771828142 ], [ -122.401462577, 37.771828202 ], [ -122.401463458, 37.771828176 ], [ -122.401464333, 37.771828064 ], [ -122.401465192, 37.771827867 ], [ -122.401466028, 37.771827586 ], [ -122.401466832, 37.771827225 ], [ -122.401467596, 37.771826786 ], [ -122.401468315, 37.771826275 ], [ -122.401505134, 37.771797243 ], [ -122.401505812, 37.771796651 ], [ -122.401506428, 37.771795994 ], [ -122.401506974, 37.771795278 ], [ -122.401507446, 37.771794512 ], [ -122.40150784, 37.771793702 ], [ -122.40150815, 37.771792857 ], [ -122.401508374, 37.771791985 ], [ -122.401508509, 37.771791095 ], [ -122.401508555, 37.771790196 ], [ -122.401508511, 37.771789297 ], [ -122.401508377, 37.771788407 ], [ -122.401508154, 37.771787535 ], [ -122.401507845, 37.771786689 ], [ -122.401507454, 37.771785879 ], [ -122.401506983, 37.771785111 ], [ -122.401506437, 37.771784395 ], [ -122.401505823, 37.771783737 ], [ -122.401505146, 37.771783144 ], [ -122.400831092, 37.771249824 ], [ -122.400831035, 37.77124978 ], [ -122.400830437, 37.771249314 ], [ -122.400830322, 37.771249226 ], [ -122.400829665, 37.771248731 ], [ -122.400829546, 37.771248643 ], [ -122.400828878, 37.771248157 ], [ -122.400828755, 37.771248069 ], [ -122.400828076, 37.771247593 ], [ -122.400827958, 37.771247512 ], [ -122.400827269, 37.771247045 ], [ -122.400827143, 37.771246961 ], [ -122.400826444, 37.771246504 ], [ -122.400826322, 37.771246425 ], [ -122.400825613, 37.771245978 ], [ -122.400825488, 37.7712459 ], [ -122.400824769, 37.771245463 ], [ -122.400824651, 37.771245392 ], [ -122.400823923, 37.771244965 ], [ -122.400823794, 37.77124489 ], [ -122.400823056, 37.771244473 ], [ -122.400822935, 37.771244406 ], [ -122.400822189, 37.771243999 ], [ -122.400822064, 37.771243932 ], [ -122.400821308, 37.771243535 ], [ -122.400821185, 37.771243472 ], [ -122.400820421, 37.771243086 ], [ -122.400820295, 37.771243023 ], [ -122.400819523, 37.771242648 ], [ -122.4008194, 37.77124259 ], [ -122.400818619, 37.771242225 ], [ -122.400818493, 37.771242167 ], [ -122.400817705, 37.771241813 ], [ -122.400817581, 37.771241758 ], [ -122.400816784, 37.771241416 ], [ -122.400816658, 37.771241362 ], [ -122.400815854, 37.771241031 ], [ -122.400815732, 37.771240981 ], [ -122.400814922, 37.771240661 ], [ -122.400814793, 37.771240611 ], [ -122.400813975, 37.771240302 ], [ -122.400813856, 37.771240258 ], [ -122.400813032, 37.771239959 ], [ -122.400812901, 37.771239913 ], [ -122.40081207, 37.771239627 ], [ -122.400811949, 37.771239586 ], [ -122.400811112, 37.771239311 ], [ -122.400810985, 37.77123927 ], [ -122.400810142, 37.771239007 ], [ -122.40081002, 37.77123897 ], [ -122.400809172, 37.771238718 ], [ -122.400809044, 37.771238681 ], [ -122.40080819, 37.771238442 ], [ -122.400808066, 37.771238408 ], [ -122.400807207, 37.77123818 ], [ -122.400807083, 37.771238148 ], [ -122.400806219, 37.771237932 ], [ -122.400806092, 37.771237901 ], [ -122.400805223, 37.771237697 ], [ -122.4008051, 37.771237669 ], [ -122.400804228, 37.771237477 ], [ -122.400804103, 37.77123745 ], [ -122.400803226, 37.77123727 ], [ -122.4008031, 37.771237246 ], [ -122.40080222, 37.771237078 ], [ -122.400802093, 37.771237055 ], [ -122.400801208, 37.7712369 ], [ -122.400801086, 37.771236879 ], [ -122.400800198, 37.771236736 ], [ -122.40080007, 37.771236716 ], [ -122.40079918, 37.771236586 ], [ -122.400799058, 37.771236569 ], [ -122.400798165, 37.77123645 ], [ -122.400798041, 37.771236435 ], [ -122.400797145, 37.771236329 ], [ -122.400797021, 37.771236315 ], [ -122.400796123, 37.771236221 ], [ -122.400795997, 37.771236209 ], [ -122.400795097, 37.771236127 ], [ -122.40079497, 37.771236117 ], [ -122.400794068, 37.771236048 ], [ -122.400793949, 37.77123604 ], [ -122.400793046, 37.771235984 ], [ -122.400792916, 37.771235977 ], [ -122.400792012, 37.771235933 ], [ -122.40079189, 37.771235928 ], [ -122.400790985, 37.771235897 ], [ -122.400790863, 37.771235894 ], [ -122.400789957, 37.771235875 ], [ -122.400789832, 37.771235873 ], [ -122.400788926, 37.771235867 ], [ -122.400788801, 37.771235867 ], [ -122.400787895, 37.771235873 ], [ -122.400787769, 37.771235875 ], [ -122.400786864, 37.771235894 ], [ -122.400786742, 37.771235898 ], [ -122.400785837, 37.771235929 ], [ -122.400785711, 37.771235935 ], [ -122.400784807, 37.771235979 ], [ -122.400784685, 37.771235985 ], [ -122.400783782, 37.771236042 ], [ -122.400783653, 37.771236051 ], [ -122.400782751, 37.77123612 ], [ -122.400782633, 37.77123613 ], [ -122.400781732, 37.771236212 ], [ -122.400781602, 37.771236224 ], [ -122.400780704, 37.771236319 ], [ -122.400780582, 37.771236332 ], [ -122.400779686, 37.771236439 ], [ -122.400779562, 37.771236454 ], [ -122.400778669, 37.771236573 ], [ -122.400778543, 37.771236591 ], [ -122.400777652, 37.771236722 ], [ -122.40077753, 37.771236741 ], [ -122.400776643, 37.771236885 ], [ -122.400776515, 37.771236906 ], [ -122.400776090236263, 37.771236980958307 ], [ -122.400803773402728, 37.771215498732076 ] ] ] ] } }
]
}
