{
"type": "FeatureCollection",
"name": "parcels_status",
"crs": { "type": "name", "properties": { "name": "urn:ogc:def:crs:OGC:1.3:CRS84" } },
"features": [
{ "type": "Feature", "properties": { "project_id_drop": null, "from_address_num": "1070", "police_district": "BAYVIEW", "supdistpad": "06", "date_map_alt": null, "odd_even": "E", "zoning_code": "MR-MU", "zoning_district": "MISSION ROCK MIXED USE", "analysis_neighborhood": "Mission Bay", "centroid_longitude": "-122.38857251564096", "pw_recorded_map": true, "mapblklot": "8719C001", "date_map_add": "2021-04-13T00:00:00", "data_loaded_at": "2026-06-01T10:22:55.787", "to_address_num": "1070", "street_name": "BRIDGEVIEW", "supdist": "SUPERVISORIAL DISTRICT 6", "planning_district": "South of Market", "project_id_alt": null, "date_map_drop": null, "supname": "Matt Dorsey", "street_type": "WAY", "planning_district_number": "9", "project_id_add": "2021C8719A", "centroid_latitude": "37.77516261079838", "date_rec_drop": null, "police_company": "C", "numbertext": "SIX", "supervisor_district": "6", "data_as_of": "2026-05-31T03:56:00", "block_num": "8719C", "blklot": "8719C001", "in_asr_secured_roll": true, "date_rec_add": "2020-06-12T00:00:00", "lot_num": "001", "active": true, "site": "Pier 50 / Mission Rock", "parcel_label": "8719C001", "status": "complete", "use": "residential", "notes": "Verde -- Mission Rock Block F (Design Controls Figure 1.1; Parcel F per the 2019 Phase 1 submittal and the developer's 2022 groundbreaking announcement), 254-unit Studio Gang-designed residential tower at 1070 Bridgeview Way; leasing started Apr 2024, opened June 2024 (sfyimby.com/2024/04/mision-rock-opens-waterfront-park-starts-leasing-for-verde-san-francisco.html)", "image_paths": null, "image_credits": null, "source_doc_urls": "https://sfyimby.com/2024/04/mision-rock-opens-waterfront-park-starts-leasing-for-verde-san-francisco.html" }, "geometry": { "type": "Polygon", "coordinates": [ [ [ -122.388911072, 37.775328134 ], [ -122.388269294, 37.775366781 ], [ -122.388233961, 37.774997087 ], [ -122.388875737, 37.774958441 ], [ -122.388911072, 37.775328134 ] ] ] } },
{ "type": "Feature", "properties": { "project_id_drop": null, "from_address_num": "1011", "police_district": "BAYVIEW", "supdistpad": "06", "date_map_alt": null, "odd_even": "O", "zoning_code": "MR-MU", "zoning_district": "MISSION ROCK MIXED USE", "analysis_neighborhood": "Mission Bay", "centroid_longitude": "-122.3894856360606", "pw_recorded_map": true, "mapblklot": "8719B002", "date_map_add": "2021-04-13T00:00:00", "data_loaded_at": "2026-06-01T10:22:55.787", "to_address_num": "1023", "street_name": "03RD", "supdist": "SUPERVISORIAL DISTRICT 6", "planning_district": "South of Market", "project_id_alt": null, "date_map_drop": null, "supname": "Matt Dorsey", "street_type": "ST", "planning_district_number": "9", "project_id_add": "2021C8719A", "centroid_latitude": "37.77577885935247", "date_rec_drop": null, "police_company": "C", "numbertext": "SIX", "supervisor_district": "6", "data_as_of": "2026-05-31T03:56:00", "block_num": "8719B", "blklot": "8719B002", "in_asr_secured_roll": true, "date_rec_add": "2020-06-12T00:00:00", "lot_num": "002", "active": true, "site": "Pier 50 / Mission Rock", "parcel_label": "8719B002", "status": "complete", "use": "residential", "notes": "The Canyon -- Mission Rock Block A (Design Controls Figure 1.1; MVRDV's 'Building A', the 3rd Street corner block), 283-unit MVRDV-designed residential tower at 1011-1023 3rd St; completed 2024, opening ceremony June 24 2024 marked Mission Rock's official opening (mvrdv.com/news/4446/the-canyon-mission-rock-complete-san-francisco, en.wikipedia.org/wiki/The_Canyon_(building))", "image_paths": "data/manual/images/the_canyon.jpg", "image_credits": "Photo by Lexi Mattick, CC BY 4.0, via Wikimedia Commons", "source_doc_urls": "https://en.wikipedia.org/wiki/The_Canyon_(building)" }, "geometry": { "type": "Polygon", "coordinates": [ [ [ -122.389189201, 37.776059759 ], [ -122.38913378, 37.775479976 ], [ -122.389758573, 37.775442348 ], [ -122.389824534, 37.776132341 ], [ -122.389189201, 37.776059759 ] ] ] } },
{ "type": "Feature", "properties": { "project_id_drop": null, "from_address_num": null, "police_district": "BAYVIEW", "supdistpad": "06", "date_map_alt": null, "odd_even": null, "zoning_code": "M-2|MR-MU", "zoning_district": "HEAVY INDUSTRIAL|MISSION ROCK MIXED USE", "analysis_neighborhood": "Mission Bay", "centroid_longitude": "-122.38597165277133", "pw_recorded_map": true, "mapblklot": "8719A001", "date_map_add": "2021-04-13T00:00:00", "data_loaded_at": "2026-06-01T10:22:55.787", "to_address_num": null, "street_name": null, "supdist": "SUPERVISORIAL DISTRICT 6", "planning_district": "South of Market", "project_id_alt": null, "date_map_drop": null, "supname": "Matt Dorsey", "street_type": null, "planning_district_number": "9", "project_id_add": "25646", "centroid_latitude": "37.77571841208472", "date_rec_drop": null, "police_company": "C", "numbertext": "SIX", "supervisor_district": "6", "data_as_of": "2026-05-31T03:56:00", "block_num": "8719A", "blklot": "8719A001", "in_asr_secured_roll": true, "date_rec_add": "2020-06-12T00:00:00", "lot_num": "001", "active": true, "site": "Pier 50 / Mission Rock", "parcel_label": "8719A001", "status": "existing", "use": "entertainment", "notes": "Pier 48 -- historic pier (two parallel steel-truss transit sheds, Shed A and Shed B, plus a connecting Shed C added 1937-38 at the bayward end; ~261,000-263,000 gsf total incl. bulkhead buildings, aprons, and 'the Valley' -- a 33,800 gsf open-air corridor between Sheds A and B, historically used for rail cars/cargo transfer on remnant Belt Line Railway spur tracks). Built 1924-1930 (bulkhead wharf completed July 17, 1929); a contributing resource to the Port's National Register-listed Embarcadero Historic District. IDENTIFICATION: this blklot has no street address in DataSF's Assessor roll, but its real, surveyed shape (including the visible gap between sheds matching 'the Valley') matches Pier 48's documented footprint and location exactly when overlaid on satellite imagery -- confirmed, not approximate. Currently managed by Giants Enterprises as an event/exhibition venue (concerts, conferences, corporate galas) and used for interim parking/construction staging; full historic rehabilitation (required to follow the Secretary of the Interior's Standards, entitled for light industrial/PDR/artisan food-beverage manufacturing/commercial event space/maritime retail) has NOT happened -- Pier 48 sits on an aging pile-supported deck over water (unlike the filled/raised Seawall Lot 337 next door) and needs substantial substructure pile repair and seismic work first. Anchor Brewing was originally slated as anchor tenant for a ~209,000-212,500 sf production brewery/taproom spanning Sheds A, B, and the Valley; Anchor closed in 2023 and its 2024 buyer confirmed it will not reopen an SF brewery, so that plan is dead. Recorded as 'existing' (a real, actively-used historic structure, not yet redeveloped per the masterplan) rather than 'complete' or 'planned'. LOT CORRECTED 2026-09-17: this row joined blklot 9900048, which DataSF's Assessor roll retired on 2020-06-12 (date_rec_drop) when Seawall Lot 337 was subdivided; the live lot for the pier is 8719A001 (recorded the same day, active), whose 27,493 m2 also takes in the pier aprons -- the Design Controls' 'Pier 48 Apron' open space (Section 3.6) is therefore inside this record rather than drawn separately. The retired lot's shape had IoU 0.86 with the live one and both contain DataSF's 16,913 m2 Pier 48 building footprint (sf16_bldgid 201006.0000016).", "image_paths": null, "image_credits": null, "source_doc_urls": "https://www.sfplanning.org/document/pier-48-historic-resource-evaluation|https://giantsenterprises.com/oracle-park-edge/pier-48/" }, "geometry": { "type": "Polygon", "coordinates": [ [ [ -122.387388502, 37.776071737 ], [ -122.387084674, 37.776106542 ], [ -122.38471832, 37.776377591 ], [ -122.384717179, 37.776377068 ], [ -122.384716052, 37.776376526 ], [ -122.384714938, 37.776375967 ], [ -122.384713839, 37.776375388 ], [ -122.384712756, 37.776374793 ], [ -122.384711688, 37.77637418 ], [ -122.384710636, 37.77637355 ], [ -122.3847096, 37.776372903 ], [ -122.384708581, 37.77637224 ], [ -122.38470758, 37.776371559 ], [ -122.384706596, 37.776370863 ], [ -122.38470563, 37.776370152 ], [ -122.384704683, 37.776369425 ], [ -122.384703755, 37.776368682 ], [ -122.384702845, 37.776367924 ], [ -122.384701956, 37.776367152 ], [ -122.384701087, 37.776366366 ], [ -122.384700238, 37.776365566 ], [ -122.38469941, 37.776364752 ], [ -122.384698603, 37.776363924 ], [ -122.384697818, 37.776363084 ], [ -122.384697054, 37.776362232 ], [ -122.384696312, 37.776361367 ], [ -122.384695592, 37.776360491 ], [ -122.384694895, 37.776359603 ], [ -122.384694222, 37.776358704 ], [ -122.384693571, 37.776357794 ], [ -122.384692945, 37.776356874 ], [ -122.384692342, 37.776355944 ], [ -122.384691762, 37.776355005 ], [ -122.384691208, 37.776354055 ], [ -122.384690677, 37.776353098 ], [ -122.384690172, 37.776352132 ], [ -122.384689691, 37.776351157 ], [ -122.384689236, 37.776350176 ], [ -122.384688806, 37.776349187 ], [ -122.384688401, 37.776348191 ], [ -122.384688022, 37.77634719 ], [ -122.38468767, 37.776346181 ], [ -122.384687342, 37.776345168 ], [ -122.384687041, 37.77634415 ], [ -122.384686767, 37.776343126 ], [ -122.384686518, 37.776342099 ], [ -122.384686297, 37.776341068 ], [ -122.384686101, 37.776340033 ], [ -122.384685933, 37.776338996 ], [ -122.384685791, 37.776337956 ], [ -122.384685676, 37.776336914 ], [ -122.384685588, 37.776335871 ], [ -122.384685526, 37.776334825 ], [ -122.384685492, 37.776333779 ], [ -122.384685483, 37.776332733 ], [ -122.384685503, 37.776331688 ], [ -122.38468555, 37.776330641 ], [ -122.384513022, 37.775375234 ], [ -122.386991907, 37.775091295 ], [ -122.387291529, 37.775056972 ], [ -122.387367466, 37.775851609 ], [ -122.387388502, 37.776071737 ] ] ] } },
{ "type": "Feature", "properties": { "project_id_drop": null, "from_address_num": "300", "police_district": "BAYVIEW", "supdistpad": "06", "date_map_alt": null, "odd_even": "E", "zoning_code": "MR-MU", "zoning_district": "MISSION ROCK MIXED USE", "analysis_neighborhood": "Mission Bay", "centroid_longitude": "-122.38864169060989", "pw_recorded_map": true, "mapblklot": "8719A008", "date_map_add": "2021-04-13T00:00:00", "data_loaded_at": "2026-06-01T10:22:55.787", "to_address_num": "300", "street_name": "TONI STONE", "supdist": "SUPERVISORIAL DISTRICT 6", "planning_district": "South of Market", "project_id_alt": null, "date_map_drop": null, "supname": "Matt Dorsey", "street_type": "XING", "planning_district_number": "9", "project_id_add": "2021C8719A", "centroid_latitude": "37.775755445912566", "date_rec_drop": null, "police_company": "C", "numbertext": "SIX", "supervisor_district": "6", "data_as_of": "2026-05-31T03:56:00", "block_num": "8719A", "blklot": "8719A008", "in_asr_secured_roll": true, "date_rec_add": "2020-06-12T00:00:00", "lot_num": "008", "active": true, "site": "Pier 50 / Mission Rock", "parcel_label": "8719A008", "status": "complete", "use": "commercial", "notes": "Building G -- Visa Global/North America HQ, 13-story ~299,600 sf (283,320 office + 16,280 retail); Henning Larsen design, LEED Gold target; TCO Jan 2023, Visa occupancy Apr 2024, up to 1,500 employees (Port memo, Oct 2023; henninglarsen.com/projects/mission-rock-building-g). CORRECTED 2026-09-13: an earlier version of this row joined blklot 8719005, addressed to a compact office tower at the south end of block 8719 near the 3rd St/China Basin Channel bridge -- that tower is actually the pre-existing (1922/1991) Wharfside/Berry Building office campus at 185 Berry St ('China Basin Landing'), wholly unrelated to Mission Rock; the earlier join was a mistaken shape/position match, not verified against the real cross-street. Re-identified via a direct search confirming Visa's real address (1051 3rd St) sits at the cross-street Toni Stone Crossing -- a real, Mission-Rock-internal street -- and blklot 8719A008 is the one addressed '300 Toni Stone Xing' in DataSF's Assessor roll, positioned correctly at the north end of the site immediately next to Verde/China Basin Park (not the south end). Its ~53,000 sqft footprint is plausible for a tower-plus-podium base of this size.", "image_paths": null, "image_credits": null, "source_doc_urls": "https://henninglarsen.com/projects/mission-rock-building-g|https://www.tishmanspeyer.com/properties/san-francisco/visa-building-mission-rock" }, "geometry": { "type": "Polygon", "coordinates": [ [ [ -122.388926777, 37.775492442 ], [ -122.388978706, 37.77603571 ], [ -122.3883261, 37.775961149 ], [ -122.388284997, 37.775531089 ], [ -122.388926777, 37.775492442 ] ] ] } },
{ "type": "Feature", "properties": { "project_id_drop": null, "from_address_num": "1089", "police_district": "BAYVIEW", "supdistpad": "06", "date_map_alt": null, "odd_even": "O", "zoning_code": "MR-MU", "zoning_district": "MISSION ROCK MIXED USE", "analysis_neighborhood": "Mission Bay", "centroid_longitude": "-122.38939587537719", "pw_recorded_map": true, "mapblklot": "8719C003", "date_map_add": "2021-04-13T00:00:00", "data_loaded_at": "2026-06-01T10:22:55.787", "to_address_num": "1089", "street_name": "03RD", "supdist": "SUPERVISORIAL DISTRICT 6", "planning_district": "South of Market", "project_id_alt": null, "date_map_drop": null, "supname": "Matt Dorsey", "street_type": "ST", "planning_district_number": "9", "project_id_add": "2021C8719A", "centroid_latitude": "37.7749901540242", "date_rec_drop": null, "police_company": "C", "numbertext": "SIX", "supervisor_district": "6", "data_as_of": "2026-05-31T03:56:00", "block_num": "8719C", "blklot": "8719C003", "in_asr_secured_roll": true, "date_rec_add": "2020-06-12T00:00:00", "lot_num": "003", "active": true, "site": "Pier 50 / Mission Rock", "parcel_label": "8719C003", "status": "complete", "use": "commercial", "notes": "Building B -- ~300,000 sf Class A office/life-science (258,994 sf office + 13,773 sf retail); TCO June 2023; tenants incl. Coinbase, Nvidia (45,000 sf, lease starting ~Mar 2026); also houses the district's blackwater/non-potable water treatment plant (Port memo, Oct 2023; The Real Deal, Nov 2025; nibbi.com/projects/mission-rock-building-b). CORRECTED 2026-09-13: an earlier version of this row joined blklot 8719001 (the Wharfside/Berry Building at 185 Berry St, unrelated to Mission Rock -- see Building G's row above for the same error). Re-identified using the Mission Rock Design Controls' own Figure 1.1 (Land Use Plan) and Figure 6.2 (Height Plan): the official masterplan places Block B directly south of Block A along 3rd St, as a Commercial Mixed Use block -- matching blklot 8719C003, addressed 1089 3rd St (a higher address number than Canyon/Block A's 1011-1023, consistent with being one block further south), with a ~64,600 sqft multi-wing footprint plausible for this building's size, positioned in a 2x2 cluster with Canyon (8719B002, NW), Visa/Building G (8719A008, NE), and Verde (8719C001, SE) that matches the diagram's A/G (north row) and B/F (south row) layout exactly.", "image_paths": null, "image_credits": null, "source_doc_urls": "https://www.nibbi.com/projects/mission-rock-building-b/|https://therealdeal.com/san-francisco/2025/11/21/nvidia-leases-first-ever-san-francisco-offices/" }, "geometry": { "type": "Polygon", "coordinates": [ [ [ -122.389118076, 37.775315668 ], [ -122.389058837, 37.774695925 ], [ -122.389653331, 37.774660122 ], [ -122.389725321, 37.775094512 ], [ -122.389742866, 37.77527804 ], [ -122.389118076, 37.775315668 ] ] ] } },
{ "type": "Feature", "properties": { "project_id_drop": null, "from_address_num": null, "police_district": "BAYVIEW", "supdistpad": "06", "date_map_alt": null, "odd_even": null, "zoning_code": "MR-MU", "zoning_district": "MISSION ROCK MIXED USE", "analysis_neighborhood": "Mission Bay", "centroid_longitude": "-122.38934364149708", "pw_recorded_map": true, "mapblklot": "8719C004", "date_map_add": "2021-04-13T00:00:00", "data_loaded_at": "2026-06-01T10:22:55.787", "to_address_num": null, "street_name": null, "supdist": "SUPERVISORIAL DISTRICT 6", "planning_district": "South of Market", "project_id_alt": null, "date_map_drop": null, "supname": "Matt Dorsey", "street_type": null, "planning_district_number": "9", "project_id_add": "2021C8719A", "centroid_latitude": "37.774582738984", "date_rec_drop": null, "police_company": "C", "numbertext": "SIX", "supervisor_district": "6", "data_as_of": "2026-05-31T03:56:00", "block_num": "8719C", "blklot": "8719C004", "in_asr_secured_roll": true, "date_rec_add": "2020-06-12T00:00:00", "lot_num": "004", "active": true, "site": "Pier 50 / Mission Rock", "parcel_label": "8719C004", "status": "planned", "use": "park", "notes": "Channel Street (open space) -- the Design Controls' Section 3.7 open space between Blocks B and C, from 3rd Street to the Shared Public Way: a 50 ft plaza with a 12 ft pedestrian throughway, a tree grove and active edges along both blocks. Its own real Assessor lot, 8719C004 (1,110 m2, recorded 2020-06-12 with the Seawall Lot 337 subdivision), matching Figure 3.1.1's Channel Street rectangle. Recorded as 'planned' rather than 'complete': the 2019 Phase 1 submittal delivered an interim pedestrian plaza here ('two interim pedestrian plazas south of Parcels B and F', with Channel Street given an interim treatment), and the permanent open space design comes with Block C. Satellite imagery shows paving and planting on the lot today. Added 2026-09-17 (Mission Rock geometry brief).", "image_paths": null, "image_credits": null, "source_doc_urls": "https://www.sfport.com/sites/default/files/2025-07/Mission%20Rock%20Design%20Controls%204.24.18_FINAL_Reduced%20File.pdf|https://www.sfport.com/sites/default/files/Documents/Item%2011D%20Attachment%201%20Mission%20Rock%20Draft%20Phase%201%20Submittal%20Summary_06%2027%2019_2.pdf" }, "geometry": { "type": "Polygon", "coordinates": [ [ [ -122.389653331, 37.774660122 ], [ -122.389058837, 37.774695925 ], [ -122.389040514, 37.774504232 ], [ -122.389621697, 37.774469231 ], [ -122.389653331, 37.774660122 ] ] ] } },
{ "type": "Feature", "properties": { "project_id_drop": null, "from_address_num": null, "police_district": "BAYVIEW", "supdistpad": "06", "date_map_alt": null, "odd_even": null, "zoning_code": "MR-MU", "zoning_district": "MISSION ROCK MIXED USE", "analysis_neighborhood": "Mission Bay", "centroid_longitude": "-122.38905824696212", "pw_recorded_map": true, "mapblklot": "8719B001", "date_map_add": "2021-04-13T00:00:00", "data_loaded_at": "2026-06-01T10:22:55.787", "to_address_num": null, "street_name": null, "supdist": "SUPERVISORIAL DISTRICT 6", "planning_district": "South of Market", "project_id_alt": null, "date_map_drop": null, "supname": "Matt Dorsey", "street_type": null, "planning_district_number": "9", "project_id_add": "2021C8719A", "centroid_latitude": "37.77576700322807", "date_rec_drop": null, "police_company": "C", "numbertext": "SIX", "supervisor_district": "6", "data_as_of": "2026-05-31T03:56:00", "block_num": "8719B", "blklot": "8719B001", "in_asr_secured_roll": true, "date_rec_add": "2020-06-12T00:00:00", "lot_num": "001", "active": true, "site": "Pier 50 / Mission Rock", "parcel_label": "8719B001", "status": "complete", "use": "park", "notes": "Shared Public Way paseo (Dr Maya Angelou Lane, north segment) -- the pedestrian paseo between Block A/The Canyon and Block G/Visa, from Exposition Street (Toni Stone Crossing) to China Basin Park; Design Controls Figure 3.1.1 marks it as Paseo 4.2. Built with Phase 1 ('a pedestrian paseo in between Parcels A and G', 2019 Phase 1 submittal; the submittal says Phase 1 will complete the Shared Public Way and Bridgeview Street paseos north of Exposition Street). Its own real Assessor lot, 8719B001 (1,145 m2, recorded 2020-06-12); DataSF's street centerline names it Dr Maya Angelou Ln (CNN 15286000, layer PRIVATE). Added 2026-09-17 (Mission Rock geometry brief).", "image_paths": null, "image_credits": null, "source_doc_urls": "https://www.sfport.com/sites/default/files/2025-07/Mission%20Rock%20Design%20Controls%204.24.18_FINAL_Reduced%20File.pdf|https://www.sfport.com/sites/default/files/Documents/Item%2011D%20Attachment%201%20Mission%20Rock%20Draft%20Phase%201%20Submittal%20Summary_06%2027%2019_2.pdf" }, "geometry": { "type": "Polygon", "coordinates": [ [ [ -122.38913378, 37.775479976 ], [ -122.389189201, 37.776059759 ], [ -122.388978706, 37.77603571 ], [ -122.388926777, 37.775492442 ], [ -122.38913378, 37.775479976 ] ] ] } },
{ "type": "Feature", "properties": { "project_id_drop": null, "from_address_num": "1044", "police_district": "BAYVIEW", "supdistpad": "06", "date_map_alt": null, "odd_even": "E", "zoning_code": "MR-MU", "zoning_district": "MISSION ROCK MIXED USE", "analysis_neighborhood": "Mission Bay", "centroid_longitude": "-122.38820271636153", "pw_recorded_map": true, "mapblklot": "8719A007", "date_map_add": "2021-04-13T00:00:00", "data_loaded_at": "2026-06-01T10:22:55.787", "to_address_num": "1046", "street_name": "BRIDGEVIEW", "supdist": "SUPERVISORIAL DISTRICT 6", "planning_district": "South of Market", "project_id_alt": null, "date_map_drop": null, "supname": "Matt Dorsey", "street_type": "WAY", "planning_district_number": "9", "project_id_add": "2021C8719A", "centroid_latitude": "37.77574326514905", "date_rec_drop": null, "police_company": "C", "numbertext": "SIX", "supervisor_district": "6", "data_as_of": "2026-05-31T03:56:00", "block_num": "8719A", "blklot": "8719A007", "in_asr_secured_roll": true, "date_rec_add": "2020-06-12T00:00:00", "lot_num": "007", "active": true, "site": "Pier 50 / Mission Rock", "parcel_label": "8719A007", "status": "complete", "use": "park", "notes": "Bridgeview Street paseo (Bridgeview Way, north segment) -- the pedestrian paseo between Block G/Visa and Block K, from Exposition Street (Toni Stone Crossing) to China Basin Park; Design Controls Figure 3.1.1 marks it as Paseo 4.4. Built with Phase 1 (2019 Phase 1 submittal: Phase 1 completes the Shared Public Way and Bridgeview Street paseos north of Exposition Street). Its own real Assessor lot, 8719A007 (840 m2, addressed 1044 Bridgeview Way, recorded 2020-06-12); DataSF centerline CNN 15284000 (Bridgeview Way, END: NORTH to Toni Stone Xing, layer PRIVATE). Its east lot line is Block K's west edge. Added 2026-09-17 (Mission Rock geometry brief).", "image_paths": null, "image_credits": null, "source_doc_urls": "https://www.sfport.com/sites/default/files/2025-07/Mission%20Rock%20Design%20Controls%204.24.18_FINAL_Reduced%20File.pdf|https://www.sfport.com/sites/default/files/Documents/Item%2011D%20Attachment%201%20Mission%20Rock%20Draft%20Phase%201%20Submittal%20Summary_06%2027%2019_2.pdf" }, "geometry": { "type": "Polygon", "coordinates": [ [ [ -122.388284997, 37.775531089 ], [ -122.3883261, 37.775961149 ], [ -122.388115606, 37.775937099 ], [ -122.388077993, 37.775543553 ], [ -122.388284997, 37.775531089 ] ] ] } },
{ "type": "Feature", "properties": { "project_id_drop": null, "from_address_num": "1070", "police_district": "BAYVIEW", "supdistpad": "10", "date_map_alt": null, "odd_even": "E", "zoning_code": "P70-MU", "zoning_district": "PIER 70 MIXED USE", "analysis_neighborhood": "Potrero Hill", "centroid_longitude": "-122.38426260412247", "pw_recorded_map": true, "mapblklot": "4114010", "date_map_add": "2021-07-07T00:00:00", "data_loaded_at": "2026-06-01T10:22:55.787", "to_address_num": "1070", "street_name": "MARYLAND", "supdist": "SUPERVISORIAL DISTRICT 10", "planning_district": "South of Market", "project_id_alt": null, "date_map_drop": null, "supname": "Shamann Walton", "street_type": "ST", "planning_district_number": "9", "project_id_add": "25726", "centroid_latitude": "37.758716436858165", "date_rec_drop": null, "police_company": "C", "numbertext": "TEN", "supervisor_district": "10", "data_as_of": "2026-05-31T03:56:00", "block_num": "4114", "blklot": "4114010", "in_asr_secured_roll": true, "date_rec_add": "2020-10-23T00:00:00", "lot_num": "010", "active": true, "site": "Pier 70", "parcel_label": "4114010", "status": "complete", "use": "mixed", "notes": "Historic Building 12, 1070 Maryland St -- ground floor plan (Building 12 leasing brochure, pier70sf.com) shows it bounded by Louisiana St (west), Maryland St (east), 22nd St (south), and Potrero Point Plaza (north); seismic retrofit/adaptive reuse complete, hosting events, and 2026 VC office lease (General Catalyst, 70,000 sqft, 3rd floor). CORRECTED 2026-09-13: previously joined to blklot 4045017 (700 Illinois St) -- that parcel is actually an unrelated residential condo building over 500m further north/west (confirmed by a user-supplied screenshot showing this project's Elevation Sky Park box, anchored on the old position, sitting on top of the real Crane Cove Park; satellite imagery then showed the old Building-12 point in an ordinary residential block, and the correct blklot 4114010 exactly outlines the real sawtooth-roofed industrial building visible in satellite imagery at 1070 Maryland St). An earlier version of this row also credited the RH showroom to this building -- that's actually Building 101, the separate 1917 Bethlehem Steel administrative building at the corner of 20th/Illinois St, ~500m away (sfchronicle.com/sf/article/pier-70-building-12-19513305.php, therealdeal.com/san-francisco/2026/01/27/vc-firm-joins-pier-70-in-significant-office-lease, en.wikipedia.org/wiki/Building_101_(San_Francisco), pier70sf.com/leasing/building-12/, pier70sf.com/wp-content/uploads/2020/12/Building-12_Digital.pdf)", "image_paths": "data/manual/images/building12.jpg|data/manual/images/building12_corrugated.jpg|data/manual/images/building12_roof.jpg|data/manual/images/building12_interior.jpg", "image_credits": "Photo Credit: SITELAB urban studio, 'Aiken Roof at Building 12', from Pier 70 Design for Development (Port of San Francisco, adopted planning document)|Photo Credit: Forest City / Shae Rocco, 'Corrugated Metal at Building 12', from Pier 70 Design for Development (Port of San Francisco, adopted planning document)|Photo Credit: Shae Rocco / Forest City, 'Building 12 - Roof', from Pier 70 Design for Development (Port of San Francisco, adopted planning document)|Photo Credit: Shae Rocco / Forest City, 'Building 12 - Interior', from Pier 70 Design for Development (Port of San Francisco, adopted planning document)", "source_doc_urls": "https://www.sfport.com/media/8123/download?inline=|https://pier70sf.com/leasing/building-12/" }, "geometry": { "type": "Polygon", "coordinates": [ [ [ -122.383788838, 37.7583987 ], [ -122.384230689, 37.758372632 ], [ -122.384672343, 37.758346575 ], [ -122.384693402, 37.758571204 ], [ -122.384719716, 37.758851888 ], [ -122.384736714, 37.759033196 ], [ -122.384458524, 37.759049609 ], [ -122.384458652, 37.759050978 ], [ -122.38385323, 37.759086695 ], [ -122.383821034, 37.758742698 ], [ -122.383788838, 37.7583987 ] ] ] } },
{ "type": "Feature", "properties": { "project_id_drop": null, "from_address_num": "1212", "police_district": "BAYVIEW", "supdistpad": "10", "date_map_alt": null, "odd_even": "E", "zoning_code": "PPS-MU", "zoning_district": "POTRERO POWER STATION MIXED USE", "analysis_neighborhood": "Potrero Hill", "centroid_longitude": "-122.38373964218661", "pw_recorded_map": true, "mapblklot": "4232020", "date_map_add": "2023-12-01T00:00:00", "data_loaded_at": "2026-06-01T10:22:55.787", "to_address_num": "1212", "street_name": "MARYLAND", "supdist": "SUPERVISORIAL DISTRICT 10", "planning_district": "South of Market", "project_id_alt": null, "date_map_drop": null, "supname": "Shamann Walton", "street_type": "ST", "planning_district_number": "9", "project_id_add": "26099", "centroid_latitude": "37.756777620090524", "date_rec_drop": null, "police_company": "C", "numbertext": "TEN", "supervisor_district": "10", "data_as_of": "2026-05-31T03:56:00", "block_num": "4232", "blklot": "4232020", "in_asr_secured_roll": true, "date_rec_add": "2022-08-30T00:00:00", "lot_num": "020", "active": true, "site": "Potrero Power Station", "parcel_label": "4232020", "status": "complete", "use": "residential", "notes": "Sophie Maxwell Building, 1212 Maryland St -- 105-unit affordable/workforce housing (50-110% AMI); construction completed Aug 2025, opened to residents Oct 2025 -- both dates confirmed, not contradictory (construction-complete vs. public-opening) (sfyimby.com/2025/10/sophie-maxwell-affordable-housing-opens-in-potrero-power-station-san-francisco.html; SF Port Commission memo, Calendar Item 10A, Nov 14 2025, sfport.com/sites/default/files/2025-11/111825_10a_potrero_power_station_lease_amendment_0.pdf)", "image_paths": null, "image_credits": null, "source_doc_urls": "https://sfyimby.com/2025/10/sophie-maxwell-affordable-housing-opens-in-potrero-power-station-san-francisco.html" }, "geometry": { "type": "Polygon", "coordinates": [ [ [ -122.383539552, 37.75660134 ], [ -122.383794802, 37.756586011 ], [ -122.383808977, 37.756722181 ], [ -122.383959748, 37.756713125 ], [ -122.383980813, 37.756915671 ], [ -122.383574811, 37.756940054 ], [ -122.383539552, 37.75660134 ] ] ] } },
{ "type": "Feature", "properties": { "project_id_drop": null, "from_address_num": "249", "police_district": "BAYVIEW", "supdistpad": "10", "date_map_alt": null, "odd_even": "O", "zoning_code": "PPS-MU", "zoning_district": "POTRERO POWER STATION MIXED USE", "analysis_neighborhood": "Potrero Hill", "centroid_longitude": "-122.38405585512004", "pw_recorded_map": true, "mapblklot": "4175027", "date_map_add": "2023-12-01T00:00:00", "data_loaded_at": "2026-06-01T10:22:55.787", "to_address_num": "249", "street_name": "CRAIG", "supdist": "SUPERVISORIAL DISTRICT 10", "planning_district": "South of Market", "project_id_alt": null, "date_map_drop": null, "supname": "Shamann Walton", "street_type": "LN", "planning_district_number": "9", "project_id_add": "26099", "centroid_latitude": "37.75736815615506", "date_rec_drop": null, "police_company": "C", "numbertext": "TEN", "supervisor_district": "10", "data_as_of": "2026-05-31T03:56:00", "block_num": "4175", "blklot": "4175027", "in_asr_secured_roll": true, "date_rec_add": "2022-08-30T00:00:00", "lot_num": "027", "active": true, "site": "Potrero Power Station", "parcel_label": "4175027", "status": "under_construction", "use": "commercial", "notes": "Block 2, 249 Craig Ln -- Herzog & de Meuron-designed UCSF life sciences/cancer research building; foundation excavation underway Feb 2026, completion expected late 2028 (sfyimby.com/2026/02/excavation-work-underway-for-potrero-power-station-block-2-san-francisco.html). CORRECTED 2026-09-16: this row previously pointed to blklot 4232022 (151 Humboldt St), added on a text-match to this same article's mention of 'Block 2' without checking geometry. The D4D's Figure 6.2.3 places Block 2 west of Block 3, fronting Craig Lane -- blklot 4232022's real Assessor geometry instead sits ~250m south, roughly where the diagram's Block 8 is, with no visible construction activity there in satellite imagery. blklot 4175027 (active parcel, address 249 Craig Ln, recorded 2022-08-30) sits exactly where the diagram places Block 2, and its boundary precisely outlines a real excavation pit with visible crane/equipment in current satellite imagery -- a strong match to this article's 'excavation underway' description. The '151 Humboldt St' address from the original (wrong) row could not be independently reconfirmed against this corrected parcel and may itself have been an error; flagging rather than asserting it. blklot 4232022's own true identity is still unconfirmed and is NOT claimed to be any other specific numbered block here.", "image_paths": null, "image_credits": null, "source_doc_urls": "https://sfyimby.com/2024/05/renderings-revealed-for-life-sciences-complex-in-potrero-power-station-san-francisco.html" }, "geometry": { "type": "Polygon", "coordinates": [ [ [ -122.383583673, 37.757130317 ], [ -122.384476008, 37.757075753 ], [ -122.384527542, 37.757606972 ], [ -122.383635157, 37.757659669 ], [ -122.383583673, 37.757130317 ] ] ] } },
{ "type": "Feature", "properties": { "project_id_drop": null, "from_address_num": "1290", "police_district": "BAYVIEW", "supdistpad": "06", "date_map_alt": null, "odd_even": "E", "zoning_code": "MB-RA", "zoning_district": "MISSION BAY REDEVELOPMENT", "analysis_neighborhood": "Mission Bay", "centroid_longitude": "-122.390097330168", "pw_recorded_map": true, "mapblklot": "8711029B", "date_map_add": "2021-06-02T00:00:00", "data_loaded_at": "2026-06-14T10:13:23.430", "to_address_num": "1290", "street_name": "03RD", "supdist": "SUPERVISORIAL DISTRICT 6", "planning_district": "South of Market", "project_id_alt": null, "date_map_drop": null, "supname": "Matt Dorsey", "street_type": "ST", "planning_district_number": "9", "project_id_add": "2021P8711", "centroid_latitude": "37.77243448193863", "date_rec_drop": null, "police_company": "C", "numbertext": "SIX", "supervisor_district": "6", "data_as_of": "2026-06-13T03:56:00", "block_num": "8711", "blklot": "8711029B", "in_asr_secured_roll": true, "date_rec_add": "2010-12-16T00:00:00", "lot_num": "029B", "active": true, "site": "Mission Bay South", "parcel_label": "8711029B", "status": "planned", "use": "residential", "notes": "MB4E -- 398-unit, 100% affordable (30-95% AMI) two-phase development (Phase I: 165 units/16 stories fronting China Basin St; Phase II: 233 units/23 stories fronting Mission Rock St), plus ~1,250 sqft ground-floor retail, on a currently-active surface parking lot at 1290 3rd St between Mission Rock St and China Basin St. Developed by Curtis Development + Bayview Senior Services under SF's Office of Community Investment and Infrastructure (OCII) -- administratively separate from the Giants/Tishman Speyer Mission Rock masterplan (the Verde/Canyon rows above), despite sitting immediately adjacent to it and fronting a street literally named Mission Rock St. Per SF's own Spring 2026 development pipeline forecast, still in pre-construction bid-package phase as of that report; Phase I construction targeted to start early 2027, Phase II 2028 -- NOT yet under vertical construction as of this row's sourcing (2026-09-13), despite likely visible fencing/site-prep activity. NOTE: added after direct on-the-ground user observation of this parking lot; verified via SF OEWD's official pipeline forecast, OCII commission exhibits, and DataSF parcel records rather than assumed. (mb4e.com; sfyimby.com/2025/06/renderings-revealed-for-23-story-affordable-housing-in-mission-bay-san-francisco.html; media.api.sf.gov/documents/Spring_2026_DEV_Forecast.pdf)", "image_paths": null, "image_credits": null, "source_doc_urls": "https://www.mb4e.com/|https://sfyimby.com/2025/06/renderings-revealed-for-23-story-affordable-housing-in-mission-bay-san-francisco.html|https://media.api.sf.gov/documents/Spring_2026_DEV_Forecast.pdf" }, "geometry": { "type": "Polygon", "coordinates": [ [ [ -122.389846998, 37.772828308 ], [ -122.389775002, 37.772075148 ], [ -122.390347659, 37.772040655 ], [ -122.390419661, 37.772793816 ], [ -122.389846998, 37.772828308 ] ] ] } },
{ "type": "Feature", "properties": { "project_id_drop": null, "from_address_num": "1290", "police_district": "BAYVIEW", "supdistpad": "06", "date_map_alt": null, "odd_even": "E", "zoning_code": "MB-RA", "zoning_district": "MISSION BAY REDEVELOPMENT", "analysis_neighborhood": "Mission Bay", "centroid_longitude": "-122.390097330168", "pw_recorded_map": true, "mapblklot": "8711029B", "date_map_add": "2021-06-02T00:00:00", "data_loaded_at": "2026-06-14T10:13:23.430", "to_address_num": "1290", "street_name": "03RD", "supdist": "SUPERVISORIAL DISTRICT 6", "planning_district": "South of Market", "project_id_alt": null, "date_map_drop": null, "supname": "Matt Dorsey", "street_type": "ST", "planning_district_number": "9", "project_id_add": "2021P8711", "centroid_latitude": "37.77243448193863", "date_rec_drop": null, "police_company": "C", "numbertext": "SIX", "supervisor_district": "6", "data_as_of": "2026-06-13T03:56:00", "block_num": "8711", "blklot": "8711029B", "in_asr_secured_roll": true, "date_rec_add": "2010-12-16T00:00:00", "lot_num": "029B", "active": true, "site": "Mission Bay South", "parcel_label": "8711029B", "status": "planned", "use": "residential", "notes": "MB4E -- 398-unit, 100% affordable (30-95% AMI) two-phase development (Phase I: 165 units/16 stories fronting China Basin St; Phase II: 233 units/23 stories fronting Mission Rock St), plus ~1,250 sqft ground-floor retail, on a currently-active surface parking lot at 1290 3rd St between Mission Rock St and China Basin St. Developed by Curtis Development + Bayview Senior Services under SF's Office of Community Investment and Infrastructure (OCII) -- administratively separate from the Giants/Tishman Speyer Mission Rock masterplan (the Verde/Canyon rows above), despite sitting immediately adjacent to it and fronting a street literally named Mission Rock St. Per SF's own Spring 2026 development pipeline forecast, still in pre-construction bid-package phase as of that report; Phase I construction targeted to start early 2027, Phase II 2028 -- NOT yet under vertical construction as of this row's sourcing (2026-09-13), despite likely visible fencing/site-prep activity. NOTE: added after direct on-the-ground user observation of this parking lot; verified via SF OEWD's official pipeline forecast, OCII commission exhibits, and DataSF parcel records rather than assumed. (mb4e.com; sfyimby.com/2025/06/renderings-revealed-for-23-story-affordable-housing-in-mission-bay-san-francisco.html; media.api.sf.gov/documents/Spring_2026_DEV_Forecast.pdf)", "image_paths": null, "image_credits": null, "source_doc_urls": "https://www.mb4e.com/|https://sfyimby.com/2025/06/renderings-revealed-for-23-story-affordable-housing-in-mission-bay-san-francisco.html|https://media.api.sf.gov/documents/Spring_2026_DEV_Forecast.pdf" }, "geometry": { "type": "Polygon", "coordinates": [ [ [ -122.389846998, 37.772828308 ], [ -122.389775002, 37.772075148 ], [ -122.390347659, 37.772040655 ], [ -122.390419661, 37.772793816 ], [ -122.389846998, 37.772828308 ] ] ] } },
{ "type": "Feature", "properties": { "project_id_drop": null, "from_address_num": "385", "police_district": "BAYVIEW", "supdistpad": "06", "date_map_alt": null, "odd_even": "O", "zoning_code": "MB-RA", "zoning_district": "MISSION BAY REDEVELOPMENT", "analysis_neighborhood": "Mission Bay", "centroid_longitude": "-122.39510736422085", "pw_recorded_map": true, "mapblklot": "8710006", "date_map_add": "2011-04-21T00:00:00", "data_loaded_at": "2026-06-01T10:22:55.787", "to_address_num": "385", "street_name": "CHANNEL", "supdist": "SUPERVISORIAL DISTRICT 6", "planning_district": "South of Market", "project_id_alt": null, "date_map_drop": null, "supname": "Matt Dorsey", "street_type": "ST", "planning_district_number": "9", "project_id_add": "22359", "centroid_latitude": "37.77104569291457", "date_rec_drop": null, "police_company": "C", "numbertext": "SIX", "supervisor_district": "6", "data_as_of": "2026-05-31T03:56:00", "block_num": "8710", "blklot": "8710006", "in_asr_secured_roll": true, "date_rec_add": "2011-04-08T00:00:00", "lot_num": "006", "active": true, "site": "Mission Bay South", "parcel_label": "8710006", "status": "planned", "use": "mixed", "notes": "Mission Bay South Block 12 West, 385 Channel St (1.6 acres) -- the Mission Bay South project area's last remaining undeveloped development parcel (OCII's own Aug 13 2026 Mission Bay CAC presentation: 'Block 12 West last remaining development parcel; no entitlements remain under Mission Bay Plan Documents'). Currently a surface parking lot fronting the China Basin St roundabout; OCII and land owner FOCIL-MB LLC have proposed a Memorandum of Understanding (going to the OCII Commission Sep 2026) to subdivide it into a 1.16-acre, ~265-unit affordable project (up to 90 ft) and a 0.43-acre, ~270-unit market-rate project with an inclusionary requirement (up to 250 ft) -- both preliminary and subject to change, with entitlements (Redevelopment Plan/Design for Development amendments, OPA housing-program amendment, tentative/final subdivision map) still ahead as of this row's sourcing. Classified 'mixed' here (rather than 'residential') because the two halves are two distinct, differently-affordability-restricted projects, not one building.", "image_paths": null, "image_credits": null, "source_doc_urls": "https://sfocii.org/files/2026-08/Item%202%20-%20MBS%2012%20West%20MOU%20and%20RFP.pdf|https://sfocii.org/files/2026-08/MB%20CAC%20Agenda%208-13-26.pdf|https://sfocii.org/sites/default/files/inline-files/Att%201%20Mission%20Bay%20Land%20Use%20Map.pdf" }, "geometry": { "type": "Polygon", "coordinates": [ [ [ -122.39465311, 37.770849605 ], [ -122.394656188, 37.770849385 ], [ -122.394659264, 37.770849145 ], [ -122.394662337, 37.770848882 ], [ -122.394665407, 37.770848597 ], [ -122.394668473, 37.770848291 ], [ -122.394671536, 37.770847962 ], [ -122.394674596, 37.770847613 ], [ -122.394677651, 37.770847241 ], [ -122.394680702, 37.770846849 ], [ -122.394683748, 37.770846434 ], [ -122.39468679, 37.770845998 ], [ -122.394689827, 37.770845541 ], [ -122.394692858, 37.770845063 ], [ -122.394695884, 37.770844563 ], [ -122.394698904, 37.770844041 ], [ -122.394701918, 37.770843498 ], [ -122.394704926, 37.770842934 ], [ -122.394707928, 37.770842349 ], [ -122.394710923, 37.770841743 ], [ -122.394713911, 37.770841115 ], [ -122.394716892, 37.770840466 ], [ -122.394719865, 37.770839796 ], [ -122.394722831, 37.770839105 ], [ -122.394725789, 37.770838394 ], [ -122.394728739, 37.770837661 ], [ -122.39473168, 37.770836908 ], [ -122.394734613, 37.770836134 ], [ -122.394737537, 37.77083534 ], [ -122.394740452, 37.770834524 ], [ -122.394743358, 37.770833688 ], [ -122.394746255, 37.770832831 ], [ -122.394749141, 37.770831955 ], [ -122.394752018, 37.770831058 ], [ -122.394754884, 37.77083014 ], [ -122.39475774, 37.770829202 ], [ -122.394760586, 37.770828244 ], [ -122.39476342, 37.770827266 ], [ -122.394766244, 37.770826268 ], [ -122.394769056, 37.770825251 ], [ -122.394771857, 37.770824213 ], [ -122.394774647, 37.770823155 ], [ -122.394777423, 37.770822079 ], [ -122.394780188, 37.770820982 ], [ -122.39478294, 37.770819866 ], [ -122.39478568, 37.77081873 ], [ -122.394788407, 37.770817576 ], [ -122.394791122, 37.770816402 ], [ -122.394793822, 37.770815209 ], [ -122.39479651, 37.770813997 ], [ -122.394799183, 37.770812765 ], [ -122.394801843, 37.770811515 ], [ -122.394804487, 37.770810246 ], [ -122.394807119, 37.770808959 ], [ -122.394809736, 37.770807653 ], [ -122.394812337, 37.770806329 ], [ -122.394814924, 37.770804986 ], [ -122.394817496, 37.770803625 ], [ -122.394820053, 37.770802246 ], [ -122.394822593, 37.770800849 ], [ -122.394825119, 37.770799434 ], [ -122.394827627, 37.770798002 ], [ -122.394830121, 37.770796551 ], [ -122.394832597, 37.770795083 ], [ -122.394835057, 37.770793598 ], [ -122.3948375, 37.770792095 ], [ -122.394839926, 37.770790575 ], [ -122.394842336, 37.770789038 ], [ -122.394844727, 37.770787485 ], [ -122.394847102, 37.770785913 ], [ -122.394849458, 37.770784326 ], [ -122.394851798, 37.770782722 ], [ -122.394854118, 37.770781102 ], [ -122.394856421, 37.770779465 ], [ -122.394858704, 37.770777812 ], [ -122.39486097, 37.770776143 ], [ -122.394863216, 37.770774458 ], [ -122.394865443, 37.770772757 ], [ -122.394867652, 37.77077104 ], [ -122.394869841, 37.770769308 ], [ -122.39487201, 37.770767561 ], [ -122.39487416, 37.770765799 ], [ -122.394876291, 37.770764021 ], [ -122.394878401, 37.770762228 ], [ -122.394880491, 37.77076042 ], [ -122.394882561, 37.770758598 ], [ -122.394884609, 37.770756761 ], [ -122.394886638, 37.77075491 ], [ -122.394888645, 37.770753044 ], [ -122.394890631, 37.770751164 ], [ -122.394892597, 37.770749271 ], [ -122.394894541, 37.770747364 ], [ -122.394896463, 37.770745442 ], [ -122.394898364, 37.770743508 ], [ -122.394900243, 37.77074156 ], [ -122.394902101, 37.770739599 ], [ -122.394903936, 37.770737625 ], [ -122.394905748, 37.770735638 ], [ -122.39490754, 37.770733638 ], [ -122.394909307, 37.770731626 ], [ -122.394911053, 37.770729601 ], [ -122.394912776, 37.770727564 ], [ -122.394914476, 37.770725514 ], [ -122.394916153, 37.770723454 ], [ -122.394917806, 37.770721381 ], [ -122.394919437, 37.770719296 ], [ -122.394921043, 37.770717201 ], [ -122.394922626, 37.770715094 ], [ -122.394924187, 37.770712976 ], [ -122.394925722, 37.770710847 ], [ -122.394927234, 37.770708707 ], [ -122.394928722, 37.770706556 ], [ -122.394930186, 37.770704395 ], [ -122.394931625, 37.770702224 ], [ -122.394933041, 37.770700043 ], [ -122.394934431, 37.770697852 ], [ -122.394935796, 37.770695651 ], [ -122.394937137, 37.77069344 ], [ -122.394938455, 37.77069122 ], [ -122.394939745, 37.770688991 ], [ -122.394941012, 37.770686754 ], [ -122.394942253, 37.770684506 ], [ -122.394943469, 37.770682251 ], [ -122.39494466, 37.770679987 ], [ -122.394945824, 37.770677714 ], [ -122.394946964, 37.770675434 ], [ -122.394948078, 37.770673145 ], [ -122.394949167, 37.770670849 ], [ -122.394950229, 37.770668544 ], [ -122.394951266, 37.770666233 ], [ -122.394952276, 37.770663915 ], [ -122.3955226, 37.770629536 ], [ -122.395523892, 37.770632296 ], [ -122.39552521, 37.770635047 ], [ -122.395526553, 37.77063779 ], [ -122.395527921, 37.770640526 ], [ -122.395529315, 37.770643254 ], [ -122.395530735, 37.770645972 ], [ -122.39553218, 37.770648683 ], [ -122.395533651, 37.770651385 ], [ -122.395535146, 37.770654079 ], [ -122.395536666, 37.770656764 ], [ -122.395538212, 37.770659439 ], [ -122.395539782, 37.770662106 ], [ -122.395541378, 37.770664762 ], [ -122.395542997, 37.77066741 ], [ -122.395544641, 37.770670048 ], [ -122.39554631, 37.770672676 ], [ -122.395548005, 37.770675295 ], [ -122.395549723, 37.770677903 ], [ -122.395551465, 37.770680502 ], [ -122.395553231, 37.770683089 ], [ -122.395555022, 37.770685667 ], [ -122.395556837, 37.770688234 ], [ -122.395558674, 37.77069079 ], [ -122.395560537, 37.770693335 ], [ -122.395562423, 37.770695869 ], [ -122.395564333, 37.770698393 ], [ -122.395566265, 37.770700904 ], [ -122.395568222, 37.770703405 ], [ -122.395570202, 37.770705894 ], [ -122.395572204, 37.770708371 ], [ -122.39557423, 37.770710836 ], [ -122.395576279, 37.77071329 ], [ -122.39557835, 37.77071573 ], [ -122.395580444, 37.77071816 ], [ -122.395582562, 37.770720576 ], [ -122.395584701, 37.77072298 ], [ -122.395586863, 37.770725372 ], [ -122.395589047, 37.77072775 ], [ -122.395591253, 37.770730116 ], [ -122.395593481, 37.770732468 ], [ -122.395595732, 37.770734808 ], [ -122.395598004, 37.770737134 ], [ -122.395600296, 37.770739447 ], [ -122.395602612, 37.770741747 ], [ -122.395604947, 37.770744032 ], [ -122.395607305, 37.770746304 ], [ -122.395609684, 37.770748562 ], [ -122.395612084, 37.770750806 ], [ -122.395614504, 37.770753036 ], [ -122.395616946, 37.770755251 ], [ -122.395619408, 37.770757452 ], [ -122.39562189, 37.770759638 ], [ -122.395624393, 37.770761811 ], [ -122.395626916, 37.770763968 ], [ -122.395629458, 37.77076611 ], [ -122.395632021, 37.770768237 ], [ -122.395634604, 37.770770348 ], [ -122.395637206, 37.770772446 ], [ -122.395639828, 37.770774527 ], [ -122.395642468, 37.770776593 ], [ -122.395645129, 37.770778643 ], [ -122.395647809, 37.770780679 ], [ -122.395650507, 37.770782697 ], [ -122.395653224, 37.7707847 ], [ -122.395655959, 37.770786687 ], [ -122.395658713, 37.770788658 ], [ -122.395661485, 37.770790613 ], [ -122.395664277, 37.770792551 ], [ -122.395667084, 37.770794473 ], [ -122.395669911, 37.770796378 ], [ -122.395672756, 37.770798266 ], [ -122.395675617, 37.770800138 ], [ -122.395678496, 37.770801993 ], [ -122.395681392, 37.770803831 ], [ -122.395684305, 37.770805653 ], [ -122.395687235, 37.770807457 ], [ -122.395690183, 37.770809242 ], [ -122.395693145, 37.770811012 ], [ -122.395696126, 37.770812763 ], [ -122.395699122, 37.770814498 ], [ -122.395702134, 37.770816214 ], [ -122.395705162, 37.770817913 ], [ -122.395708207, 37.770819593 ], [ -122.395711266, 37.770821256 ], [ -122.395714341, 37.770822901 ], [ -122.395717431, 37.770824529 ], [ -122.395720536, 37.770826137 ], [ -122.395723657, 37.770827727 ], [ -122.395726792, 37.770829299 ], [ -122.395729941, 37.770830852 ], [ -122.395733105, 37.770832386 ], [ -122.395736284, 37.770833903 ], [ -122.395739476, 37.7708354 ], [ -122.395742681, 37.770836879 ], [ -122.395745901, 37.770838339 ], [ -122.395749135, 37.77083978 ], [ -122.395752382, 37.770841201 ], [ -122.395755642, 37.770842604 ], [ -122.395758914, 37.770843988 ], [ -122.3957622, 37.770845352 ], [ -122.395765499, 37.770846697 ], [ -122.395768809, 37.770848022 ], [ -122.395772132, 37.770849328 ], [ -122.395775467, 37.770850614 ], [ -122.395778814, 37.770851881 ], [ -122.395776489, 37.770855908 ], [ -122.395774138, 37.770859926 ], [ -122.395771762, 37.770863935 ], [ -122.395769361, 37.770867934 ], [ -122.395766936, 37.770871925 ], [ -122.395764485, 37.770875904 ], [ -122.39576201, 37.770879875 ], [ -122.395759511, 37.770883837 ], [ -122.395756986, 37.770887788 ], [ -122.395754438, 37.770891728 ], [ -122.395751863, 37.770895659 ], [ -122.395749266, 37.770899581 ], [ -122.395746643, 37.770903491 ], [ -122.395743996, 37.770907391 ], [ -122.395741325, 37.770911282 ], [ -122.395738631, 37.770915161 ], [ -122.395735912, 37.77091903 ], [ -122.395733169, 37.770922888 ], [ -122.395730402, 37.770926736 ], [ -122.39572761, 37.770930572 ], [ -122.395724796, 37.770934397 ], [ -122.395721957, 37.770938211 ], [ -122.395719094, 37.770942015 ], [ -122.395716209, 37.770945806 ], [ -122.395713299, 37.770949587 ], [ -122.395710366, 37.770953356 ], [ -122.39570741, 37.770957114 ], [ -122.39570443, 37.77096086 ], [ -122.395701427, 37.770964594 ], [ -122.395698401, 37.770968316 ], [ -122.395695351, 37.770972027 ], [ -122.395692279, 37.770975725 ], [ -122.395689184, 37.770979411 ], [ -122.395686066, 37.770983086 ], [ -122.395682925, 37.770986748 ], [ -122.395679761, 37.770990397 ], [ -122.395676573, 37.770994034 ], [ -122.395673364, 37.770997658 ], [ -122.395670134, 37.771001271 ], [ -122.39566688, 37.771004869 ], [ -122.395663603, 37.771008456 ], [ -122.395660304, 37.77101203 ], [ -122.395656983, 37.77101559 ], [ -122.39565364, 37.771019138 ], [ -122.395650276, 37.771022672 ], [ -122.395646888, 37.771026193 ], [ -122.39564348, 37.771029701 ], [ -122.395640048, 37.771033195 ], [ -122.395636596, 37.771036676 ], [ -122.395633122, 37.771040143 ], [ -122.395629627, 37.771043597 ], [ -122.39562611, 37.771047037 ], [ -122.395622571, 37.771050462 ], [ -122.395619012, 37.771053875 ], [ -122.395615431, 37.771057273 ], [ -122.395611829, 37.771060658 ], [ -122.395608207, 37.771064027 ], [ -122.395604563, 37.771067383 ], [ -122.395600897, 37.771070724 ], [ -122.395597213, 37.771074051 ], [ -122.395593507, 37.771077363 ], [ -122.395589779, 37.771080661 ], [ -122.395586033, 37.771083944 ], [ -122.395582265, 37.771087213 ], [ -122.395578478, 37.771090466 ], [ -122.39557467, 37.771093705 ], [ -122.395570842, 37.771096929 ], [ -122.395566993, 37.771100138 ], [ -122.395563125, 37.771103331 ], [ -122.395559238, 37.77110651 ], [ -122.39555533, 37.771109673 ], [ -122.395551403, 37.771112821 ], [ -122.395547456, 37.771115953 ], [ -122.394953099, 37.771585421 ], [ -122.394468076, 37.771198502 ], [ -122.394553814, 37.77113078 ], [ -122.394555993, 37.771129045 ], [ -122.394558152, 37.771127294 ], [ -122.394560292, 37.771125529 ], [ -122.39456241, 37.771123748 ], [ -122.39456451, 37.771121952 ], [ -122.39456659, 37.771120143 ], [ -122.39456865, 37.771118318 ], [ -122.394570688, 37.77111648 ], [ -122.394572708, 37.771114627 ], [ -122.394574706, 37.77111276 ], [ -122.394576683, 37.771110879 ], [ -122.394578639, 37.771108985 ], [ -122.394580575, 37.771107077 ], [ -122.394582489, 37.771105154 ], [ -122.394584381, 37.77110322 ], [ -122.394586252, 37.771101272 ], [ -122.394588101, 37.771099311 ], [ -122.394589929, 37.771097336 ], [ -122.394591734, 37.77109535 ], [ -122.394593517, 37.77109335 ], [ -122.394595279, 37.771091338 ], [ -122.394597017, 37.771089314 ], [ -122.394598733, 37.771087279 ], [ -122.394600427, 37.771085231 ], [ -122.394602098, 37.771083171 ], [ -122.394603746, 37.7710811 ], [ -122.394605371, 37.771079017 ], [ -122.394606973, 37.771076923 ], [ -122.39460855, 37.771074818 ], [ -122.394610105, 37.771072702 ], [ -122.394611637, 37.771070576 ], [ -122.394613144, 37.771068438 ], [ -122.394614628, 37.77106629 ], [ -122.394616088, 37.771064132 ], [ -122.394617524, 37.771061964 ], [ -122.394618936, 37.771059785 ], [ -122.394620324, 37.771057597 ], [ -122.394621687, 37.771055399 ], [ -122.394623026, 37.771053192 ], [ -122.39462434, 37.771050976 ], [ -122.39462563, 37.771048751 ], [ -122.394626894, 37.771046516 ], [ -122.394628134, 37.771044273 ], [ -122.39462935, 37.771042021 ], [ -122.39463054, 37.77103976 ], [ -122.394631705, 37.771037492 ], [ -122.394632844, 37.771035215 ], [ -122.394633959, 37.771032931 ], [ -122.394635048, 37.771030639 ], [ -122.394636111, 37.771028339 ], [ -122.394637149, 37.771026032 ], [ -122.394638162, 37.771023718 ], [ -122.394639148, 37.771021397 ], [ -122.39464011, 37.771019069 ], [ -122.394641045, 37.771016735 ], [ -122.394641953, 37.771014393 ], [ -122.394642836, 37.771012046 ], [ -122.394643693, 37.771009693 ], [ -122.394644524, 37.771007333 ], [ -122.394645328, 37.771004968 ], [ -122.394646106, 37.771002598 ], [ -122.394646859, 37.771000222 ], [ -122.394647584, 37.770997841 ], [ -122.394648283, 37.770995455 ], [ -122.394648956, 37.770993065 ], [ -122.394649601, 37.770990669 ], [ -122.394650221, 37.770988269 ], [ -122.394650813, 37.770985865 ], [ -122.39465138, 37.770983457 ], [ -122.394651919, 37.770981045 ], [ -122.394652432, 37.770978629 ], [ -122.394652917, 37.77097621 ], [ -122.394653375, 37.770973788 ], [ -122.394653807, 37.770971362 ], [ -122.394654212, 37.770968933 ], [ -122.394654591, 37.770966502 ], [ -122.394654942, 37.770964068 ], [ -122.394655266, 37.770961632 ], [ -122.394655562, 37.770959194 ], [ -122.394655831, 37.770956753 ], [ -122.394656075, 37.770954312 ], [ -122.39465629, 37.770951868 ], [ -122.394656479, 37.770949422 ], [ -122.39465664, 37.770946976 ], [ -122.394656774, 37.770944528 ], [ -122.394656881, 37.770942081 ], [ -122.394656961, 37.770939632 ], [ -122.394657014, 37.770937182 ], [ -122.39465704, 37.770934732 ], [ -122.394657037, 37.770932283 ], [ -122.394657009, 37.770929833 ], [ -122.394656952, 37.770927384 ], [ -122.394656869, 37.770924935 ], [ -122.394656759, 37.770922487 ], [ -122.394656622, 37.77092004 ], [ -122.394656457, 37.770917594 ], [ -122.394656264, 37.770915149 ], [ -122.394656046, 37.770912705 ], [ -122.394650029, 37.770849802 ], [ -122.39465311, 37.770849605 ] ] ] } },
{ "type": "Feature", "properties": { "project_id_drop": null, "from_address_num": "1245", "police_district": "BAYVIEW", "supdistpad": "06", "date_map_alt": null, "odd_even": "O", "zoning_code": "MB-RA", "zoning_district": "MISSION BAY REDEVELOPMENT", "analysis_neighborhood": "Mission Bay", "centroid_longitude": "-122.38903476736738", "pw_recorded_map": true, "mapblklot": "8719007", "date_map_add": "2013-12-16T00:00:00", "data_loaded_at": "2026-06-01T10:22:55.787", "to_address_num": "1275", "street_name": "03RD", "supdist": "SUPERVISORIAL DISTRICT 6", "planning_district": "South of Market", "project_id_alt": null, "date_map_drop": null, "supname": "Matt Dorsey", "street_type": "ST", "planning_district_number": "9", "project_id_add": "23287", "centroid_latitude": "37.77249848433573", "date_rec_drop": null, "police_company": "C", "numbertext": "SIX", "supervisor_district": "6", "data_as_of": "2026-05-31T03:56:00", "block_num": "8719", "blklot": "8719007", "in_asr_secured_roll": true, "date_rec_add": "2013-12-13T00:00:00", "lot_num": "007", "active": true, "site": "Mission Bay South", "parcel_label": "8719007", "status": "complete", "use": "institutional", "notes": "San Francisco Public Safety Building, 1245 3rd St (Mission Bay South Block 8) -- a 300,000 sq ft, $243M joint facility combining the SFPD's Police Command Center/headquarters (110,000 sq ft), the Southern District police station (20,000 sq ft), the Mission Bay Fire Station (17,000 sq ft), community space and a 128,000 sq ft parking structure, funded by the 2010 Earthquake Safety and Emergency Response (ESER) bond. Construction began 2011; grand opening April 16, 2015 (sfpublicworks.org).", "image_paths": null, "image_credits": null, "source_doc_urls": "https://sfpublicworks.org/project/grand-opening-san-francisco%E2%80%99s-new-police-headquarters-set-april-16|https://www.enr.com/articles/10300-construction-underway-on-san-franciscos-public-safety-building|https://sfocii.org/sites/default/files/inline-files/Att%201%20Mission%20Bay%20Land%20Use%20Map.pdf" }, "geometry": { "type": "Polygon", "coordinates": [ [ [ -122.388946304, 37.772125108 ], [ -122.389412768, 37.772097014 ], [ -122.389437391, 37.772354622 ], [ -122.389484752, 37.772850093 ], [ -122.389454642, 37.772851906 ], [ -122.388656767, 37.772899957 ], [ -122.388585934, 37.772158834 ], [ -122.388584789, 37.772146858 ], [ -122.388946304, 37.772125108 ] ] ] } },
{ "type": "Feature", "properties": { "project_id_drop": null, "from_address_num": "410", "police_district": "BAYVIEW", "supdistpad": "06", "date_map_alt": null, "odd_even": "E", "zoning_code": "MB-RA", "zoning_district": "MISSION BAY REDEVELOPMENT", "analysis_neighborhood": "Mission Bay", "centroid_longitude": "-122.38832322262036", "pw_recorded_map": true, "mapblklot": "8719003", "date_map_add": "2005-06-02T00:00:00", "data_loaded_at": "2026-06-01T10:22:55.787", "to_address_num": "410", "street_name": "CHINA BASIN", "supdist": "SUPERVISORIAL DISTRICT 6", "planning_district": "South of Market", "project_id_alt": null, "date_map_drop": null, "supname": "Matt Dorsey", "street_type": "ST", "planning_district_number": "9", "project_id_add": "2005P8719", "centroid_latitude": "37.77254132855243", "date_rec_drop": null, "police_company": "C", "numbertext": "SIX", "supervisor_district": "6", "data_as_of": "2026-05-31T03:56:00", "block_num": "8719", "blklot": "8719003", "in_asr_secured_roll": true, "date_rec_add": "2005-05-31T00:00:00", "lot_num": "003", "active": true, "site": "Mission Bay South", "parcel_label": "8719003", "status": "complete", "use": "residential", "notes": "Mission Bay South Block 9, 410 China Basin St -- HomeRise at Mission Bay: 141 units of permanent supportive housing (HomeRise's first modular project, fabricated offsite at Factory OS), developed by BRIDGE Housing and Community Housing Partnership with services by HomeRise. Broke ground Nov 2020, topped out Dec 2021, grand opening 2022 (homerisesf.org; sfyimby.com).", "image_paths": null, "image_credits": null, "source_doc_urls": "https://homerisesf.org/homerise-at-mission-bay/|https://homerisesf.org/2020/11/breaking-ground-on-141-new-homes-in-mission-bay/|https://sfyimby.com/2021/12/permanent-supportive-housing-tops-out-at-mission-bay-block-9-san-francisco.html|https://sfocii.org/sites/default/files/inline-files/Att%201%20Mission%20Bay%20Land%20Use%20Map.pdf" }, "geometry": { "type": "Polygon", "coordinates": [ [ [ -122.388656767, 37.772899957 ], [ -122.388061651, 37.772935794 ], [ -122.387989681, 37.772182704 ], [ -122.388571895, 37.772147634 ], [ -122.388584789, 37.772146858 ], [ -122.388585934, 37.772158834 ], [ -122.388656767, 37.772899957 ] ] ] } },
{ "type": "Feature", "properties": { "project_id_drop": null, "from_address_num": "400", "police_district": "BAYVIEW", "supdistpad": "06", "date_map_alt": null, "odd_even": "E", "zoning_code": "MB-RA", "zoning_district": "MISSION BAY REDEVELOPMENT", "analysis_neighborhood": "Mission Bay", "centroid_longitude": "-122.38760068781158", "pw_recorded_map": true, "mapblklot": "8719008", "date_map_add": "2024-09-20T00:00:00", "data_loaded_at": "2026-07-19T10:14:05.785", "to_address_num": "400", "street_name": "CHINA BASIN", "supdist": "SUPERVISORIAL DISTRICT 6", "planning_district": "South of Market", "project_id_alt": null, "date_map_drop": null, "supname": "Matt Dorsey", "street_type": "ST", "planning_district_number": "9", "project_id_add": "27209", "centroid_latitude": "37.7725848422011", "date_rec_drop": null, "police_company": "C", "numbertext": "SIX", "supervisor_district": "6", "data_as_of": "2026-07-18T03:56:00", "block_num": "8719", "blklot": "8719008", "in_asr_secured_roll": true, "date_rec_add": "2024-07-09T00:00:00", "lot_num": "008", "active": true, "site": "Mission Bay South", "parcel_label": "8719008", "status": "complete", "use": "residential", "notes": "Mission Bay South Block 9A, 400 China Basin St -- 148 units of 100% affordable homeownership housing (8 stories, ~200,000 sq ft), developed by China Basin Partners LLC (Curtis Development, Michael Simmons Property Development and Young Community Developers); architect Mithun. Construction began 2023 (OCII FY23-24 Annual Housing Production Report shows it 'nearly complete' that fiscal year); ribbon-cutting Oct 2, 2025 (sfyimby.com).", "image_paths": null, "image_credits": null, "source_doc_urls": "https://sfyimby.com/2025/10/ribbon-cutting-held-for-affordable-units-at-400-china-basin-street-in-san-francisco.html|https://sfocii.org/sites/default/files/2025-08/OCII_AHPReport_FY23-24%2001.30.2025_FINAL.pdf|https://sfocii.org/sites/default/files/inline-files/Att%201%20Mission%20Bay%20Land%20Use%20Map.pdf" }, "geometry": { "type": "Polygon", "coordinates": [ [ [ -122.387424673, 37.772719451 ], [ -122.387376909, 37.772219611 ], [ -122.3877525, 37.77219699 ], [ -122.387824468, 37.772950076 ], [ -122.387535621, 37.772967468 ], [ -122.387448874, 37.772972691 ], [ -122.387424673, 37.772719451 ] ] ] } },
{ "type": "Feature", "properties": { "project_id_drop": null, "from_address_num": "1415", "police_district": "BAYVIEW", "supdistpad": "06", "date_map_alt": null, "odd_even": "O", "zoning_code": "MB-RA", "zoning_district": "MISSION BAY REDEVELOPMENT", "analysis_neighborhood": "Mission Bay", "centroid_longitude": "-122.39509681864324", "pw_recorded_map": true, "mapblklot": "8709025", "date_map_add": "2023-02-14T00:00:00", "data_loaded_at": "2026-06-01T10:22:55.787", "to_address_num": "1415", "street_name": "OWENS", "supdist": "SUPERVISORIAL DISTRICT 6", "planning_district": "South of Market", "project_id_alt": null, "date_map_drop": null, "supname": "Matt Dorsey", "street_type": "ST", "planning_district_number": "9", "project_id_add": "26083", "centroid_latitude": "37.76995842981195", "date_rec_drop": null, "police_company": "C", "numbertext": "SIX", "supervisor_district": "6", "data_as_of": "2026-05-31T03:56:00", "block_num": "8709", "blklot": "8709025", "in_asr_secured_roll": true, "date_rec_add": "2022-08-04T00:00:00", "lot_num": "025", "active": true, "site": "Mission Bay South", "parcel_label": "8709025", "status": "complete", "use": "institutional", "notes": "Mission Bay School, 1415 Owens St (SFUSD, at 6th St/Mission Bay Blvd S) -- a four-story, ~$95.4M TK-5 public school (the neighborhood's first, and SFUSD's first new school in 20 years), built by McCarthy Building Company on land UCSF transferred to SFUSD in 2022 (set aside for a school since 1988). Construction completed January 2026; welcomed its first students (pre-K/TK/K, with grades phasing in through 2032) Aug 17, 2026 (sfusd.edu; sfchronicle.com).", "image_paths": null, "image_credits": null, "source_doc_urls": "https://www.sfusd.edu/announcements/2025-10-10-mission-bay-school-opens-august-2026|https://www.sfusd.edu/school/mission-bay-school|https://sfocii.org/sites/default/files/inline-files/Att%201%20Mission%20Bay%20Land%20Use%20Map.pdf" }, "geometry": { "type": "Polygon", "coordinates": [ [ [ -122.395505022, 37.769572851 ], [ -122.395542993, 37.769656372 ], [ -122.395577236, 37.769740903 ], [ -122.395607703, 37.76982634 ], [ -122.395634361, 37.769912576 ], [ -122.395657174, 37.769999503 ], [ -122.395676114, 37.770087015 ], [ -122.395691158, 37.770175001 ], [ -122.395649003, 37.770203254 ], [ -122.395611032, 37.770235027 ], [ -122.39557413, 37.770274114 ], [ -122.395543565, 37.770316509 ], [ -122.395518807, 37.770363782 ], [ -122.395501911, 37.77041319 ], [ -122.395276638, 37.77042677 ], [ -122.394931595, 37.770447568 ], [ -122.394910621, 37.770419742 ], [ -122.394885673, 37.770394066 ], [ -122.394850135, 37.770365996 ], [ -122.394809875, 37.770342282 ], [ -122.394760651, 37.770321647 ], [ -122.394707908, 37.770307519 ], [ -122.394652997, 37.770300263 ], [ -122.394597332, 37.770300064 ], [ -122.39452541, 37.769546982 ], [ -122.395463366, 37.769490444 ], [ -122.395505022, 37.769572851 ] ] ] } },
{ "type": "Feature", "properties": { "project_id_drop": null, "from_address_num": "7", "police_district": "BAYVIEW", "supdistpad": "06", "date_map_alt": "2019-07-29T00:00:00", "odd_even": "O", "zoning_code": "MB-RA", "zoning_district": "MISSION BAY REDEVELOPMENT", "analysis_neighborhood": "Mission Bay", "centroid_longitude": "-122.38766556944378", "pw_recorded_map": true, "mapblklot": "8722025", "date_map_add": "2018-06-21T00:00:00", "data_loaded_at": "2026-06-01T10:22:55.787", "to_address_num": "99", "street_name": "WARRIORS", "supdist": "SUPERVISORIAL DISTRICT 6", "planning_district": "South of Market", "project_id_alt": "2019C8722-3", "date_map_drop": null, "supname": "Matt Dorsey", "street_type": "WAY", "planning_district_number": "9", "project_id_add": "24497", "centroid_latitude": "37.76797251151323", "date_rec_drop": null, "police_company": "C", "numbertext": "SIX", "supervisor_district": "6", "data_as_of": "2026-05-31T03:56:00", "block_num": "8722", "blklot": "8722025", "in_asr_secured_roll": true, "date_rec_add": "2016-12-09T00:00:00", "lot_num": "025", "active": true, "site": "Mission Bay South", "parcel_label": "8722025", "status": "complete", "use": "entertainment", "notes": "Chase Center, 1 Warriors Way (Mission Bay South Blocks 29-32) -- an 18,064-to-19,500-seat arena (home of the Golden State Warriors and Valkyries), anchoring an 11-acre mixed-use development with 580,000 sq ft of office/lab space, 100,000 sq ft of retail (Thrive City), a 35,000 sq ft public plaza and ~950 parking spaces; designed by MANICA Architecture (interiors by Gensler), privately financed (~$1.4B) by Warriors ownership. Opened Sept 6, 2019. Promoted here from an orientation-only landmark (data/landmarks.csv) to a tracked record now that Mission Bay is a real site, per docs/briefs/mission-bay-geometry.md -- the landmark row had pointed at blklot 8722001, a now-retired/superseded parcel; this row uses the parcel's real, active blklot 8722025 (address '7 Warriors Way' in DataSF's own roll). Oracle Park remains a landmark; it belongs to Mission Rock/the Giants, not Mission Bay.", "image_paths": null, "image_credits": null, "source_doc_urls": "https://en.wikipedia.org/wiki/Chase_Center|https://sfocii.org/sites/default/files/inline-files/Att%201%20Mission%20Bay%20Land%20Use%20Map.pdf" }, "geometry": { "type": "Polygon", "coordinates": [ [ [ -122.388937931, 37.767310541 ], [ -122.389074484, 37.768739295 ], [ -122.388755248, 37.768758522 ], [ -122.388470779, 37.768775653 ], [ -122.388194798, 37.768792273 ], [ -122.387504848, 37.768833819 ], [ -122.387228867, 37.768850438 ], [ -122.386538916, 37.768891978 ], [ -122.386420072, 37.768899133 ], [ -122.386292746, 37.767566426 ], [ -122.386258187, 37.7672047 ], [ -122.386918629, 37.767164937 ], [ -122.388032874, 37.767097843 ], [ -122.388308848, 37.767081223 ], [ -122.388829196, 37.767049885 ], [ -122.388892152, 37.767046094 ], [ -122.388906263, 37.767127608 ], [ -122.388937931, 37.767310541 ] ] ] } },
{ "type": "Feature", "properties": { "project_id_drop": null, "from_address_num": "701", "police_district": "BAYVIEW", "supdistpad": "06", "date_map_alt": null, "odd_even": "O", "zoning_code": "MB-RA", "zoning_district": "MISSION BAY REDEVELOPMENT", "analysis_neighborhood": "Potrero Hill", "centroid_longitude": "-122.39305391998188", "pw_recorded_map": true, "mapblklot": "8727008", "date_map_add": "2012-09-20T00:00:00", "data_loaded_at": "2026-06-01T10:22:55.787", "to_address_num": "707", "street_name": "16TH", "supdist": "SUPERVISORIAL DISTRICT 6", "planning_district": "South of Market", "project_id_alt": null, "date_map_drop": null, "supname": "Matt Dorsey", "street_type": "ST", "planning_district_number": "9", "project_id_add": "22545", "centroid_latitude": "37.76587413061449", "date_rec_drop": null, "police_company": "C", "numbertext": "SIX", "supervisor_district": "6", "data_as_of": "2026-05-31T03:56:00", "block_num": "8727", "blklot": "8727008", "in_asr_secured_roll": true, "date_rec_add": "2011-11-21T00:00:00", "lot_num": "008", "active": true, "site": "Mission Bay South", "parcel_label": "8727008", "status": "complete", "use": "commercial", "notes": "The Exchange on 16th, 1800 Owens St -- formerly Dropbox's headquarters, now partly rebranded 'Icona: Labs at Mission Bay' -- a 750,370 sq ft, 12-story office/life-science campus on a ~3.5-acre lot, built by Kilroy Realty Corporation in 2018 as Dropbox's single-tenant headquarters (15-year lease). Sold in 2021 for $1.08B to KKR and Longfellow Real Estate Partners, who have since converted much of it to life-science labs; OpenAI signed a roughly 280,000 sq ft sublease reported closed Feb 2026. Blklot confirmed against the DataSF Assessor Historical Secured Property Tax Rolls dataset (wv5m-vpq2), whose property_location and square-footage/year-built fields match the published building exactly, since the base parcel map's own address field is a stale street-frontage number (701-707 16th St) rather than the building's current mailing address.", "image_paths": null, "image_credits": null, "source_doc_urls": "https://www.businesswire.com/news/home/20210308005258/en/Kilroy-Realty-to-Sell-The-Exchange-on-16th-for-%241.08-Billion|https://therealdeal.com/san-francisco/2022/05/18/former-dropbox-hq-in-mission-bay-turned-into-750k-sf-of-life-sciences-labs/|https://therealdeal.com/san-francisco/2026/03/16/openai-inks-another-mission-bay-lease/" }, "geometry": { "type": "Polygon", "coordinates": [ [ [ -122.392893972, 37.766557091 ], [ -122.392890177, 37.766557264 ], [ -122.39288638, 37.766557416 ], [ -122.392882581, 37.766557546 ], [ -122.392878781, 37.766557655 ], [ -122.392874981, 37.766557743 ], [ -122.392871179, 37.766557808 ], [ -122.392867377, 37.766557852 ], [ -122.392863576, 37.766557875 ], [ -122.392859774, 37.766557876 ], [ -122.392855973, 37.766557856 ], [ -122.392852171, 37.766557814 ], [ -122.39284837, 37.766557751 ], [ -122.392844569, 37.766557666 ], [ -122.392840769, 37.766557559 ], [ -122.39283697, 37.766557431 ], [ -122.392833174, 37.766557282 ], [ -122.392829377, 37.766557111 ], [ -122.392825583, 37.766556918 ], [ -122.39282179, 37.766556704 ], [ -122.392817999, 37.766556469 ], [ -122.392814211, 37.766556212 ], [ -122.392810426, 37.766555933 ], [ -122.392809131, 37.766555824 ], [ -122.392807841, 37.766555693 ], [ -122.392806553, 37.76655554 ], [ -122.39280527, 37.766555366 ], [ -122.392803991, 37.766555171 ], [ -122.392802718, 37.766554955 ], [ -122.39280145, 37.766554718 ], [ -122.392800191, 37.766554459 ], [ -122.392798937, 37.766554179 ], [ -122.392797692, 37.766553879 ], [ -122.392796454, 37.766553559 ], [ -122.392795225, 37.766553218 ], [ -122.392794006, 37.766552856 ], [ -122.392792796, 37.766552475 ], [ -122.392791596, 37.766552073 ], [ -122.392790407, 37.766551651 ], [ -122.39278923, 37.766551211 ], [ -122.392788065, 37.766550751 ], [ -122.392786911, 37.766550271 ], [ -122.392785771, 37.766549772 ], [ -122.392784645, 37.766549255 ], [ -122.392783531, 37.766548718 ], [ -122.392782433, 37.766548164 ], [ -122.392781349, 37.766547592 ], [ -122.392780281, 37.766547001 ], [ -122.392779228, 37.766546393 ], [ -122.392778191, 37.766545768 ], [ -122.392777172, 37.766545125 ], [ -122.392776169, 37.766544466 ], [ -122.392775184, 37.76654379 ], [ -122.392774217, 37.766543098 ], [ -122.392773269, 37.766542391 ], [ -122.392772339, 37.766541667 ], [ -122.392771429, 37.766540929 ], [ -122.392770538, 37.766540175 ], [ -122.392769667, 37.766539406 ], [ -122.392768817, 37.766538624 ], [ -122.392767988, 37.766537828 ], [ -122.392767179, 37.766537017 ], [ -122.392766392, 37.766536195 ], [ -122.392765627, 37.766535358 ], [ -122.392764884, 37.76653451 ], [ -122.392764164, 37.766533648 ], [ -122.392763467, 37.766532776 ], [ -122.392762792, 37.766531892 ], [ -122.392762141, 37.766530997 ], [ -122.392761514, 37.766530092 ], [ -122.39276091, 37.766529176 ], [ -122.392760331, 37.76652825 ], [ -122.392759776, 37.766527316 ], [ -122.392759247, 37.766526372 ], [ -122.392758743, 37.766525419 ], [ -122.392758263, 37.766524458 ], [ -122.392757808, 37.766523489 ], [ -122.392755064, 37.766517412 ], [ -122.392752344, 37.766511327 ], [ -122.392749651, 37.766505235 ], [ -122.392746985, 37.766499136 ], [ -122.392744344, 37.766493029 ], [ -122.392741731, 37.766486916 ], [ -122.392739142, 37.766480795 ], [ -122.39273658, 37.766474667 ], [ -122.392734044, 37.766468533 ], [ -122.392731535, 37.766462392 ], [ -122.392729053, 37.766456243 ], [ -122.392726596, 37.766450088 ], [ -122.392724166, 37.766443927 ], [ -122.392721762, 37.766437759 ], [ -122.392719384, 37.766431585 ], [ -122.392717034, 37.766425404 ], [ -122.392714709, 37.766419217 ], [ -122.392712411, 37.766413024 ], [ -122.392710139, 37.766406825 ], [ -122.392707894, 37.766400619 ], [ -122.392705676, 37.766394407 ], [ -122.392703484, 37.76638819 ], [ -122.392701319, 37.766381967 ], [ -122.392633206, 37.766184866 ], [ -122.392631431, 37.766179694 ], [ -122.392629685, 37.766174516 ], [ -122.392627964, 37.766169333 ], [ -122.392626268, 37.766164144 ], [ -122.392624599, 37.76615895 ], [ -122.392622956, 37.76615375 ], [ -122.39262134, 37.766148545 ], [ -122.39261975, 37.766143336 ], [ -122.392618185, 37.766138121 ], [ -122.392616647, 37.766132902 ], [ -122.392615137, 37.766127677 ], [ -122.392613651, 37.766122448 ], [ -122.392612192, 37.766117214 ], [ -122.39261076, 37.766111975 ], [ -122.392609354, 37.766106733 ], [ -122.392607975, 37.766101485 ], [ -122.392606621, 37.766096234 ], [ -122.392605294, 37.766090977 ], [ -122.392603995, 37.766085717 ], [ -122.392602721, 37.766080453 ], [ -122.392601474, 37.766075185 ], [ -122.392600253, 37.766069912 ], [ -122.392599059, 37.766064637 ], [ -122.392597892, 37.766059356 ], [ -122.39259675, 37.766054074 ], [ -122.392595637, 37.766048786 ], [ -122.39259455, 37.766043496 ], [ -122.392593488, 37.766038202 ], [ -122.392592454, 37.766032905 ], [ -122.392591446, 37.766027605 ], [ -122.392590465, 37.766022301 ], [ -122.392589512, 37.766016994 ], [ -122.392588584, 37.766011684 ], [ -122.392587684, 37.766006371 ], [ -122.39258681, 37.766001056 ], [ -122.392585963, 37.765995738 ], [ -122.392585143, 37.765990417 ], [ -122.39258435, 37.765985094 ], [ -122.392583583, 37.765979768 ], [ -122.392582843, 37.76597444 ], [ -122.392582131, 37.76596911 ], [ -122.392581444, 37.765963776 ], [ -122.392580786, 37.765958442 ], [ -122.392580153, 37.765953105 ], [ -122.392579548, 37.765947766 ], [ -122.392578969, 37.765942425 ], [ -122.392578419, 37.765937082 ], [ -122.392577893, 37.765931739 ], [ -122.39253441, 37.765476989 ], [ -122.392517128, 37.76529625 ], [ -122.392477846, 37.764885426 ], [ -122.392678093, 37.764873359 ], [ -122.392816627, 37.764865011 ], [ -122.392822064, 37.764875382 ], [ -122.392827528, 37.764885744 ], [ -122.392833016, 37.764896098 ], [ -122.392838529, 37.764906443 ], [ -122.392844068, 37.764916781 ], [ -122.392849631, 37.764927109 ], [ -122.392855221, 37.764937429 ], [ -122.392860834, 37.764947741 ], [ -122.392866473, 37.764958044 ], [ -122.392872138, 37.764968338 ], [ -122.392877826, 37.764978623 ], [ -122.392883541, 37.764988901 ], [ -122.39288928, 37.764999168 ], [ -122.392895045, 37.765009428 ], [ -122.392900833, 37.765019677 ], [ -122.392906648, 37.765029919 ], [ -122.392912487, 37.765040151 ], [ -122.392918351, 37.765050375 ], [ -122.39292424, 37.765060589 ], [ -122.392930154, 37.765070794 ], [ -122.392936092, 37.765080991 ], [ -122.392942056, 37.765091178 ], [ -122.392948044, 37.765101356 ], [ -122.392954057, 37.765111525 ], [ -122.392960095, 37.765121684 ], [ -122.392966157, 37.765131835 ], [ -122.392972244, 37.765141975 ], [ -122.392978356, 37.765152107 ], [ -122.392984492, 37.765162228 ], [ -122.392990653, 37.765172341 ], [ -122.39299684, 37.765182444 ], [ -122.39300305, 37.765192538 ], [ -122.393009284, 37.765202623 ], [ -122.393015544, 37.765212697 ], [ -122.393021827, 37.765222763 ], [ -122.393028137, 37.765232818 ], [ -122.393034469, 37.765242863 ], [ -122.393040826, 37.765252899 ], [ -122.393047209, 37.765262925 ], [ -122.393053615, 37.765272942 ], [ -122.393060045, 37.765282947 ], [ -122.3930665, 37.765292945 ], [ -122.393072979, 37.765302931 ], [ -122.393079482, 37.765312908 ], [ -122.393086011, 37.765322874 ], [ -122.393092563, 37.765332831 ], [ -122.39309914, 37.765342778 ], [ -122.39310574, 37.765352714 ], [ -122.393112364, 37.765362641 ], [ -122.393119014, 37.765372556 ], [ -122.393125686, 37.765382462 ], [ -122.393132383, 37.765392358 ], [ -122.393139104, 37.765402243 ], [ -122.39314585, 37.765412118 ], [ -122.39315262, 37.765421983 ], [ -122.393159413, 37.765431837 ], [ -122.39316623, 37.765441681 ], [ -122.393173071, 37.765451514 ], [ -122.393179936, 37.765461337 ], [ -122.393186825, 37.765471149 ], [ -122.393193738, 37.765480951 ], [ -122.393200675, 37.765490742 ], [ -122.393207636, 37.765500523 ], [ -122.39321462, 37.765510291 ], [ -122.393221628, 37.765520051 ], [ -122.393228661, 37.765529799 ], [ -122.393235716, 37.765539536 ], [ -122.393242796, 37.765549262 ], [ -122.393249899, 37.765558979 ], [ -122.393257026, 37.765568683 ], [ -122.393264175, 37.765578377 ], [ -122.393271349, 37.76558806 ], [ -122.393278547, 37.765597731 ], [ -122.393285768, 37.765607392 ], [ -122.393293013, 37.765617042 ], [ -122.393300281, 37.76562668 ], [ -122.393307572, 37.765636308 ], [ -122.393314887, 37.765645923 ], [ -122.393322225, 37.765655529 ], [ -122.393329586, 37.765665122 ], [ -122.393336972, 37.765674704 ], [ -122.393344379, 37.765684275 ], [ -122.393351811, 37.765693834 ], [ -122.393359267, 37.765703382 ], [ -122.393366745, 37.765712919 ], [ -122.393374245, 37.765722444 ], [ -122.39338177, 37.765731957 ], [ -122.393389318, 37.765741459 ], [ -122.393396889, 37.76575095 ], [ -122.393404482, 37.765760429 ], [ -122.393412099, 37.765769896 ], [ -122.39341974, 37.765779352 ], [ -122.393427403, 37.765788795 ], [ -122.393435088, 37.765798227 ], [ -122.393442798, 37.765807647 ], [ -122.393397274, 37.765831216 ], [ -122.39345586, 37.765902527 ], [ -122.393501991, 37.765878643 ], [ -122.393509881, 37.765887943 ], [ -122.393517794, 37.765897231 ], [ -122.393525729, 37.765906506 ], [ -122.393533687, 37.765915769 ], [ -122.393541666, 37.765925021 ], [ -122.393549669, 37.765934259 ], [ -122.393557694, 37.765943487 ], [ -122.393565741, 37.765952701 ], [ -122.393573811, 37.765961903 ], [ -122.393581903, 37.765971092 ], [ -122.393590018, 37.76598027 ], [ -122.393598154, 37.765989434 ], [ -122.393606314, 37.765998586 ], [ -122.393614495, 37.766007727 ], [ -122.393622698, 37.766016854 ], [ -122.393630924, 37.766025968 ], [ -122.393639172, 37.766035071 ], [ -122.393647441, 37.76604416 ], [ -122.393655734, 37.766053237 ], [ -122.393664046, 37.766062301 ], [ -122.393672383, 37.766071353 ], [ -122.393680741, 37.766080391 ], [ -122.393689121, 37.766089416 ], [ -122.393697523, 37.766098429 ], [ -122.393705947, 37.766107429 ], [ -122.393714392, 37.766116416 ], [ -122.393722859, 37.766125389 ], [ -122.393731349, 37.766134351 ], [ -122.393739859, 37.766143299 ], [ -122.393748393, 37.766152234 ], [ -122.393756946, 37.766161156 ], [ -122.393765523, 37.766170065 ], [ -122.39377412, 37.76617896 ], [ -122.393782739, 37.766187843 ], [ -122.393791381, 37.766196712 ], [ -122.393800043, 37.766205568 ], [ -122.393808727, 37.766214411 ], [ -122.393817432, 37.766223241 ], [ -122.393826159, 37.766232057 ], [ -122.393834907, 37.766240859 ], [ -122.393843677, 37.766249648 ], [ -122.393852469, 37.766258424 ], [ -122.39386128, 37.766267187 ], [ -122.393870114, 37.766275935 ], [ -122.393878968, 37.76628467 ], [ -122.393887845, 37.766293392 ], [ -122.393896742, 37.766302099 ], [ -122.393905661, 37.766310794 ], [ -122.3939146, 37.766319475 ], [ -122.39392356, 37.766328142 ], [ -122.393932543, 37.766336795 ], [ -122.393941545, 37.766345435 ], [ -122.393950327, 37.766353829 ], [ -122.39395913, 37.766362209 ], [ -122.393967954, 37.766370576 ], [ -122.3939768, 37.766378929 ], [ -122.393985665, 37.766387267 ], [ -122.393994552, 37.766395591 ], [ -122.39400346, 37.766403902 ], [ -122.394012389, 37.766412198 ], [ -122.394021338, 37.76642048 ], [ -122.394030309, 37.766428748 ], [ -122.394039299, 37.766437002 ], [ -122.394048311, 37.766445242 ], [ -122.394057343, 37.766453467 ], [ -122.394066396, 37.766461678 ], [ -122.393814909, 37.766476835 ], [ -122.393817266, 37.766501481 ], [ -122.392901797, 37.766556665 ], [ -122.392897767, 37.766556896 ], [ -122.392893972, 37.766557091 ] ] ] } },
{ "type": "Feature", "properties": { "project_id_drop": null, "from_address_num": null, "police_district": "BAYVIEW", "supdistpad": "06", "date_map_alt": null, "odd_even": null, "zoning_code": "MB-RA", "zoning_district": "MISSION BAY REDEVELOPMENT", "analysis_neighborhood": "Mission Bay", "centroid_longitude": "-122.3886419571851", "pw_recorded_map": true, "mapblklot": "8721035", "date_map_add": "2021-12-29T00:00:00", "data_loaded_at": "2026-06-01T10:22:55.787", "to_address_num": null, "street_name": null, "supdist": "SUPERVISORIAL DISTRICT 6", "planning_district": "South of Market", "project_id_alt": null, "date_map_drop": null, "supname": "Matt Dorsey", "street_type": null, "planning_district_number": "9", "project_id_add": "25935", "centroid_latitude": "37.77006734297205", "date_rec_drop": null, "police_company": "C", "numbertext": "SIX", "supervisor_district": "6", "data_as_of": "2026-05-31T03:56:00", "block_num": "8721", "blklot": "8721035", "in_asr_secured_roll": true, "date_rec_add": "2021-12-20T00:00:00", "lot_num": "035", "active": true, "site": "Mission Bay South", "parcel_label": "8721035", "status": "complete", "use": "commercial", "notes": "Uber Mission Bay 1, 1455 3rd St -- an 11-story Class A office tower developed by a joint venture of Alexandria Real Estate Equities (51%) and Uber Technologies (49%, announced 2014), designed by SHoP Architects, part of Uber's four-building Mission Bay headquarters campus (completed 2021). Subleased to OpenAI along with 1515 3rd St in an October 2023 deal (~486,600 sq ft combined), reported as the largest SF office lease since 2018.", "image_paths": null, "image_credits": null, "source_doc_urls": "https://therealdeal.com/san-francisco/2023/10/29/openai-subleases-two-san-francisco-buildings-from-uber/|https://sfstandard.com/2023/10/27/openai-uber-headquarters-mission-bay/|https://www.archdaily.com/1006339/uber-headquarters-shop-architects" }, "geometry": { "type": "Polygon", "coordinates": [ [ [ -122.388426171, 37.770251218 ], [ -122.388420926, 37.77019634 ], [ -122.387803409, 37.770233525 ], [ -122.387798676, 37.770183986 ], [ -122.388117507, 37.770164786 ], [ -122.38809549, 37.769934399 ], [ -122.389182453, 37.769868939 ], [ -122.389214454, 37.770203745 ], [ -122.388426171, 37.770251218 ] ] ] } },
{ "type": "Feature", "properties": { "project_id_drop": null, "from_address_num": "1509", "police_district": "BAYVIEW", "supdistpad": "06", "date_map_alt": null, "odd_even": "O", "zoning_code": "MB-RA", "zoning_district": "MISSION BAY REDEVELOPMENT", "analysis_neighborhood": "Mission Bay", "centroid_longitude": "-122.38885679977793", "pw_recorded_map": true, "mapblklot": "8721029", "date_map_add": "2009-07-20T00:00:00", "data_loaded_at": "2026-06-01T10:22:55.787", "to_address_num": "1519", "street_name": "03RD", "supdist": "SUPERVISORIAL DISTRICT 6", "planning_district": "South of Market", "project_id_alt": null, "date_map_drop": null, "supname": "Matt Dorsey", "street_type": "ST", "planning_district_number": "9", "project_id_add": "21581", "centroid_latitude": "37.76932049118145", "date_rec_drop": null, "police_company": "C", "numbertext": "SIX", "supervisor_district": "6", "data_as_of": "2026-05-31T03:56:00", "block_num": "8721", "blklot": "8721029", "in_asr_secured_roll": true, "date_rec_add": "2009-04-24T00:00:00", "lot_num": "029", "active": true, "site": "Mission Bay South", "parcel_label": "8721029", "status": "complete", "use": "commercial", "notes": "Uber Mission Bay 2, 1515 3rd St -- a 6-story, 302,084 sq ft office building (DataSF Assessor tax roll figure), the second building of Uber's original two-building Mission Bay pair with Alexandria Real Estate Equities, designed by SHoP Architects, completed 2021. Subleased to OpenAI along with 1455 3rd St in the October 2023 deal.", "image_paths": null, "image_credits": null, "source_doc_urls": "https://therealdeal.com/san-francisco/2023/10/29/openai-subleases-two-san-francisco-buildings-from-uber/|https://sfstandard.com/2023/10/27/openai-uber-headquarters-mission-bay/" }, "geometry": { "type": "Polygon", "coordinates": [ [ [ -122.388549144, 37.768960312 ], [ -122.388975948, 37.768934609 ], [ -122.38909248, 37.76892759 ], [ -122.389164459, 37.769680669 ], [ -122.388621117, 37.769713392 ], [ -122.388549144, 37.768960312 ] ] ] } },
{ "type": "Feature", "properties": { "project_id_drop": null, "from_address_num": null, "police_district": "BAYVIEW", "supdistpad": "06", "date_map_alt": null, "odd_even": null, "zoning_code": "MB-RA", "zoning_district": "MISSION BAY REDEVELOPMENT", "analysis_neighborhood": "Mission Bay", "centroid_longitude": "-122.38766556944378", "pw_recorded_map": true, "mapblklot": "8722025", "date_map_add": "2019-07-29T00:00:00", "data_loaded_at": "2026-06-01T10:22:55.787", "to_address_num": null, "street_name": null, "supdist": "SUPERVISORIAL DISTRICT 6", "planning_district": "South of Market", "project_id_alt": null, "date_map_drop": null, "supname": "Matt Dorsey", "street_type": null, "planning_district_number": "9", "project_id_add": "2019C8722", "centroid_latitude": "37.76797251151323", "date_rec_drop": null, "police_company": "C", "numbertext": "SIX", "supervisor_district": "6", "data_as_of": "2026-05-31T03:56:00", "block_num": "8722", "blklot": "8722063", "in_asr_secured_roll": true, "date_rec_add": "2019-07-16T00:00:00", "lot_num": "063", "active": true, "site": "Mission Bay South", "parcel_label": "8722063", "status": "complete", "use": "commercial", "notes": "Uber Mission Bay 3 & 4, 1655 & 1725 3rd St -- two 11-story, LEED Gold office towers (combined ~584,000-586,208 sq ft, sources disagree on the exact figure) developed by a joint venture of Alexandria Real Estate Equities, Uber Technologies and the Golden State Warriors, designed by SHoP Architects, completed 2021. Grouped as one record: the two towers' airspace-condo office units (blklots 8722063 for 1655 3rd and 8722087 for 1725 3rd) share one identical underlying land parcel polygon in DataSF's own parcel map (confirmed by exact geometry match), the same kind of single-underlying-parcel situation as Pier 70's historic-core grouping precedent -- not two separately mapped footprints. 1725 3rd St directly adjoins Chase Center. As of 2025 SEC filings, Uber still lists 1725 3rd St as its corporate HQ address, though a 2023 report said that specific building had never been fully staffed and was being marketed for sublease -- current occupancy is genuinely unclear and not resolved here.", "image_paths": null, "image_credits": null, "source_doc_urls": "https://www.commercialsearch.com/news/uber-jv-lands-500m-for-san-francisco-hq/|https://therealdeal.com/san-francisco/2025/02/14/warriors-uber-alexandria-bag-500m-loan-for-office-complex/|https://sfstandard.com/2023/05/18/uber-looks-to-sublease-fully-furnished-san-francisco-office-it-never-occupied/" }, "geometry": { "type": "Polygon", "coordinates": [ [ [ -122.388937931, 37.767310541 ], [ -122.389074484, 37.768739295 ], [ -122.388755248, 37.768758522 ], [ -122.388470779, 37.768775653 ], [ -122.388194798, 37.768792273 ], [ -122.387504848, 37.768833819 ], [ -122.387228867, 37.768850438 ], [ -122.386538916, 37.768891978 ], [ -122.386420072, 37.768899133 ], [ -122.386292746, 37.767566426 ], [ -122.386258187, 37.7672047 ], [ -122.386918629, 37.767164937 ], [ -122.388032874, 37.767097843 ], [ -122.388308848, 37.767081223 ], [ -122.388829196, 37.767049885 ], [ -122.388892152, 37.767046094 ], [ -122.388906263, 37.767127608 ], [ -122.388937931, 37.767310541 ] ] ] } },
{ "type": "Feature", "properties": { "project_id_drop": "2015C8711", "from_address_num": "650", "police_district": "BAYVIEW", "supdistpad": "06", "date_map_alt": null, "odd_even": "E", "zoning_code": "MB-RA", "zoning_district": "MISSION BAY REDEVELOPMENT", "analysis_neighborhood": "Mission Bay", "centroid_longitude": "-122.3928547275835", "pw_recorded_map": false, "mapblklot": "8711013", "date_map_add": "2006-05-22T00:00:00", "data_loaded_at": "2026-06-01T10:22:55.787", "to_address_num": "690", "street_name": "LONG BRIDGE", "supdist": "SUPERVISORIAL DISTRICT 6", "planning_district": "South of Market", "project_id_alt": null, "date_map_drop": null, "supname": "Matt Dorsey", "street_type": "ST", "planning_district_number": "9", "project_id_add": "2006P8711", "centroid_latitude": "37.772857798087735", "date_rec_drop": "2015-06-12T00:00:00", "police_company": "C", "numbertext": "SIX", "supervisor_district": "6", "data_as_of": "2026-05-31T03:56:00", "block_num": "8711", "blklot": "8711013", "in_asr_secured_roll": true, "date_rec_add": "2006-02-22T00:00:00", "lot_num": "013", "active": true, "site": "Mission Bay South", "parcel_label": "8711013", "status": "complete", "use": "residential", "notes": "Azure Apartments, 690 Long Bridge St -- a 16-story, 273-unit rental apartment tower (234,825 sq ft per the DataSF Assessor tax roll, which matches press reporting exactly), developed by Equity Residential with Nibbi Brothers as general contractor, architect HKS with NC2 Studio (interiors) and Cliff Lowe Associates (landscape), opened spring 2015.", "image_paths": null, "image_credits": null, "source_doc_urls": "https://www.multifamilybiz.com/pressreleases/2525/equity_residential_and_nibbi_brothers_celebrate_the|https://www.equityapartments.com/san-francisco-bay/mission-bay/azure-apartments" }, "geometry": { "type": "Polygon", "coordinates": [ [ [ -122.392174514, 37.773010037 ], [ -122.393049915, 37.77231863 ], [ -122.393456505, 37.772642985 ], [ -122.393534938, 37.772705555 ], [ -122.392659536, 37.773396966 ], [ -122.392174514, 37.773010037 ] ] ] } },
{ "type": "Feature", "properties": { "project_id_drop": null, "from_address_num": "1030", "police_district": "BAYVIEW", "supdistpad": "06", "date_map_alt": null, "odd_even": "E", "zoning_code": "MB-RA", "zoning_district": "MISSION BAY REDEVELOPMENT", "analysis_neighborhood": "Mission Bay", "centroid_longitude": "-122.3902919903187", "pw_recorded_map": true, "mapblklot": "8715008", "date_map_add": "2014-02-11T00:00:00", "data_loaded_at": "2026-06-01T10:22:55.787", "to_address_num": "1030", "street_name": "03RD", "supdist": "SUPERVISORIAL DISTRICT 6", "planning_district": "South of Market", "project_id_alt": null, "date_map_drop": null, "supname": "Matt Dorsey", "street_type": "ST", "planning_district_number": "9", "project_id_add": "23355", "centroid_latitude": "37.77483678972047", "date_rec_drop": null, "police_company": "C", "numbertext": "SIX", "supervisor_district": "6", "data_as_of": "2026-05-31T03:56:00", "block_num": "8715", "blklot": "8715008", "in_asr_secured_roll": true, "date_rec_add": "2013-12-02T00:00:00", "lot_num": "008", "active": true, "site": "Mission Bay South", "parcel_label": "8715008", "status": "complete", "use": "commercial", "notes": "LUMA Hotel San Francisco, 100 Channel St (corner of 3rd St and Channel St) -- a 299-room, 22-story independent hotel developed by Stanford Hotels Corporation, architect Hornberger + Worstell with Cole Martinez Curtis & Associates (interiors), opened June 2022 as Mission Bay's first hotel. Confirmed inside the Mission Bay South project area: this blklot's own zoning_district field in data/raw/parcels.geojson is 'MISSION BAY REDEVELOPMENT' (zoning_code MB-RA), and it sits on the Mission Bay South side of the Channel St boundary per point-in-polygon check against DataSF's official redevelopment-area layer.", "image_paths": null, "image_credits": null, "source_doc_urls": "https://www.hospitalitynet.org/announcement/41008223/luma-hotel-san-francisco-opens-in-san-francisco-californias-mission-bay-neighborhood|https://www.potreroview.net/luma-becomes-mission-bays-first-hotel/" }, "geometry": { "type": "Polygon", "coordinates": [ [ [ -122.3906439, 37.774630951 ], [ -122.390657973, 37.774778144 ], [ -122.39046332, 37.774931824 ], [ -122.390259169, 37.775093095 ], [ -122.390047371, 37.775105852 ], [ -122.390005647, 37.774669395 ], [ -122.3906439, 37.774630951 ] ] ] } },
{ "type": "Feature", "properties": { "project_id_drop": null, "from_address_num": "1600", "police_district": "BAYVIEW", "supdistpad": "06", "date_map_alt": null, "odd_even": "E", "zoning_code": "MB-RA", "zoning_district": "MISSION BAY REDEVELOPMENT", "analysis_neighborhood": "Mission Bay", "centroid_longitude": "-122.39549046303301", "pw_recorded_map": true, "mapblklot": "8709020", "date_map_add": "2010-01-12T00:00:00", "data_loaded_at": "2026-06-01T10:22:55.787", "to_address_num": "1600", "street_name": "OWENS", "supdist": "SUPERVISORIAL DISTRICT 6", "planning_district": "South of Market", "project_id_alt": null, "date_map_drop": null, "supname": "Matt Dorsey", "street_type": "ST", "planning_district_number": "9", "project_id_add": "21435", "centroid_latitude": "37.768109561008046", "date_rec_drop": null, "police_company": "C", "numbertext": "SIX", "supervisor_district": "6", "data_as_of": "2026-05-31T03:56:00", "block_num": "8709", "blklot": "8709020", "in_asr_secured_roll": true, "date_rec_add": "2009-04-08T00:00:00", "lot_num": "020", "active": true, "site": "Mission Bay South", "parcel_label": "8709020", "status": "complete", "use": "institutional", "notes": "Kaiser Permanente San Francisco Mission Bay Medical Offices, 1600 Owens St -- a 9-to-10-story outpatient medical office building (sources disagree: STUDIOS Architecture's own project page says nine stories with 220,000 sq ft; Potrero View and the DataSF Assessor tax roll both say 10 stories, tax roll property_area 250,884 sq ft, likely including garage/below-grade area; Kaiser's own reporting and Potrero View cite 200,000 sq ft) with primary care, OB/GYN, pediatrics, dermatology, orthopedics, optical and occupational health -- no emergency department. Built speculatively by developer/fee-manager Alexandria Real Estate Equities, architect STUDIOS Architecture, design-build general contractor Whiting-Turner; Kaiser Foundation Health Plan, Inc. purchased the building outright from Alexandria for approximately \u0005.2M in a sale that closed Dec 20, 2013 (Alexandria's own SEC earnings-supplemental filing), so Kaiser owns the real estate rather than leasing it. Completed 2016; opened to patients March 2016. LEED rating also disputed (STUDIOS claims Platinum; Potrero View says Gold) and left unresolved. Blklot 8709020 confirmed via DataSF's Assessor Parcels dataset and Historical Secured Property Tax Roll (property_location '1600 OWENS ST', use_code COMO/property_class OMD, year_property_built 2016); zoning_district 'MISSION BAY REDEVELOPMENT' (MB-RA) in data/raw/parcels.geojson confirms the Mission Bay South project area.", "image_paths": null, "image_credits": null, "source_doc_urls": "https://studios.com/1600-owens-kaiser-medical-office-building.html|https://www.potreroview.net/kaiser-permanente-mission-bay-medical-offices-to-open-in-march/|https://www.sec.gov/Archives/edgar/data/1035443/000103544314000075/a3q14-ex991.htm" }, "geometry": { "type": "Polygon", "coordinates": [ [ [ -122.394850866, 37.768337948 ], [ -122.395218735, 37.768047386 ], [ -122.395276808, 37.768001516 ], [ -122.395120631, 37.767876923 ], [ -122.395536625, 37.767548325 ], [ -122.396088125, 37.767988286 ], [ -122.396156463, 37.768042804 ], [ -122.396067517, 37.768113065 ], [ -122.395699002, 37.768404162 ], [ -122.395637994, 37.768355493 ], [ -122.395588947, 37.768394237 ], [ -122.39524969, 37.768662219 ], [ -122.39524329, 37.768656519 ], [ -122.395236871, 37.768650833 ], [ -122.395230432, 37.768645161 ], [ -122.395223972, 37.768639505 ], [ -122.395217492, 37.768633862 ], [ -122.395210992, 37.768628235 ], [ -122.395204473, 37.768622621 ], [ -122.395197932, 37.768617023 ], [ -122.395191373, 37.768611439 ], [ -122.395184794, 37.768605869 ], [ -122.395178194, 37.768600314 ], [ -122.395171576, 37.768594774 ], [ -122.395164937, 37.76858925 ], [ -122.395158279, 37.768583739 ], [ -122.395151601, 37.768578245 ], [ -122.395144904, 37.768572764 ], [ -122.395138187, 37.768567299 ], [ -122.395131451, 37.768561849 ], [ -122.395124696, 37.768556414 ], [ -122.395117921, 37.768550995 ], [ -122.394887482, 37.768367159 ], [ -122.394850866, 37.768337948 ] ] ] } },
{ "type": "Feature", "properties": { "project_id_drop": null, "from_address_num": "1335", "police_district": "BAYVIEW", "supdistpad": "06", "date_map_alt": null, "odd_even": "O", "zoning_code": "MB-RA", "zoning_district": "MISSION BAY REDEVELOPMENT", "analysis_neighborhood": "Mission Bay", "centroid_longitude": "-122.39061163000622", "pw_recorded_map": true, "mapblklot": "8711226", "date_map_add": "2012-10-22T00:00:00", "data_loaded_at": "2026-06-01T10:22:55.787", "to_address_num": "1385", "street_name": "04TH", "supdist": "SUPERVISORIAL DISTRICT 6", "planning_district": "South of Market", "project_id_alt": null, "date_map_drop": null, "supname": "Matt Dorsey", "street_type": "ST", "planning_district_number": "9", "project_id_add": "22855", "centroid_latitude": "37.77147184370893", "date_rec_drop": null, "police_company": "C", "numbertext": "SIX", "supervisor_district": "6", "data_as_of": "2026-05-31T03:56:00", "block_num": "8711", "blklot": "8711226", "in_asr_secured_roll": true, "date_rec_add": "2012-09-27T00:00:00", "lot_num": "226", "active": true, "site": "Mission Bay South", "parcel_label": "8711226", "status": "complete", "use": "residential", "notes": "Five88 (Mission Bay South Block 7 West), 588 Mission Bay Blvd North -- 200 affordable apartments (198 affordable plus a manager's unit), a four-story, ~230,000 sq ft mixed-use development with over 10,000 sq ft of ground-floor retail, 52 parking spaces and 306 bike spaces. Developed by Related California in partnership with Chinatown Community Development Center; architect David Baker + Partners. Targets households averaging up to 60% of Area Median Income, with 50 of the 200 units reserved with a preference for university/healthcare employees. Groundbreaking reported April 2015 with occupancy targeted for September 2016 (SocketSite); DataSF's Assessor tax roll lists blklot 8711226 as 'Multi-Family Residential' with no year_property_built recorded. Explicitly identified as 'Block 7 West' in SocketSite's own January 2015 coverage, which is how this record was matched to the plan's '7W' label after the plan-to-real-world transform's own error put that label's raw position on the wrong side of 4th St (see changelog). DataSF's Building Footprints layer records no footprint of its own for this parcel (the one fragment intersecting it, mblr SF8711227, actually belongs to the neighboring Family House parcel at their shared boundary) -- confirmed visually against satellite imagery -- so this record uses the real Assessor parcel boundary directly, the same treatment as Mission Bay Block 6 East on this same block face.", "image_paths": null, "image_credits": null, "source_doc_urls": "https://socketsite.com/archives/2015/01/affordable-200-unit-mission-bay-building-slated-break-ground.html|https://www.five88sf.com/|https://data.sf.gov/resource/wv5m-vpq2.json" }, "geometry": { "type": "Polygon", "coordinates": [ [ [ -122.390068505, 37.771125857 ], [ -122.39035918, 37.771108347 ], [ -122.390560764, 37.771096205 ], [ -122.391082761, 37.771064759 ], [ -122.39115476, 37.771817829 ], [ -122.390632759, 37.771849274 ], [ -122.390140494, 37.771878926 ], [ -122.390068505, 37.771125857 ] ] ] } },
{ "type": "Feature", "properties": { "project_id_drop": null, "from_address_num": null, "police_district": "BAYVIEW", "supdistpad": "06", "date_map_alt": null, "odd_even": null, "zoning_code": "MB-RA", "zoning_district": "MISSION BAY REDEVELOPMENT", "analysis_neighborhood": "Mission Bay", "centroid_longitude": "-122.39177164677766", "pw_recorded_map": true, "mapblklot": "8711505", "date_map_add": "2019-03-13T00:00:00", "data_loaded_at": "2026-06-01T10:22:55.787", "to_address_num": null, "street_name": null, "supdist": "SUPERVISORIAL DISTRICT 6", "planning_district": "South of Market", "project_id_alt": null, "date_map_drop": null, "supname": "Matt Dorsey", "street_type": null, "planning_district_number": "9", "project_id_add": "25084", "centroid_latitude": "37.771401960416085", "date_rec_drop": null, "police_company": "C", "numbertext": "SIX", "supervisor_district": "6", "data_as_of": "2026-05-31T03:56:00", "block_num": "8711", "blklot": "8711505", "in_asr_secured_roll": true, "date_rec_add": "2019-02-26T00:00:00", "lot_num": "505", "active": true, "site": "Mission Bay South", "parcel_label": "8711505", "status": "complete", "use": "residential", "notes": "1300 Fourth Street (Mission Bay South Block 6 East) -- 142 affordable apartments plus a manager's unit, developed by Tenderloin Neighborhood Development Corporation (TNDC), designed by Mithun Solomon and Studio VARA, ~$76M cost. Serves households up to 50% of Area Median Income, with 20% of units reserved for formerly homeless families; includes a mid-block mews with 12 townhomes and 10 flats over up to seven ground-floor commercial spaces fronting 4th St. Groundbreaking was reported late September 2016 with an expected ~2-year construction timeline (SocketSite); DataSF's Assessor tax roll lists blklot 8711505 as 'Multi-Family Residential' with no year_property_built recorded. Also referenced administratively as 626 Mission Bay Blvd for its separate ground-floor retail portion (blklot 8711506, not part of this parcel). DataSF's own Building Footprints layer only captures small fragments of this building's roof (a handful of sub-100 sq m slivers totaling well under the real footprint) rather than its full mass, confirmed visually against satellite imagery -- so this record uses the real Assessor parcel boundary (a single-building, single-parcel site) rather than the incomplete building-footprint layer, consistent with how every other real-parcel record here is drawn.", "image_paths": null, "image_credits": null, "source_doc_urls": "https://socketsite.com/archives/2016/08/affordable-mission-bay-development-about-to-break-ground.html|https://data.sf.gov/resource/wv5m-vpq2.json" }, "geometry": { "type": "Polygon", "coordinates": [ [ [ -122.391338911, 37.771049328 ], [ -122.391606416, 37.771033212 ], [ -122.391980776, 37.771010657 ], [ -122.392132376, 37.771001523 ], [ -122.392204386, 37.771754592 ], [ -122.391410914, 37.771802397 ], [ -122.391338911, 37.771049328 ] ] ] } },
{ "type": "Feature", "properties": { "project_id_drop": null, "from_address_num": "960", "police_district": "SOUTHERN", "supdistpad": "06", "date_map_alt": null, "odd_even": "E", "zoning_code": "MB-RA", "zoning_district": "MISSION BAY REDEVELOPMENT", "analysis_neighborhood": "Mission Bay", "centroid_longitude": "-122.39342918300328", "pw_recorded_map": true, "mapblklot": "8708109", "date_map_add": "2004-01-05T00:00:00", "data_loaded_at": "2026-06-01T10:22:55.787", "to_address_num": "960", "street_name": "04TH", "supdist": "SUPERVISORIAL DISTRICT 6", "planning_district": "South of Market", "project_id_alt": null, "date_map_drop": null, "supname": "Matt Dorsey", "street_type": "ST", "planning_district_number": "9", "project_id_add": "18497", "centroid_latitude": "37.77522134703295", "date_rec_drop": null, "police_company": "B", "numbertext": "SIX", "supervisor_district": "6", "data_as_of": "2026-05-31T03:56:00", "block_num": "8708", "blklot": "8708110", "in_asr_secured_roll": true, "date_rec_add": "2003-12-15T00:00:00", "lot_num": "110", "active": true, "site": "Mission Bay North", "parcel_label": "8708110", "status": "complete", "use": "institutional", "notes": "Mission Bay Branch Library, 960 4th St -- San Francisco Public Library branch, 7,499 sq ft, single story, built 2005 (DataSF Assessor Historical Secured Property Tax Roll: property_class_code_definition 'LIBRARY', year_property_built 2005). Blklot 8708110 confirmed against data/raw/parcels.geojson (from_address_num 960, street 04TH ST); the Assessor tax roll's own property_location field for this blklot reads '201 BERRY ST', a stale corner-frontage address rather than the library's current 4th St mailing address, the same kind of discrepancy already documented for The Exchange on 16th.", "image_paths": null, "image_credits": null, "source_doc_urls": "https://data.sf.gov/resource/wv5m-vpq2.json|https://sfpl.org/locations/mission-bay/mission-bay-library-history" }, "geometry": { "type": "Polygon", "coordinates": [ [ [ -122.393504091, 37.774813752 ], [ -122.393947034, 37.775167094 ], [ -122.393380588, 37.775614475 ], [ -122.393377008, 37.775611492 ], [ -122.393115921, 37.775451501 ], [ -122.392907312, 37.77528509 ], [ -122.392993155, 37.775217291 ], [ -122.393504091, 37.774813752 ] ] ] } },
{ "type": "Feature", "properties": { "project_id_drop": null, "from_address_num": "455", "police_district": "SOUTHERN", "supdistpad": "06", "date_map_alt": null, "odd_even": "O", "zoning_code": "MB-RA", "zoning_district": "MISSION BAY REDEVELOPMENT", "analysis_neighborhood": "Mission Bay", "centroid_longitude": "-122.39877367514828", "pw_recorded_map": true, "mapblklot": "3806006", "date_map_add": "1998-07-01T00:00:00", "data_loaded_at": "2026-06-01T10:22:55.787", "to_address_num": "455", "street_name": "BERRY", "supdist": "SUPERVISORIAL DISTRICT 6", "planning_district": "South of Market", "project_id_alt": null, "date_map_drop": null, "supname": "Matt Dorsey", "street_type": "ST", "planning_district_number": "9", "project_id_add": "ORIG_BASEMAP", "centroid_latitude": "37.77064762683849", "date_rec_drop": null, "police_company": "B", "numbertext": "SIX", "supervisor_district": "6", "data_as_of": "2026-05-31T03:54:00", "block_num": "3806", "blklot": "3806006", "in_asr_secured_roll": true, "date_rec_add": null, "lot_num": "006", "active": true, "site": "Mission Bay South", "parcel_label": "3806006", "status": "existing", "use": "institutional", "notes": "Channel Pump Station, 455 Berry St -- an above-grade SFPUC wastewater/stormwater pump station between 6th and 7th Streets, built 1979 and upgraded 2010, with a pumping capacity of 103 million gallons per day (the largest of the city's five combined-sewer pump stations), operating continuously in both dry and wet weather; conveys flows through the Channel force main to the Southeast Treatment Plant. Its distinctive round architectural form (metal I-beam frame, ceramic tile and channel-glass walls under a butterfly roof) was noted in press coverage for its design. Identified by the owner while reviewing the tracker's remaining open plan labels -- OCII's own Dec 2019 Land Use Map marks this site 'X1' in its gray/non-developable category; this session had previously left X1 with no record after an unrelated street-cluster mislabeling. DataSF Assessor confirms blklot 3806006 as 'Industrial Gov Mixed/Other Use' at this address. Status 'existing' (not touched by Mission Bay's redevelopment, staying as-is) per this project's own convention for pre-existing infrastructure untouched by redevelopment (e.g. UCSF's own Utilities Plant, Pier 70's Building 21).", "image_paths": null, "image_credits": null, "source_doc_urls": "https://data.sf.gov/resource/wv5m-vpq2.json?parcel_number=3806006|https://www.sfchronicle.com/bayarea/article/A-Mission-Bay-pump-station-delivers-chic-design-6587800.php" }, "geometry": { "type": "Polygon", "coordinates": [ [ [ -122.398504212, 37.769856941 ], [ -122.398515365, 37.76985551 ], [ -122.399104581, 37.770325514 ], [ -122.399142903, 37.77056089 ], [ -122.399422454, 37.77077642 ], [ -122.399411836, 37.770844736 ], [ -122.398780664, 37.771343325 ], [ -122.398198614, 37.770879042 ], [ -122.398500544, 37.770640538 ], [ -122.398332349, 37.769992703 ], [ -122.398504212, 37.769856941 ] ] ] } },
{ "type": "Feature", "properties": { "project_id_drop": null, "from_address_num": "1450", "police_district": "BAYVIEW", "supdistpad": "06", "date_map_alt": null, "odd_even": "E", "zoning_code": "MB-RA", "zoning_district": "MISSION BAY REDEVELOPMENT", "analysis_neighborhood": "Mission Bay", "centroid_longitude": "-122.39644526666316", "pw_recorded_map": true, "mapblklot": "8709017", "date_map_add": "2010-01-12T00:00:00", "data_loaded_at": "2026-06-01T10:22:55.787", "to_address_num": "1450", "street_name": "OWENS", "supdist": "SUPERVISORIAL DISTRICT 6", "planning_district": "South of Market", "project_id_alt": null, "date_map_drop": null, "supname": "Matt Dorsey", "street_type": "ST", "planning_district_number": "9", "project_id_add": "21435", "centroid_latitude": "37.76921642926987", "date_rec_drop": null, "police_company": "C", "numbertext": "SIX", "supervisor_district": "6", "data_as_of": "2026-05-31T03:56:00", "block_num": "8709", "blklot": "8709017", "in_asr_secured_roll": true, "date_rec_add": "2009-04-08T00:00:00", "lot_num": "017", "active": true, "site": "Mission Bay South", "parcel_label": "8709017", "status": "complete", "use": "institutional", "notes": "1450 Owens Street -- a 7-story, ~1-acre laboratory/office building at the Alexandria Center for Science and Technology's Mission Bay Megacampus, completed/came online 2024 (133,000 sq ft lab space, ~50,000 sq ft office, 2,600 sq ft ground-level retail per Commercial Property Executive/EurekAlert coverage of the building). Owner-identified while reviewing the numbered real-gap-fragment map for this session's positioning check. Gladstone Institutes (whose own separate headquarters at 1650 Owens St, blklot 8709008, is already tracked) signed a 105,000+ sq ft lease here in 2024 for its data science and genomic immunology institutes, per Gladstone's own press release and multiple real-estate trade press reports -- this record tracks the real Alexandria-owned building/parcel, not a separate Gladstone-owned site. DataSF Assessor confirms blklot 8709017 at 1450 Owens St; the DataSF Building Footprints layer only captures small roof fragments (~688 sq m total) of this real ~4,607 sq m parcel, so this record uses the real Assessor parcel boundary directly, consistent with how this project handles other footprint-layer gaps (e.g. 1300 Fourth Street, Block 6E).", "image_paths": null, "image_credits": null, "source_doc_urls": "https://gladstone.org/news/gladstone-expands-research-footprint-105000-square-feet-new-laboratory-space|https://www.bisnow.com/san-francisco/news/life-sciences/gladstone-institutes-leases-105k-sf-mission-bay-133827|https://data.sf.gov/resource/wv5m-vpq2.json" }, "geometry": { "type": "Polygon", "coordinates": [ [ [ -122.396735064, 37.768827542 ], [ -122.396740019, 37.768834782 ], [ -122.39674495, 37.768842031 ], [ -122.396749857, 37.768849291 ], [ -122.396754741, 37.768856561 ], [ -122.3967596, 37.768863842 ], [ -122.396764436, 37.768871131 ], [ -122.396769246, 37.768878432 ], [ -122.396774034, 37.768885742 ], [ -122.396778798, 37.768893062 ], [ -122.396783537, 37.768900392 ], [ -122.396788254, 37.768907731 ], [ -122.396792945, 37.768915081 ], [ -122.396797612, 37.76892244 ], [ -122.396802256, 37.768929808 ], [ -122.396806874, 37.768937187 ], [ -122.396811469, 37.768944574 ], [ -122.39681604, 37.768951971 ], [ -122.396820586, 37.768959378 ], [ -122.396825108, 37.768966794 ], [ -122.396829605, 37.768974219 ], [ -122.396834078, 37.768981654 ], [ -122.396838527, 37.768989097 ], [ -122.396842952, 37.76899655 ], [ -122.396847352, 37.769004013 ], [ -122.396851727, 37.769011484 ], [ -122.396856078, 37.769018964 ], [ -122.396860404, 37.769026453 ], [ -122.396864707, 37.769033951 ], [ -122.396868983, 37.769041458 ], [ -122.396873236, 37.769048973 ], [ -122.396877464, 37.769056498 ], [ -122.396881667, 37.769064031 ], [ -122.396885845, 37.769071573 ], [ -122.396889999, 37.769079124 ], [ -122.396894128, 37.769086683 ], [ -122.396898232, 37.76909425 ], [ -122.396902312, 37.769101827 ], [ -122.396906366, 37.769109411 ], [ -122.396910396, 37.769117004 ], [ -122.3969144, 37.769124605 ], [ -122.396918379, 37.769132214 ], [ -122.396922334, 37.769139831 ], [ -122.396926264, 37.769147457 ], [ -122.396930169, 37.769155091 ], [ -122.396934048, 37.769162733 ], [ -122.396937902, 37.769170382 ], [ -122.396941732, 37.769178041 ], [ -122.396945536, 37.769185706 ], [ -122.396949315, 37.76919338 ], [ -122.396953069, 37.769201061 ], [ -122.396956798, 37.76920875 ], [ -122.396960501, 37.769216447 ], [ -122.396964179, 37.769224151 ], [ -122.396967832, 37.769231863 ], [ -122.39697146, 37.769239582 ], [ -122.396975062, 37.76924731 ], [ -122.39697864, 37.769255044 ], [ -122.396982191, 37.769262785 ], [ -122.396985716, 37.769270534 ], [ -122.396989217, 37.769278291 ], [ -122.396992693, 37.769286054 ], [ -122.396996143, 37.769293824 ], [ -122.396999567, 37.769301602 ], [ -122.397002966, 37.769309387 ], [ -122.397006339, 37.769317178 ], [ -122.397009687, 37.769324978 ], [ -122.397013008, 37.769332783 ], [ -122.397016305, 37.769340596 ], [ -122.397019576, 37.769348415 ], [ -122.397022821, 37.76935624 ], [ -122.39702604, 37.769364073 ], [ -122.397029234, 37.769371913 ], [ -122.397032402, 37.769379758 ], [ -122.397035544, 37.769387611 ], [ -122.397038661, 37.769395469 ], [ -122.396274542, 37.76944154 ], [ -122.395956896, 37.769460689 ], [ -122.3958722, 37.769465795 ], [ -122.395868646, 37.769458681 ], [ -122.395865066, 37.769451575 ], [ -122.395861461, 37.769444478 ], [ -122.395857831, 37.769437388 ], [ -122.395854175, 37.769430306 ], [ -122.395850495, 37.769423233 ], [ -122.395846789, 37.769416168 ], [ -122.395843058, 37.769409111 ], [ -122.395839302, 37.769402062 ], [ -122.39583552, 37.769395023 ], [ -122.395831714, 37.769387991 ], [ -122.395827883, 37.769380968 ], [ -122.395824026, 37.769373954 ], [ -122.395820144, 37.769366948 ], [ -122.395816238, 37.769359952 ], [ -122.395812307, 37.769352964 ], [ -122.395808352, 37.769345985 ], [ -122.39580437, 37.769339015 ], [ -122.395800565, 37.769332402 ], [ -122.395796739, 37.769325798 ], [ -122.39579289, 37.769319201 ], [ -122.395789018, 37.769312614 ], [ -122.395785124, 37.769306033 ], [ -122.395781209, 37.769299463 ], [ -122.395777271, 37.769292899 ], [ -122.395773311, 37.769286345 ], [ -122.395769328, 37.769279799 ], [ -122.395765324, 37.769273261 ], [ -122.395761297, 37.769266733 ], [ -122.396349885, 37.769001267 ], [ -122.396735064, 37.768827542 ] ] ] } },
{ "type": "Feature", "properties": { "project_id_drop": null, "from_address_num": "1470", "police_district": "BAYVIEW", "supdistpad": "06", "date_map_alt": null, "odd_even": "E", "zoning_code": "MB-RA", "zoning_district": "MISSION BAY REDEVELOPMENT", "analysis_neighborhood": "Mission Bay", "centroid_longitude": "-122.39619362833793", "pw_recorded_map": true, "mapblklot": "8709019", "date_map_add": "2010-01-12T00:00:00", "data_loaded_at": "2026-06-01T10:22:55.787", "to_address_num": "1470", "street_name": "OWENS", "supdist": "SUPERVISORIAL DISTRICT 6", "planning_district": "South of Market", "project_id_alt": null, "date_map_drop": null, "supname": "Matt Dorsey", "street_type": "ST", "planning_district_number": "9", "project_id_add": "21435", "centroid_latitude": "37.768570341413024", "date_rec_drop": null, "police_company": "C", "numbertext": "SIX", "supervisor_district": "6", "data_as_of": "2026-05-31T03:56:00", "block_num": "8709", "blklot": "8709019", "in_asr_secured_roll": true, "date_rec_add": "2009-04-08T00:00:00", "lot_num": "019", "active": true, "site": "Mission Bay South", "parcel_label": "8709019", "status": "complete", "use": "institutional", "notes": "1470 Owens Street -- a UCSF parking structure serving multiple UCSF Mission Bay life-science buildings and the adjacent Kaiser Permanente Mission Bay Medical Offices (1600 Owens St), designed by WRNS Studio; garage entrance on Nelson Rising Lane off Owens St. Features a green-wall security screen and 25 EV charging spaces (per the structural engineer's own project page and ParkChirp's facility listing). Owner-identified while reviewing the numbered real-gap-fragment map for this session's positioning check. DataSF Assessor confirms blklot 8709019 at 1470 Owens St; this record uses the real Assessor parcel boundary (the DataSF Building Footprints layer has no captured footprint at all for this parcel, likely a parking-structure gap in that dataset).", "image_paths": null, "image_credits": null, "source_doc_urls": "https://watrydesign.com/project/1470-owens-parking-structure|https://parkchirp.com/facilities/1470-owens-parking/|https://data.sf.gov/resource/wv5m-vpq2.json" }, "geometry": { "type": "Polygon", "coordinates": [ [ [ -122.395588947, 37.768394237 ], [ -122.395637994, 37.768355493 ], [ -122.395699002, 37.768404162 ], [ -122.396067517, 37.768113065 ], [ -122.396154481, 37.76818733 ], [ -122.396161611, 37.768193434 ], [ -122.396168721, 37.768199555 ], [ -122.396175811, 37.76820569 ], [ -122.396182881, 37.768211838 ], [ -122.396189929, 37.768218003 ], [ -122.396196958, 37.768224182 ], [ -122.396203966, 37.768230376 ], [ -122.396210954, 37.768236584 ], [ -122.396217921, 37.768242807 ], [ -122.396224868, 37.768249044 ], [ -122.396231793, 37.768255296 ], [ -122.396238697, 37.768261563 ], [ -122.396245582, 37.768267843 ], [ -122.396252445, 37.768274138 ], [ -122.396259287, 37.768280447 ], [ -122.39626611, 37.768286771 ], [ -122.396272909, 37.768293109 ], [ -122.396279689, 37.768299461 ], [ -122.396286446, 37.768305827 ], [ -122.396293185, 37.768312207 ], [ -122.396299901, 37.768318602 ], [ -122.396306595, 37.768325011 ], [ -122.396313268, 37.768331433 ], [ -122.396319921, 37.768337868 ], [ -122.396326552, 37.768344319 ], [ -122.396333161, 37.768350783 ], [ -122.39633975, 37.768357261 ], [ -122.396346316, 37.768363752 ], [ -122.396352862, 37.768370257 ], [ -122.396359384, 37.768376776 ], [ -122.396365886, 37.768383308 ], [ -122.396372366, 37.768389854 ], [ -122.396378825, 37.768396414 ], [ -122.396385261, 37.768402987 ], [ -122.396391676, 37.768409573 ], [ -122.396398069, 37.768416173 ], [ -122.39640444, 37.768422785 ], [ -122.39641079, 37.768429412 ], [ -122.396417117, 37.768436052 ], [ -122.396423422, 37.768442704 ], [ -122.396429705, 37.76844937 ], [ -122.396435966, 37.768456049 ], [ -122.396442205, 37.768462742 ], [ -122.396448421, 37.768469447 ], [ -122.396454616, 37.768476165 ], [ -122.396460787, 37.768482896 ], [ -122.396466937, 37.76848964 ], [ -122.396473065, 37.768496397 ], [ -122.39647917, 37.768503166 ], [ -122.396485252, 37.768509948 ], [ -122.396491312, 37.768516743 ], [ -122.39649735, 37.76852355 ], [ -122.396503365, 37.768530371 ], [ -122.396509356, 37.768537203 ], [ -122.396515326, 37.768544048 ], [ -122.396521273, 37.768550905 ], [ -122.396527197, 37.768557775 ], [ -122.396533098, 37.768564657 ], [ -122.396538977, 37.768571552 ], [ -122.396544833, 37.768578459 ], [ -122.396550666, 37.768585378 ], [ -122.396556475, 37.768592309 ], [ -122.396562261, 37.768599253 ], [ -122.396568026, 37.768606207 ], [ -122.396573767, 37.768613175 ], [ -122.396579484, 37.768620154 ], [ -122.396585178, 37.768627146 ], [ -122.396590849, 37.768634149 ], [ -122.396596497, 37.768641163 ], [ -122.396602122, 37.768648191 ], [ -122.396607723, 37.768655229 ], [ -122.396613301, 37.768662279 ], [ -122.396618856, 37.768669341 ], [ -122.396624387, 37.768676414 ], [ -122.396629895, 37.768683499 ], [ -122.396635379, 37.768690596 ], [ -122.39664084, 37.768697703 ], [ -122.396646277, 37.768704823 ], [ -122.39665169, 37.768711953 ], [ -122.39665708, 37.768719094 ], [ -122.396662446, 37.768726247 ], [ -122.396667789, 37.768733412 ], [ -122.396673107, 37.768740587 ], [ -122.396678402, 37.768747774 ], [ -122.396683673, 37.768754971 ], [ -122.39668892, 37.768762179 ], [ -122.396694144, 37.768769399 ], [ -122.396699342, 37.768776629 ], [ -122.396704518, 37.76878387 ], [ -122.39670967, 37.768791122 ], [ -122.396714797, 37.768798385 ], [ -122.3967199, 37.768805658 ], [ -122.396724979, 37.768812942 ], [ -122.396730034, 37.768820236 ], [ -122.396735064, 37.768827542 ], [ -122.396349885, 37.769001267 ], [ -122.395588947, 37.768394237 ] ] ] } },
{ "type": "Feature", "properties": { "project_id_drop": null, "from_address_num": "360", "police_district": "SOUTHERN", "supdistpad": "06", "date_map_alt": null, "odd_even": "E", "zoning_code": "MB-RA", "zoning_district": "MISSION BAY REDEVELOPMENT", "analysis_neighborhood": "Mission Bay", "centroid_longitude": "-122.39726333078325", "pw_recorded_map": true, "mapblklot": "8704004", "date_map_add": "2005-12-20T00:00:00", "data_loaded_at": "2026-06-01T10:22:55.787", "to_address_num": "360", "street_name": "BERRY", "supdist": "SUPERVISORIAL DISTRICT 6", "planning_district": "South of Market", "project_id_alt": null, "date_map_drop": null, "supname": "Matt Dorsey", "street_type": "ST", "planning_district_number": "9", "project_id_add": "2005P8704", "centroid_latitude": "37.773034480912635", "date_rec_drop": null, "police_company": "B", "numbertext": "SIX", "supervisor_district": "6", "data_as_of": "2026-05-31T03:56:00", "block_num": "8704", "blklot": "8704004", "in_asr_secured_roll": true, "date_rec_add": "2005-11-10T00:00:00", "lot_num": "004", "active": true, "site": "Mission Bay North", "parcel_label": "8704004", "status": "complete", "use": "residential", "notes": "Mission Bay by Windsor, 360 Berry St -- apartment community (1-2 bed/1-2 bath units per current listings). Real, distinct parcel from the already-tracked Edgewater (355 Berry St, blklot 8707003) -- a 2026-09-19 pass had concluded these were the same building (a 99.6% footprint-overlap check against the wrong candidate geometry) and folded Windsor's real extent into Edgewater's own record as an unexplained 'open-land strip' near I-280; the owner corrected this directly (they are two separate condo complexes) and the real DataSF Assessor parcel boundary confirms it: blklot 8704004 at 360 Berry St, 96.7% overlapping the very shape wrongly parked under Edgewater. Uses the real Assessor parcel boundary rather than an OSM footprint since no distinct OSM way was found for it in this pass.", "image_paths": null, "image_credits": null, "source_doc_urls": "https://www.apartments.com/mission-bay-by-windsor-apartments-san-francisco-ca/923ywp4/|https://data.sf.gov/resource/wv5m-vpq2.json" }, "geometry": { "type": "Polygon", "coordinates": [ [ [ -122.397679701, 37.772463869 ], [ -122.397723047, 37.772498445 ], [ -122.397721417, 37.772505465 ], [ -122.397719762, 37.77251248 ], [ -122.397718079, 37.772519492 ], [ -122.39771637, 37.772526499 ], [ -122.397714635, 37.772533502 ], [ -122.397712871, 37.772540502 ], [ -122.397711081, 37.772547496 ], [ -122.397709265, 37.772554487 ], [ -122.397707421, 37.772561472 ], [ -122.397705552, 37.772568454 ], [ -122.397703654, 37.772575431 ], [ -122.39770173, 37.772582404 ], [ -122.39769978, 37.772589372 ], [ -122.397697803, 37.772596335 ], [ -122.397695799, 37.772603293 ], [ -122.397693768, 37.772610246 ], [ -122.397691711, 37.772617194 ], [ -122.397689627, 37.772624138 ], [ -122.397687517, 37.772631076 ], [ -122.39768538, 37.772638009 ], [ -122.397683216, 37.772644938 ], [ -122.397681026, 37.77265186 ], [ -122.397678809, 37.772658777 ], [ -122.397676566, 37.77266569 ], [ -122.397674296, 37.772672596 ], [ -122.397672001, 37.772679497 ], [ -122.397669678, 37.772686392 ], [ -122.397667329, 37.772693282 ], [ -122.397664954, 37.772700166 ], [ -122.397662551, 37.772707045 ], [ -122.397660123, 37.772713917 ], [ -122.397657668, 37.772720784 ], [ -122.397655188, 37.772727644 ], [ -122.397652681, 37.772734499 ], [ -122.397650147, 37.772741347 ], [ -122.397647587, 37.77274819 ], [ -122.397645002, 37.772755026 ], [ -122.397642389, 37.772761856 ], [ -122.397639751, 37.772768679 ], [ -122.397637087, 37.772775496 ], [ -122.397634396, 37.772782307 ], [ -122.397631679, 37.772789112 ], [ -122.397628936, 37.772795909 ], [ -122.397626168, 37.7728027 ], [ -122.397623374, 37.772809484 ], [ -122.397620552, 37.772816261 ], [ -122.397617706, 37.772823032 ], [ -122.397614832, 37.772829795 ], [ -122.397611934, 37.772836552 ], [ -122.39760901, 37.772843301 ], [ -122.397606059, 37.772850044 ], [ -122.397603083, 37.772856779 ], [ -122.39760008, 37.772863507 ], [ -122.397597053, 37.772870228 ], [ -122.397594, 37.772876942 ], [ -122.397590919, 37.772883648 ], [ -122.397587815, 37.772890347 ], [ -122.397584684, 37.772897038 ], [ -122.397581529, 37.772903721 ], [ -122.397578345, 37.772910397 ], [ -122.397575138, 37.772917065 ], [ -122.397571906, 37.772923726 ], [ -122.397568647, 37.772930378 ], [ -122.397565363, 37.772937023 ], [ -122.397562054, 37.772943659 ], [ -122.397558718, 37.772950287 ], [ -122.397555357, 37.772956909 ], [ -122.397551972, 37.77296352 ], [ -122.39754856, 37.772970124 ], [ -122.397545124, 37.772976721 ], [ -122.397541663, 37.772983308 ], [ -122.397538176, 37.772989888 ], [ -122.397534663, 37.772996458 ], [ -122.397531126, 37.77300302 ], [ -122.397527564, 37.773009574 ], [ -122.397523975, 37.773016119 ], [ -122.397520363, 37.773022655 ], [ -122.397516726, 37.773029182 ], [ -122.397513063, 37.773035701 ], [ -122.397509375, 37.773042212 ], [ -122.397505663, 37.773048712 ], [ -122.397501925, 37.773055203 ], [ -122.397498162, 37.773061687 ], [ -122.397494376, 37.773068161 ], [ -122.397490564, 37.773074625 ], [ -122.397486726, 37.77308108 ], [ -122.397482865, 37.773087526 ], [ -122.397478979, 37.773093963 ], [ -122.397475068, 37.77310039 ], [ -122.397471132, 37.773106808 ], [ -122.397467171, 37.773113216 ], [ -122.397463187, 37.773119615 ], [ -122.397459178, 37.773126003 ], [ -122.397455145, 37.773132383 ], [ -122.397451086, 37.773138752 ], [ -122.397447003, 37.773145112 ], [ -122.397442897, 37.773151461 ], [ -122.397438765, 37.773157801 ], [ -122.39743461, 37.773164132 ], [ -122.39743043, 37.773170451 ], [ -122.397426225, 37.77317676 ], [ -122.397421997, 37.77318306 ], [ -122.397417746, 37.773189349 ], [ -122.397413469, 37.773195628 ], [ -122.397409168, 37.773201896 ], [ -122.397404844, 37.773208155 ], [ -122.397400496, 37.773214402 ], [ -122.397396123, 37.773220639 ], [ -122.397391727, 37.773226865 ], [ -122.397387307, 37.773233081 ], [ -122.397382862, 37.773239286 ], [ -122.397378395, 37.77324548 ], [ -122.397373903, 37.773251664 ], [ -122.397369388, 37.773257837 ], [ -122.397364849, 37.773263999 ], [ -122.397360286, 37.773270149 ], [ -122.397355701, 37.773276289 ], [ -122.397351092, 37.773282417 ], [ -122.397346458, 37.773288534 ], [ -122.397341801, 37.77329464 ], [ -122.397337122, 37.773300736 ], [ -122.397332419, 37.773306819 ], [ -122.397327692, 37.773312891 ], [ -122.397322943, 37.773318951 ], [ -122.39731817, 37.773325001 ], [ -122.397313374, 37.773331038 ], [ -122.397308554, 37.773337065 ], [ -122.397303712, 37.773343079 ], [ -122.397298847, 37.773349082 ], [ -122.397293958, 37.773355073 ], [ -122.397289047, 37.773361052 ], [ -122.397284113, 37.773367019 ], [ -122.397279156, 37.773372974 ], [ -122.397274176, 37.773378917 ], [ -122.397269173, 37.773384848 ], [ -122.397264148, 37.773390767 ], [ -122.3972591, 37.773396674 ], [ -122.397254029, 37.773402568 ], [ -122.397248936, 37.77340845 ], [ -122.397243821, 37.77341432 ], [ -122.397238682, 37.773420178 ], [ -122.397233521, 37.773426024 ], [ -122.397228338, 37.773431856 ], [ -122.397223133, 37.773437677 ], [ -122.397217905, 37.773443484 ], [ -122.397212655, 37.773449278 ], [ -122.397207383, 37.77345506 ], [ -122.397202089, 37.77346083 ], [ -122.397196772, 37.773466586 ], [ -122.397191434, 37.77347233 ], [ -122.397186073, 37.773478061 ], [ -122.397180691, 37.773483779 ], [ -122.397175287, 37.773489483 ], [ -122.39716986, 37.773495175 ], [ -122.397164412, 37.773500854 ], [ -122.397158942, 37.773506519 ], [ -122.397153451, 37.773512171 ], [ -122.397147938, 37.77351781 ], [ -122.396748644, 37.773199304 ], [ -122.397679701, 37.772463869 ] ] ] } }
]
}
